image_id,attractiveness_mean,identity_group,body_id,head_id,variant,label_sex,demographic_code,filename,timestamp,outcome,refusal,cause,pose_warning,sil_retry,routing,skin_frac,framing,person_frac,override,gate_band,gate_tilt,gate_yaw,skel_symmetry,model_raw,geom_bp_m,geom_cv_m,geom_bp_f,geom_cv_f,geom_cues,bp,bp_band,cv,cv_band,sex,sex_conf,sex_source,reliability,tier0_ffmi,tier0_bf,crosscheck
AF200-BF4,42.0769230769231,WF101,BF4,AF200,headswap,f,B,AF200-BF4.png,,scored,,,,0,clothed→model,0%,full,0.776,,pass,0.0153,5.3,0.0197,36.171,12.43,16.55,37.48,30.10,whr+vTaper+shoulderHip+legTorso+symmetry,7.01,6.44–8.13,7.01,6.44–8.13,f,,guess,"an arm is by your waist, which can widen the silhouette — stand with arms slightly out",,,
AF200-BF59,41.3333333333333,WF101,BF59,AF200,headswap,f,B,AF200-BF59.png,,scored,,waist-occluded,,0,bare→geometry,99%,full,0.793,outline,pass,0.0702,7.9,0.0969,,55.25,53.58,55.25,53.58,legTorso+symmetry,6.10–6.10,4.83–10.00,6.10–6.10,4.83–10.00,unknown,,unknown,"an arm covered part of your waist or hips, so that cue was skipped — arms a few inches out reads the full frame",,,
AF200-WF101,51,WF101,WF101,AF200,headswap,f,W,AF200-WF101.png,,scored,,,,0,clothed→model,0%,full,0.781,,pass,0.0448,5.9,0.0762,37.674,22.00,28.60,34.35,33.30,whr+vTaper+shoulderHip+legTorso+symmetry,7.12,6.52–8.58,7.12,6.52–8.58,f,,guess,"an arm is by your waist, which can widen the silhouette — stand with arms slightly out",,,
AF203-WF112,51.5454545454545,WF36,WF112,AF203,headswap,f,W,AF203-WF112.png,,scored,,waist-occluded,,0,clothed→model,1%,full,0.813,,pass,0.0640,30.1,0.0773,44.254,41.99,52.81,91.23,84.90,shoulderHip+legTorso+symmetry,7.94,6.95–10.00,7.94,6.95–10.00,f,99%,model,"an arm covered part of your waist or hips, so that cue was skipped — arms a few inches out reads the full frame",,,
AF203-WF18,37.4444444444444,WF36,WF18,AF203,headswap,f,W,AF203-WF18.png,,scored,,,,0,clothed→model,0%,full,0.851,,pass,0.0096,24.1,0.0169,36.832,20.42,27.90,26.77,27.43,whr+vTaper+shoulderHip+legTorso+symmetry,7.08,6.49–8.39,7.08,6.49–8.39,f,89%,model,,,,
AF203-WF28,47.3333333333333,WF36,WF28,AF203,headswap,f,W,AF203-WF28.png,,scored,,waist-occluded,,0,clothed→model,1%,full,0.730,,pass,0.0170,2.6,0.0128,45.576,29.59,37.40,60.50,57.55,shoulderHip+legTorso+symmetry,8.12,7.01–10.00,8.12,7.01–10.00,f,,guess,"an arm covered part of your waist or hips, so that cue was skipped — arms a few inches out reads the full frame",,,
AF211_old-BF70,17.6428571428571,WF36,BF70,AF211_old,headswap,f,B,AF211_old-BF70.png,,scored,,waist-occluded,,0,bare→geometry,90%,torso,0.797,framing+outline,degraded,0.0603,8.7,,,9.54,9.54,96.83,96.83,shoulderHip,3.24–9.92,1.00–10.00,3.24–9.92,1.00–10.00,unknown,66%,unconfirmed,"non-standard framing: the photo is cropped above the feet — the score scale was calibrated on full-body shots — scored anyway at reduced accuracy · an arm covered part of your waist or hips, so that cue was skipped — arms a few inches out reads the full frame",,,
AF211_old-WF3,33.6315789473684,WF36,WF3,AF211_old,headswap,f,W,AF211_old-WF3.png,,scored,,,,0,clothed→model,0%,full,0.741,,pass,0.0115,7.4,0.0249,45.333,19.41,24.87,39.99,36.34,whr+vTaper+shoulderHip+legTorso+symmetry,8.08,7.00–10.00,8.08,7.00–10.00,m,81%,model,"an arm is by your waist, which can widen the silhouette — stand with arms slightly out",,,
AF211_old-WF4,43.6153846153846,WF36,WF4,AF211_old,headswap,f,W,AF211_old-WF4.png,,scored,,,,0,clothed→model,37%,full,0.799,,pass,0.0142,17.3,0.1939,30.658,30.13,43.63,22.11,28.08,whr+vTaper+shoulderHip+legTorso+symmetry,6.48,6.03–7.07,6.48,6.03–7.07,f,97%,model,"an arm is by your waist, which can widen the silhouette — stand with arms slightly out · the torso reads as borderline clothed/bare (37% skin), so the headline may be routed to the wrong instrument (model vs. silhouette) — if the score looks off, that is likely why",,,
AF213-BF14,36.1111111111111,WF36,BF14,AF213,headswap,f,B,AF213-BF14.png,,scored,,,,0,clothed→model,0%,full,0.815,,pass,0.0314,1.8,0.0310,36.917,22.40,28.49,46.09,40.96,whr+vTaper+shoulderHip+legTorso+symmetry,7.08,6.49–8.41,7.08,6.49–8.41,f,100%,model,"an arm is by your waist, which can widen the silhouette — stand with arms slightly out",,,
AF213-WF1,49.0833333333333,WF36,WF1,AF213,headswap,f,W,AF213-WF1.png,,scored,,,,0,clothed→model,0%,full,0.706,,pass,0.0132,22.4,0.0395,25.919,31.26,44.58,24.35,29.34,whr+vTaper+shoulderHip+legTorso+symmetry,5.94,5.54–6.37,5.94,5.54–6.37,f,,guess,"an arm is by your waist, which can widen the silhouette — stand with arms slightly out",,,
AF213-WF108,43.1,WF36,WF108,AF213,headswap,f,W,AF213-WF108.png,,scored,,,,0,clothed→model,2%,full,0.773,,pass,0.0450,50.9,0.2804,41.857,24.76,33.30,22.37,24.40,whr+vTaper+shoulderHip+legTorso+symmetry,7.56,6.78–10.00,7.56,6.78–10.00,f,,guess,"an arm is by your waist, which can widen the silhouette — stand with arms slightly out",,,
AF215_old-WF21,37.1,WF36,WF21,AF215_old,headswap,f,W,AF215_old-WF21.png,,scored,,,,0,clothed→model,0%,full,0.737,,pass,0.0158,6.1,0.0159,34.168,26.12,34.26,45.57,41.47,whr+vTaper+shoulderHip+legTorso+symmetry,6.83,6.31–7.67,6.83,6.31–7.67,f,99%,model,"an arm is by your waist, which can widen the silhouette — stand with arms slightly out",,,
AF215_old-WF6,40.9,WF36,WF6,AF215_old,headswap,f,W,AF215_old-WF6.png,,scored,,waist-occluded,,0,clothed→model,0%,full,0.746,,pass,0.0472,19.6,0.0672,34.110,32.30,39.36,52.05,52.24,shoulderHip+legTorso+symmetry,6.83,6.31–7.66,6.83,6.31–7.66,f,99%,model,"an arm covered part of your waist or hips, so that cue was skipped — arms a few inches out reads the full frame",,,
AF216-WF14,57.5,WF36,WF14,AF216,headswap,f,W,AF216-WF14.png,,scored,,,,0,clothed→model,0%,full,0.802,,pass,0.0387,4.5,0.0395,43.990,20.56,28.47,28.42,27.56,whr+vTaper+shoulderHip+legTorso+symmetry,7.91,6.93–10.00,7.91,6.93–10.00,f,,guess,,,,
AF216-WF41,44.6,WF36,WF41,AF216,headswap,f,W,AF216-WF41.png,,scored,,,,0,clothed→model,34%,full,0.700,,pass,0.0606,2.3,0.0604,50.693,15.36,21.32,34.73,28.46,whr+vTaper+shoulderHip+legTorso+symmetry,8.91,7.16–10.00,8.91,7.16–10.00,f,,guess,"an arm is by your waist, which can widen the silhouette — stand with arms slightly out",,,
AF216-WF9,37.2857142857143,WF36,WF9,AF216,headswap,f,W,AF216-WF9.png,,scored,,,,0,clothed→model,0%,full,0.794,,pass,0.0521,16.3,0.0596,39.754,11.72,15.02,37.17,29.18,whr+vTaper+shoulderHip+legTorso+symmetry,7.40,6.69–10.00,7.40,6.69–10.00,f,,guess,"an arm is by your waist, which can widen the silhouette — stand with arms slightly out",,,
AF221-BF11,42.5625,WF36,BF11,AF221,headswap,f,B,AF221-BF11.png,,scored,,,,0,clothed→model,21%,full,0.766,,pass,0.0771,28.9,0.0545,33.318,21.50,31.17,18.74,20.98,whr+vTaper+shoulderHip+legTorso+symmetry,6.79,6.28–7.58,6.79,6.28–7.58,f,,guess,,,,
AF221-WF62,30.9473684210526,WF36,WF62,AF221,headswap,f,W,AF221-WF62.png,,scored,,,,0,clothed→model,6%,full,0.813,,pass,0.0527,8.1,0.0442,23.124,10.63,15.51,23.04,19.91,whr+vTaper+shoulderHip+legTorso+symmetry,5.62,5.23–6.02,5.62,5.23–6.02,f,,guess,"an arm is by your waist, which can widen the silhouette — stand with arms slightly out",,,
AF221-WF9,40.2,WF36,WF9,AF221,headswap,f,W,AF221-WF9.png,,scored,,,,0,clothed→model,0%,full,0.795,,pass,0.0826,14.7,0.0909,39.347,9.95,12.11,32.91,25.39,whr+vTaper+shoulderHip+legTorso+symmetry,7.38,6.68–10.00,7.38,6.68–10.00,f,,guess,"an arm is by your waist, which can widen the silhouette — stand with arms slightly out",,,
AF223-WF46,43.5714285714286,WF53,WF46,AF223,headswap,f,W,AF223-WF46.png,,scored,,,,0,clothed→model,0%,full,0.744,,pass,0.0601,5.4,0.1010,45.335,14.72,23.59,8.20,10.30,whr+vTaper+shoulderHip+legTorso+symmetry,8.08,7.00–10.00,8.08,7.00–10.00,f,,guess,,,,
AF223-WF53,38.25,WF53,WF53,AF223,headswap,f,W,AF223-WF53.png,,scored,,,,0,clothed→geometry,11%,torso,0.504,framing,degraded,0.0309,21.8,,,11.20,18.97,8.41,6.09,whr+vTaper+shoulderHip,3.02,1.00–5.28,3.02,1.00–5.28,f,100%,model,"non-standard framing: the photo is cropped above the feet — the score scale was calibrated on full-body shots — scored anyway at reduced accuracy · an arm is by your waist, which can widen the silhouette — stand with arms slightly out",,,
AF226-WF12,54,WF80,WF12,AF226,headswap,f,W,AF226-WF12.png,,scored,,,,0,clothed→model,0%,full,0.732,,pass,0.0087,0.6,0.0215,45.593,15.10,21.03,31.14,27.07,whr+vTaper+shoulderHip+legTorso+symmetry,8.12,7.01–10.00,8.12,7.01–10.00,f,,guess,"an arm is by your waist, which can widen the silhouette — stand with arms slightly out",,,
AF226-WF75,64.9,WF80,WF75,AF226,headswap,f,W,AF226-WF75.png,,scored,,,,0,clothed→model,41%,full,0.731,,pass,0.0039,6.6,0.0244,42.041,39.99,51.76,45.92,55.71,vTaper+legTorso+symmetry,7.59,6.80–10.00,7.59,6.80–10.00,f,100%,model,"an arm covered part of your waist or hips, so that cue was skipped — arms a few inches out reads the full frame · the torso reads as borderline clothed/bare (41% skin), so the headline may be routed to the wrong instrument (model vs. silhouette) — if the score looks off, that is likely why",,,
AF226-WF80,49.5333333333333,WF80,WF80,AF226,headswap,f,W,AF226-WF80.png,,scored,,,,0,clothed→model,43%,full,0.792,,pass,0.0338,11.0,0.0269,43.176,26.71,36.36,35.13,34.43,whr+vTaper+shoulderHip+legTorso+symmetry,7.82,6.90–10.00,7.82,6.90–10.00,f,,guess,"an arm is by your waist, which can widen the silhouette — stand with arms slightly out · the torso reads as borderline clothed/bare (43% skin), so the headline may be routed to the wrong instrument (model vs. silhouette) — if the score looks off, that is likely why",,,
AF228-WF22,52.8333333333333,WF36,WF22,AF228,headswap,f,W,AF228-WF22.png,,scored,,,,0,clothed→model,0%,full,0.766,,pass,0.0169,8.8,0.0335,47.549,20.85,26.24,45.20,40.16,whr+vTaper+shoulderHip+legTorso+symmetry,8.48,7.10–10.00,8.48,7.10–10.00,f,,guess,"an arm is by your waist, which can widen the silhouette — stand with arms slightly out",,,
AF228-WF57,56.4,WF36,WF57,AF228,headswap,f,W,AF228-WF57.png,,scored,,,,0,clothed→model,0%,full,0.759,,pass,0.0551,5.1,0.0402,39.254,20.77,28.70,24.13,25.44,whr+vTaper+shoulderHip+legTorso+symmetry,7.37,6.67–10.00,7.37,6.67–10.00,f,,guess,,,,
AF228-WF7,47.8333333333333,WF36,WF7,AF228,headswap,f,W,AF228-WF7.png,,scored,,,,0,clothed→model,1%,full,0.746,,pass,0.0151,9.9,0.0145,36.446,15.58,21.51,23.82,23.68,whr+vTaper+shoulderHip+legTorso+symmetry,7.04,6.47–8.24,7.04,6.47–8.24,f,,guess,"an arm is by your waist, which can widen the silhouette — stand with arms slightly out",,,
AF231-BF16,40.5384615384615,WF36,BF16,AF231,headswap,f,B,AF231-BF16.png,,scored,,,,0,clothed→model,0%,full,0.831,,pass,0.0189,4.0,0.0454,37.391,12.50,17.34,25.34,22.87,whr+vTaper+shoulderHip+legTorso+symmetry,7.10,6.51–8.51,7.10,6.51–8.51,f,,guess,"an arm is by your waist, which can widen the silhouette — stand with arms slightly out",,,
AF231-BF83,37.2222222222222,WF36,BF83,AF231,headswap,f,B,AF231-BF83.png,,scored,,waist-occluded,,0,clothed→geometry,2%,torso,0.298,framing+outline,degraded,0.0350,46.4,,,17.53,17.53,35.54,35.54,shoulderHip,4.88,1.00–6.36,4.88,1.00–6.36,f,,guess,"non-standard framing: the photo is cropped above the feet — the score scale was calibrated on full-body shots — scored anyway at reduced accuracy · an arm covered part of your waist or hips, so that cue was skipped — arms a few inches out reads the full frame · the subject is small or distant in the frame, so fine width ratios and the model read are less reliable — fill more of the frame for a sharper read",,,
AF231-WF6,34.625,WF36,WF6,AF231,headswap,f,W,AF231-WF6.png,,scored,,waist-occluded,,0,clothed→model,0%,full,0.747,,pass,0.0528,15.4,0.0755,35.580,30.39,36.95,50.14,49.83,shoulderHip+legTorso+symmetry,6.95,6.40–7.95,6.95,6.40–7.95,f,,guess,"an arm covered part of your waist or hips, so that cue was skipped — arms a few inches out reads the full frame",,,
AF232-BF56,35,WF42,BF56,AF232,headswap,f,B,AF232-BF56.png,,scored,,waist-occluded,,0,clothed→model,0%,full,0.839,,pass,0.0652,10.1,0.0806,35.415,31.25,40.64,80.30,72.61,shoulderHip+legTorso+symmetry,6.94,6.39–7.91,6.94,6.39–7.91,f,100%,model,"an arm covered part of your waist or hips, so that cue was skipped — arms a few inches out reads the full frame",,,
AF232-WF30,38.7777777777778,WF42,WF30,AF232,headswap,f,W,AF232-WF30.png,,scored,,,,0,clothed→model,1%,full,0.803,,pass,0.0173,4.0,0.0458,36.191,10.54,14.26,35.04,27.44,whr+vTaper+shoulderHip+legTorso+symmetry,7.01,6.45–8.14,7.01,6.45–8.14,f,100%,model,"an arm is by your waist, which can widen the silhouette — stand with arms slightly out",,,
AF232-WF42,31.4545454545455,WF42,WF42,AF232,headswap,f,W,AF232-WF42.png,,scored,,,,0,clothed→model,24%,full,0.733,,pass,0.0254,3.2,0.0325,41.395,20.65,27.67,39.57,34.74,whr+vTaper+shoulderHip+legTorso+symmetry,7.50,6.75–10.00,7.50,6.75–10.00,f,99%,model,,,,
AF236-BF43,54.55,WF36,BF43,AF236,headswap,f,B,AF236-BF43.png,,scored,,waist-occluded,,0,clothed→model,0%,full,0.817,,pass,0.0322,9.9,0.0244,47.472,42.49,48.93,32.28,42.27,shoulderHip+legTorso+symmetry,8.47,7.10–10.00,8.47,7.10–10.00,m,,guess,"an arm covered part of your waist or hips, so that cue was skipped — arms a few inches out reads the full frame",,,
AF236-BF70,42.3636363636364,WF36,BF70,AF236,headswap,f,B,AF236-BF70.png,,scored,,waist-occluded,,0,bare→geometry,89%,torso,0.344,framing+outline,degraded,0.0674,22.7,,,0.00,0.00,0.00,0.00,,,,,,unknown,,unknown,"non-standard framing: the photo is cropped above the feet — the score scale was calibrated on full-body shots — scored anyway at reduced accuracy · an arm covered part of your waist or hips, so that cue was skipped — arms a few inches out reads the full frame",,,
AF236-WF67,52.6666666666667,WF36,WF67,AF236,headswap,f,W,AF236-WF67.png,,scored,,,,0,clothed→model,2%,full,0.828,,pass,0.0249,1.0,0.0243,43.558,17.35,21.54,43.81,37.86,whr+vTaper+shoulderHip+legTorso+symmetry,7.86,6.92–10.00,7.86,6.92–10.00,f,,guess,"an arm is by your waist, which can widen the silhouette — stand with arms slightly out",,,
AF240_old-WF10,34.6666666666667,WF36,WF10,AF240_old,headswap,f,W,AF240_old-WF10.png,,scored,,,,0,clothed→model,1%,full,0.781,,pass,0.1399,25.6,0.2537,35.103,31.52,45.25,24.74,31.45,whr+vTaper+shoulderHip+legTorso+symmetry,6.91,6.37–7.84,6.91,6.37–7.84,f,96%,model,"an arm is by your waist, which can widen the silhouette — stand with arms slightly out",,,
AF240_old-WF6,21.4,WF36,WF6,AF240_old,headswap,f,W,AF240_old-WF6.png,,scored,,waist-occluded,,0,clothed→model,0%,full,0.746,,pass,0.0627,22.2,0.0901,33.689,34.17,41.36,53.92,54.23,shoulderHip+legTorso+symmetry,6.81,6.29–7.62,6.81,6.29–7.62,f,96%,model,"an arm covered part of your waist or hips, so that cue was skipped — arms a few inches out reads the full frame",,,
AF240-WF27,35.3076923076923,WF36,WF27,AF240,headswap,f,W,AF240-WF27.png,,scored,,,,0,clothed→model,16%,full,0.786,,pass,0.0141,3.5,0.0170,41.474,11.22,16.60,20.93,18.97,whr+vTaper+shoulderHip+legTorso+symmetry,7.51,6.75–10.00,7.51,6.75–10.00,f,99%,model,,,,
AF240-WF29,60.8181818181818,WF36,WF29,AF240,headswap,f,W,AF240-WF29.png,,scored,,,,0,clothed→model,2%,full,0.685,,pass,0.0355,7.9,0.0530,37.192,21.50,26.47,36.09,31.08,whr+vTaper+shoulderHip+legTorso+symmetry,7.10,6.50–8.47,7.10,6.50–8.47,f,87%,model,"an arm is by your waist, which can widen the silhouette — stand with arms slightly out",,,
AF240-WF41,41.6428571428571,WF36,WF41,AF240,headswap,f,W,AF240-WF41.png,,scored,,,,0,clothed→model,34%,full,0.694,,pass,0.0714,12.3,0.0723,47.149,16.20,22.24,35.57,29.38,whr+vTaper+shoulderHip+legTorso+symmetry,8.40,7.08–10.00,8.40,7.08–10.00,f,99%,model,"an arm is by your waist, which can widen the silhouette — stand with arms slightly out",,,
AF246-BF12,45.1666666666667,WF95,BF12,AF246,headswap,f,B,AF246-BF12.png,,scored,,,,0,clothed→model,0%,full,0.789,,pass,0.0119,0.6,0.0137,37.787,15.31,19.97,38.58,33.02,whr+vTaper+shoulderHip+legTorso+symmetry,7.12,6.52–8.60,7.12,6.52–8.60,f,98%,model,"an arm is by your waist, which can widen the silhouette — stand with arms slightly out",,,
AF246-WF16,56.7142857142857,WF95,WF16,AF246,headswap,f,W,AF246-WF16.png,,scored,,,,0,bare→geometry,53%,full,0.879,,pass,0.0209,23.5,0.0285,,18.36,25.06,36.13,31.41,whr+vTaper+shoulderHip+legTorso+symmetry,4.73,1.00–6.00,4.73,1.00–6.00,f,,guess,"the torso reads as borderline clothed/bare (53% skin), so the headline may be routed to the wrong instrument (model vs. silhouette) — if the score looks off, that is likely why",,,
AF246-WF95,57.2,WF95,WF95,AF246,headswap,f,W,AF246-WF95.png,,scored,,waist-occluded,,0,clothed→model,25%,full,0.775,,pass,0.1291,5.5,0.3312,40.417,76.11,67.12,76.11,67.12,legTorso+symmetry,7.43,6.71–10.00,7.43,6.71–10.00,unknown,,unknown,"an arm covered part of your waist or hips, so that cue was skipped — arms a few inches out reads the full frame",,,
AF254-WF107,55,WF93,WF107,AF254,headswap,f,W,AF254-WF107.png,,scored,,waist-occluded,,0,clothed→model,0%,full,0.790,,pass,0.0060,41.0,0.0574,47.671,35.34,46.48,68.18,67.88,shoulderHip+legTorso+symmetry,8.51,7.11–10.00,8.51,7.11–10.00,f,,guess,"an arm covered part of your waist or hips, so that cue was skipped — arms a few inches out reads the full frame",,,
AF254-WF86,71.6363636363636,WF93,WF86,AF254,headswap,f,W,AF254-WF86.png,,scored,,,,0,clothed→model,0%,full,0.728,,pass,0.0156,1.7,0.0319,34.481,24.12,33.93,26.19,35.31,vTaper+legTorso+symmetry,6.86,6.33–7.72,6.86,6.33–7.72,f,,guess,"an arm covered part of your waist or hips, so that cue was skipped — arms a few inches out reads the full frame",,,
AF254-WF93,48.2,WF93,WF93,AF254,headswap,f,W,AF254-WF93.png,,scored,,waist-occluded,,0,clothed→model,1%,full,0.716,,pass,0.0315,9.6,0.0580,28.417,67.29,64.35,67.29,64.35,legTorso+symmetry,6.31,5.89–6.83,6.31,5.89–6.83,unknown,,unknown,"an arm covered part of your waist or hips, so that cue was skipped — arms a few inches out reads the full frame",,,
AF255-BF19,47.75,WF36,BF19,AF255,headswap,f,B,AF255-BF19.png,,scored,,,,0,clothed→model,0%,full,0.761,,pass,0.0224,6.0,0.0162,41.260,10.05,14.81,22.58,19.71,whr+vTaper+shoulderHip+legTorso+symmetry,7.49,6.74–10.00,7.49,6.74–10.00,f,,guess,"an arm is by your waist, which can widen the silhouette — stand with arms slightly out",,,
AF255-WF105,59.2,WF36,WF105,AF255,headswap,f,W,AF255-WF105.png,,scored,,waist-occluded,,0,clothed→model,18%,full,0.790,,pass,0.0834,41.9,0.0535,42.684,37.48,50.08,38.03,50.43,shoulderHip+legTorso+symmetry,7.74,6.86–10.00,7.74,6.86–10.00,f,,guess,"an arm covered part of your waist or hips, so that cue was skipped — arms a few inches out reads the full frame",,,
AF255-WF70,55,WF36,WF70,AF255,headswap,f,W,AF255-WF70.png,,scored,,,,0,clothed→model,0%,full,0.719,,pass,0.0035,4.9,0.0132,40.554,17.39,24.28,26.21,25.30,whr+vTaper+shoulderHip+legTorso+symmetry,7.44,6.71–10.00,7.44,6.71–10.00,f,,guess,"an arm is by your waist, which can widen the silhouette — stand with arms slightly out",,,
AF258,21.8888888888889,AF258,AF258,AF258,original,f,A,AF258.png,,scored,,,,0,clothed→model,0%,full,0.833,,pass,0.0419,13.5,0.0388,21.415,12.94,17.32,37.55,29.86,whr+vTaper+shoulderHip+legTorso+symmetry,5.48,5.08–5.87,5.48,5.08–5.87,f,84%,model,"an arm is by your waist, which can widen the silhouette — stand with arms slightly out",,,
AF259,57.3333333333333,AF259,AF259,AF259,original,f,A,AF259.png,,scored,,,,0,bare→geometry,75%,full,0.852,,pass,0.0291,9.0,0.0321,,25.37,33.58,38.12,36.69,whr+vTaper+shoulderHip+legTorso+symmetry,4.46–4.95,1.00–6.22,4.46–4.95,1.00–6.22,unknown,69%,unconfirmed,"an arm is by your waist, which can widen the silhouette — stand with arms slightly out",,,
AF260,54.2272727272727,AF260,AF260,AF260,original,f,A,AF260.png,,scored,,waist-occluded,,0,clothed→model,0%,full,0.759,,pass,0.0260,14.0,0.2148,34.338,35.49,44.77,71.18,68.03,shoulderHip+legTorso+symmetry,6.84,6.32–7.70,6.84,6.32–7.70,f,,guess,"an arm covered part of your waist or hips, so that cue was skipped — arms a few inches out reads the full frame",,,
AM201_old-WM165,30.95,WM53,WM165,AM201_old,headswap,m,W,AM201_old-WM165.png,,scored,,waist-occluded,,0,clothed→model,15%,full,0.719,,pass,0.0189,46.2,0.0308,37.939,29.51,40.10,47.36,51.74,shoulderHip+legTorso+symmetry,7.13,6.52–8.64,7.13,6.52–8.64,m,100%,model,"an arm covered part of your waist or hips, so that cue was skipped — arms a few inches out reads the full frame",,,
AM201_old-WM184,22.4615384615385,WM53,WM184,AM201_old,headswap,m,W,AM201_old-WM184.png,,scored,,,,0,clothed→model,4%,full,0.710,,pass,0.0041,2.3,0.0274,32.480,10.33,14.97,17.61,17.27,whr+vTaper+shoulderHip+legTorso+symmetry,6.70,6.21–7.42,6.70,6.21–7.42,m,100%,model,"an arm is by your waist, which can widen the silhouette — stand with arms slightly out",,,
AM201_old-WM201,26.4,WM53,WM201,AM201_old,headswap,m,W,AM201_old-WM201.png,,scored,,,,0,clothed→model,0%,full,0.782,,pass,0.0245,4.0,0.0217,31.481,8.54,11.90,30.17,24.33,whr+vTaper+shoulderHip+legTorso+symmetry,6.55,6.09–7.17,6.55,6.09–7.17,m,100%,model,"an arm is by your waist, which can widen the silhouette — stand with arms slightly out",,,
AM203-WM104,23.7142857142857,WM53,WM104,AM203,headswap,m,W,AM203-WM104.png,,scored,,,,0,clothed→model,0%,full,0.750,,pass,0.0444,1.8,0.0253,30.628,13.52,16.40,31.81,26.40,whr+vTaper+shoulderHip+legTorso+symmetry,6.48,6.03–7.06,6.48,6.03–7.06,m,100%,model,"an arm is by your waist, which can widen the silhouette — stand with arms slightly out",,,
AM203-WM23,36.0909090909091,WM53,WM23,AM203,headswap,m,W,AM203-WM23.png,,scored,,,,0,clothed→model,0%,full,0.742,,pass,0.0293,2.7,0.0348,31.066,18.73,24.54,40.86,35.29,whr+vTaper+shoulderHip+legTorso+symmetry,6.51,6.05–7.10,6.51,6.05–7.10,f,,guess,"an arm is by your waist, which can widen the silhouette — stand with arms slightly out",,,
AM203-WM30,41.6666666666667,WM53,WM30,AM203,headswap,m,W,AM203-WM30.png,,scored,,,,0,clothed→model,2%,full,0.814,,pass,0.0078,15.2,0.0087,41.607,19.74,25.79,31.97,31.72,whr+vTaper+shoulderHip+legTorso+symmetry,7.53,6.76–10.00,7.53,6.76–10.00,f,,guess,"an arm is by your waist, which can widen the silhouette — stand with arms slightly out",,,
AM205_old-WM115,18.3,WM180,WM115,AM205_old,headswap,m,W,AM205_old-WM115.png,,scored,,,,0,clothed→model,0%,full,0.727,,pass,0.0335,18.5,0.0349,43.321,15.86,21.68,34.93,29.65,whr+vTaper+shoulderHip+legTorso+symmetry,7.83,6.91–10.00,7.83,6.91–10.00,m,100%,model,"an arm is by your waist, which can widen the silhouette — stand with arms slightly out",,,
AM205_old-WM12,15.1538461538462,WM180,WM12,AM205_old,headswap,m,W,AM205_old-WM12.png,,scored,,,,0,clothed→model,0%,full,0.706,,pass,0.0054,14.3,0.0278,22.680,23.92,29.97,48.97,43.00,whr+vTaper+shoulderHip+legTorso+symmetry,5.60,5.21–5.99,5.60,5.21–5.99,m,100%,model,"an arm is by your waist, which can widen the silhouette — stand with arms slightly out",,,
AM205_old-WM180,40.1538461538462,WM180,WM180,AM205_old,headswap,m,W,AM205_old-WM180.png,,scored,,,,0,clothed→model,0%,full,0.721,,pass,0.0243,1.9,0.0240,38.338,11.53,14.23,32.23,25.86,whr+vTaper+shoulderHip+legTorso+symmetry,7.15,6.54–8.81,7.15,6.54–8.81,m,100%,model,"an arm is by your waist, which can widen the silhouette — stand with arms slightly out",,,
AM206_old-WM10,25.0833333333333,WM53,WM10,AM206_old,headswap,m,W,AM206_old-WM10.png,,scored,,,,0,clothed→model,4%,full,0.723,,pass,0.0298,17.7,0.0285,35.975,20.62,25.89,44.76,38.26,whr+vTaper+shoulderHip+legTorso+symmetry,6.99,6.43–8.07,6.99,6.43–8.07,m,100%,model,"an arm is by your waist, which can widen the silhouette — stand with arms slightly out",,,
AM206_old-WM71,29.4166666666667,WM53,WM71,AM206_old,headswap,m,W,AM206_old-WM71.png,,scored,,,,0,clothed→model,0%,full,0.734,,pass,0.0439,1.3,0.0472,36.188,18.56,24.10,36.92,33.47,whr+vTaper+shoulderHip+legTorso+symmetry,7.01,6.45–8.14,7.01,6.45–8.14,m,100%,model,"an arm is by your waist, which can widen the silhouette — stand with arms slightly out",,,
AM206_old-WM9,28,WM53,WM9,AM206_old,headswap,m,W,AM206_old-WM9.png,,scored,,,,0,clothed→model,0%,full,0.705,,pass,0.0283,9.1,0.0393,36.082,15.74,21.32,28.73,26.62,whr+vTaper+shoulderHip+legTorso+symmetry,7.00,6.44–8.10,7.00,6.44–8.10,m,100%,model,"an arm is by your waist, which can widen the silhouette — stand with arms slightly out",,,
AM207-WM11,37.8333333333333,WM53,WM11,AM207,headswap,m,W,AM207-WM11.png,,scored,,,,0,clothed→model,0%,full,0.690,,pass,0.0394,7.2,0.0386,34.843,10.21,13.84,34.96,27.30,whr+vTaper+shoulderHip+legTorso+symmetry,6.89,6.35–7.79,6.89,6.35–7.79,m,100%,model,"an arm is by your waist, which can widen the silhouette — stand with arms slightly out",,,
AM207-WM114,46.2307692307692,WM53,WM114,AM207,headswap,m,W,AM207-WM114.png,,scored,,,,0,clothed→model,0%,full,0.699,,pass,0.0181,3.3,0.0229,40.395,13.00,16.29,37.64,30.65,whr+vTaper+shoulderHip+legTorso+symmetry,7.43,6.71–10.00,7.43,6.71–10.00,m,100%,model,"an arm is by your waist, which can widen the silhouette — stand with arms slightly out",,,
AM207-WM2,56.1538461538462,WM53,WM2,AM207,headswap,m,W,AM207-WM2.png,,scored,,waist-occluded,,0,clothed→model,0%,full,0.738,,pass,0.0101,26.7,0.0627,38.275,42.46,53.17,86.68,81.99,shoulderHip+legTorso+symmetry,7.14,6.53–8.75,7.14,6.53–8.75,m,100%,model,"an arm covered part of your waist or hips, so that cue was skipped — arms a few inches out reads the full frame",,,
AM213_old-WM118,21.8333333333333,WM53,WM118,AM213_old,headswap,m,W,AM213_old-WM118.png,,scored,,waist-occluded,,0,clothed→model,0%,full,0.832,,pass,0.0241,13.3,0.0482,25.932,21.87,30.78,34.18,38.80,shoulderHip+legTorso+symmetry,5.94,5.54–6.37,5.94,5.54–6.37,m,100%,model,"an arm covered part of your waist or hips, so that cue was skipped — arms a few inches out reads the full frame",,,
AM213_old-WM186,19.4615384615385,WM53,WM186,AM213_old,headswap,m,W,AM213_old-WM186.png,,scored,,,,0,clothed→model,0%,full,0.787,,pass,0.0265,17.2,0.0568,29.608,11.03,16.18,23.48,19.95,whr+vTaper+shoulderHip+legTorso+symmetry,6.43,5.99–7.00,6.43,5.99–7.00,m,100%,model,"an arm is by your waist, which can widen the silhouette — stand with arms slightly out",,,
AM213_old-WM64,30.4,WM53,WM64,AM213_old,headswap,m,W,AM213_old-WM64.png,,scored,,,,0,clothed→model,5%,full,0.739,,pass,0.0200,14.1,0.0384,28.560,16.91,22.28,33.23,30.42,whr+vTaper+shoulderHip+legTorso+symmetry,6.33,5.90–6.85,6.33,5.90–6.85,m,100%,model,,,,
AM213-WM22,28.2857142857143,WM53,WM22,AM213,headswap,m,W,AM213-WM22.png,,scored,,,,0,clothed→model,0%,full,0.793,,pass,0.0467,8.4,0.0762,36.122,16.14,21.93,21.03,25.19,vTaper+legTorso+symmetry,7.01,6.44–8.12,7.01,6.44–8.12,m,100%,model,"an arm covered part of your waist or hips, so that cue was skipped — arms a few inches out reads the full frame",,,
AM213-WM34,42.3333333333333,WM53,WM34,AM213,headswap,m,W,AM213-WM34.png,,scored,,waist-occluded,,0,clothed→model,0%,full,0.813,,pass,0.0184,31.2,0.1185,37.612,18.08,22.83,59.66,49.93,shoulderHip+legTorso+symmetry,7.11,6.51–8.56,7.11,6.51–8.56,m,100%,model,"an arm covered part of your waist or hips, so that cue was skipped — arms a few inches out reads the full frame",,,
AM213-WM47,21.5,WM53,WM47,AM213,headswap,m,W,AM213-WM47.png,,scored,,,,0,clothed→model,2%,full,0.725,,pass,0.0175,8.3,0.0254,32.034,13.64,18.78,33.44,27.96,whr+vTaper+shoulderHip+legTorso+symmetry,6.62,6.15–7.28,6.62,6.15–7.28,m,100%,model,"an arm is by your waist, which can widen the silhouette — stand with arms slightly out",,,
AM218_old-WM42,19,WM56,WM42,AM218_old,headswap,m,W,AM218_old-WM42.png,,scored,,,,0,clothed→model,0%,full,0.722,,pass,0.0177,0.2,0.0237,32.206,12.90,16.58,38.94,31.73,whr+vTaper+shoulderHip+legTorso+symmetry,6.65,6.17–7.33,6.65,6.17–7.33,m,100%,model,"an arm is by your waist, which can widen the silhouette — stand with arms slightly out",,,
AM218_old-WM45,22,WM56,WM45,AM218_old,headswap,m,W,AM218_old-WM45.png,,scored,,waist-occluded,,0,clothed→model,17%,full,0.708,,pass,0.0815,6.7,0.0787,19.739,29.11,38.25,74.89,68.09,shoulderHip+legTorso+symmetry,5.17,4.76–5.56,5.17,4.76–5.56,m,100%,model,"an arm covered part of your waist or hips, so that cue was skipped — arms a few inches out reads the full frame",,,
AM218_old-WM56,38.4117647058824,WM56,WM56,AM218_old,headswap,m,W,AM218_old-WM56.png,,scored,,,,0,clothed→model,0%,full,0.713,,pass,0.0172,0.2,0.0117,33.529,15.86,22.21,26.52,24.85,whr+vTaper+shoulderHip+legTorso+symmetry,6.80,6.29–7.60,6.80,6.29–7.60,m,100%,model,"an arm is by your waist, which can widen the silhouette — stand with arms slightly out",,,
AM218-WM77,42.8461538461538,WM53,WM77,AM218,headswap,m,W,AM218-WM77.png,,scored,,waist-occluded,,0,clothed→model,0%,full,0.808,,pass,0.0087,23.9,0.0271,41.013,29.12,31.56,14.56,22.07,shoulderHip+legTorso+symmetry,7.46,6.73–10.00,7.46,6.73–10.00,m,100%,model,"an arm covered part of your waist or hips, so that cue was skipped — arms a few inches out reads the full frame",,,
AM218-WM89,29.5789473684211,WM53,WM89,AM218,headswap,m,W,AM218-WM89.png,,scored,,,,0,clothed→model,0%,full,0.724,,pass,0.0209,11.5,0.0198,29.558,10.17,14.41,32.58,25.62,whr+vTaper+shoulderHip+legTorso+symmetry,6.43,5.99–6.99,6.43,5.99–6.99,m,100%,model,"an arm is by your waist, which can widen the silhouette — stand with arms slightly out",,,
AM218-WM97,36.8666666666667,WM53,WM97,AM218,headswap,m,W,AM218-WM97.png,,scored,,,,0,clothed→model,38%,full,0.690,,pass,0.0058,4.0,0.0240,36.560,12.01,16.79,30.21,25.38,whr+vTaper+shoulderHip+legTorso+symmetry,7.06,6.48–8.29,7.06,6.48–8.29,f,,guess,"an arm is by your waist, which can widen the silhouette — stand with arms slightly out · the torso reads as borderline clothed/bare (38% skin), so the headline may be routed to the wrong instrument (model vs. silhouette) — if the score looks off, that is likely why",,,
AM220_old-WM194,30.875,WM53,WM194,AM220_old,headswap,m,W,AM220_old-WM194.png,,scored,,,,0,clothed→model,37%,full,0.775,,pass,0.0083,11.3,0.0147,26.391,20.92,28.32,32.55,31.10,whr+vTaper+shoulderHip+legTorso+symmetry,5.96,5.57–6.40,5.96,5.57–6.40,m,99%,model,"an arm is by your waist, which can widen the silhouette — stand with arms slightly out · the torso reads as borderline clothed/bare (37% skin), so the headline may be routed to the wrong instrument (model vs. silhouette) — if the score looks off, that is likely why",,,
AM220_old-WM196,34.4444444444444,WM53,WM196,AM220_old,headswap,m,W,AM220_old-WM196.png,,scored,,waist-occluded,,0,clothed→model,2%,full,0.798,,pass,0.0450,23.4,0.0590,41.310,37.26,49.01,60.63,64.25,shoulderHip+legTorso+symmetry,7.49,6.74–10.00,7.49,6.74–10.00,m,100%,model,"an arm covered part of your waist or hips, so that cue was skipped — arms a few inches out reads the full frame",,,
AM236_old-WM113,27.1428571428571,WM59,WM113,AM236_old,headswap,m,W,AM236_old-WM113.png,,scored,,,,0,clothed→model,0%,full,0.722,,pass,0.0054,1.6,0.0134,31.737,26.13,31.57,43.64,40.21,whr+vTaper+shoulderHip+legTorso+symmetry,6.59,6.12–7.23,6.59,6.12–7.23,m,100%,model,"an arm is by your waist, which can widen the silhouette — stand with arms slightly out",,,
AM236_old-WM120,24.8333333333333,WM59,WM120,AM236_old,headswap,m,W,AM236_old-WM120.png,,scored,,,,0,clothed→model,0%,full,0.827,,pass,0.0375,11.1,0.0424,36.320,14.93,20.44,37.27,30.08,whr+vTaper+shoulderHip+legTorso+symmetry,7.03,6.46–8.19,7.03,6.46–8.19,m,100%,model,"an arm is by your waist, which can widen the silhouette — stand with arms slightly out",,,
AM236_old-WM59,31.2352941176471,WM59,WM59,AM236_old,headswap,m,W,AM236_old-WM59.png,,scored,,,,0,clothed→model,0%,full,0.794,,pass,0.0134,26.9,0.0231,36.164,18.93,24.95,39.87,34.90,whr+vTaper+shoulderHip+legTorso+symmetry,7.01,6.44–8.13,7.01,6.44–8.13,m,100%,model,"an arm is by your waist, which can widen the silhouette — stand with arms slightly out",,,
AM236-BM6,48.6666666666667,WM53,BM6,AM236,headswap,m,B,AM236-BM6.png,,scored,,waist-occluded,,0,clothed→model,1%,full,0.822,,pass,0.0331,17.5,0.0278,37.734,19.11,23.00,27.07,28.19,shoulderHip+legTorso+symmetry,7.12,6.52–8.59,7.12,6.52–8.59,f,,guess,"an arm covered part of your waist or hips, so that cue was skipped — arms a few inches out reads the full frame",,,
AM236-WM2,52.7692307692308,WM53,WM2,AM236,headswap,m,W,AM236-WM2.png,,scored,,waist-occluded,,0,clothed→model,0%,full,0.738,,pass,0.0202,23.6,0.0654,40.029,42.52,52.47,74.18,73.11,shoulderHip+legTorso+symmetry,7.41,6.70–10.00,7.41,6.70–10.00,f,,guess,"an arm covered part of your waist or hips, so that cue was skipped — arms a few inches out reads the full frame",,,
AM236-WM81,37.0666666666667,WM53,WM81,AM236,headswap,m,W,AM236-WM81.png,,scored,,,,0,clothed→model,0%,full,0.739,,pass,0.0082,23.1,0.0208,40.297,12.09,16.56,36.65,28.43,whr+vTaper+shoulderHip+legTorso+symmetry,7.43,6.71–10.00,7.43,6.71–10.00,m,100%,model,"an arm is by your waist, which can widen the silhouette — stand with arms slightly out",,,
AM238_old-WM1,43.1111111111111,WM4,WM1,AM238_old,headswap,m,W,AM238_old-WM1.png,,scored,,,,0,clothed→model,0%,full,0.796,,pass,0.0309,28.9,0.0299,36.742,11.74,18.30,14.14,19.90,vTaper+legTorso+symmetry,7.08,6.49–8.38,7.08,6.49–8.38,m,100%,model,"an arm covered part of your waist or hips, so that cue was skipped — arms a few inches out reads the full frame",,,
AM238_old-WM24,18.4,WM4,WM24,AM238_old,headswap,m,W,AM238_old-WM24.png,,scored,,,,0,clothed→model,22%,full,0.680,,pass,0.0403,9.1,0.0429,19.014,20.41,26.19,43.93,38.28,whr+vTaper+shoulderHip+legTorso+symmetry,5.12,4.69–5.51,5.12,4.69–5.51,m,100%,model,"an arm is by your waist, which can widen the silhouette — stand with arms slightly out",,,
AM238_old-WM4,30.1818181818182,WM4,WM4,AM238_old,headswap,m,W,AM238_old-WM4.png,,scored,,,,0,clothed→model,1%,full,0.729,,pass,0.0096,23.7,0.0213,31.640,13.18,19.05,26.55,23.00,whr+vTaper+shoulderHip+legTorso+symmetry,6.58,6.11–7.21,6.58,6.11–7.21,m,100%,model,"an arm is by your waist, which can widen the silhouette — stand with arms slightly out",,,
AM239-WM175,61.7272727272727,WM53,WM175,AM239,headswap,m,W,AM239-WM175.png,,scored,,,,0,clothed→model,0%,full,0.820,,pass,0.0209,11.1,0.0218,44.810,21.60,28.83,22.07,26.32,whr+vTaper+shoulderHip+legTorso+symmetry,8.01,6.97–10.00,8.01,6.97–10.00,m,100%,model,"an arm is by your waist, which can widen the silhouette — stand with arms slightly out",,,
AM239-WM18,43.5,WM53,WM18,AM239,headswap,m,W,AM239-WM18.png,,scored,,,,0,clothed→model,0%,full,0.730,,pass,0.0197,6.7,0.0182,43.724,18.84,23.82,44.53,38.36,whr+vTaper+shoulderHip+legTorso+symmetry,7.88,6.92–10.00,7.88,6.92–10.00,m,100%,model,"an arm is by your waist, which can widen the silhouette — stand with arms slightly out",,,
AM239-WM84,38.9444444444444,WM53,WM84,AM239,headswap,m,W,AM239-WM84.png,,scored,,waist-occluded,,0,clothed→model,0%,full,0.752,,pass,0.0210,7.8,0.0142,44.283,34.14,44.93,83.19,76.90,shoulderHip+legTorso+symmetry,7.94,6.95–10.00,7.94,6.95–10.00,m,100%,model,"an arm covered part of your waist or hips, so that cue was skipped — arms a few inches out reads the full frame",,,
AM248_old-WM167,44.625,WM53,WM167,AM248_old,headswap,m,W,AM248_old-WM167.png,,scored,,waist-occluded,,0,clothed→model,0%,full,0.754,,pass,0.0046,3.5,0.0185,43.931,31.58,42.14,72.53,68.84,shoulderHip+legTorso+symmetry,7.90,6.93–10.00,7.90,6.93–10.00,m,100%,model,"an arm covered part of your waist or hips, so that cue was skipped — arms a few inches out reads the full frame",,,
AM248_old-WM194,23.6363636363636,WM53,WM194,AM248_old,headswap,m,W,AM248_old-WM194.png,,scored,,,,0,clothed→model,11%,full,0.784,,pass,0.0232,8.0,0.0166,25.102,15.98,21.75,31.82,28.53,whr+vTaper+shoulderHip+legTorso+symmetry,5.88,5.49–6.30,5.88,5.49–6.30,m,100%,model,"an arm is by your waist, which can widen the silhouette — stand with arms slightly out",,,
AM248_old-WM84,55.6666666666667,WM53,WM84,AM248_old,headswap,m,W,AM248_old-WM84.png,,scored,,waist-occluded,,0,clothed→model,0%,full,0.752,,pass,0.0257,15.2,0.0210,43.326,32.07,42.86,67.92,66.23,shoulderHip+legTorso+symmetry,7.83,6.91–10.00,7.83,6.91–10.00,m,100%,model,"an arm covered part of your waist or hips, so that cue was skipped — arms a few inches out reads the full frame",,,
AM248-BM23,33.3125,WM53,BM23,AM248,headswap,m,B,AM248-BM23.png,,scored,,,,0,clothed→model,0%,full,0.786,,pass,0.0053,10.4,0.0234,34.875,23.43,31.58,44.15,37.84,whr+vTaper+shoulderHip+legTorso+symmetry,6.89,6.36–7.80,6.89,6.36–7.80,m,100%,model,"an arm is by your waist, which can widen the silhouette — stand with arms slightly out",,,
AM251_old-WM201,30.5882352941176,WM53,WM201,AM251_old,headswap,m,W,AM251_old-WM201.png,,scored,,,,0,clothed→model,1%,full,0.766,,pass,0.0136,7.4,0.0105,32.505,9.55,13.00,34.00,27.12,whr+vTaper+shoulderHip+legTorso+symmetry,6.70,6.22–7.42,6.70,6.22–7.42,m,100%,model,"an arm is by your waist, which can widen the silhouette — stand with arms slightly out",,,
AM251_old-WM26,43.2142857142857,WM53,WM26,AM251_old,headswap,m,W,AM251_old-WM26.png,,scored,,,,0,clothed→model,0%,full,0.738,,pass,0.0146,5.0,0.0141,39.457,21.40,27.05,42.70,36.43,whr+vTaper+shoulderHip+legTorso+symmetry,7.39,6.68–10.00,7.39,6.68–10.00,m,100%,model,"an arm is by your waist, which can widen the silhouette — stand with arms slightly out",,,
AM251_old-WM34,56,WM53,WM34,AM251_old,headswap,m,W,AM251_old-WM34.png,,scored,,waist-occluded,,0,clothed→model,0%,full,0.805,,pass,0.0262,25.3,0.1056,40.518,21.42,26.34,51.12,45.70,shoulderHip+legTorso+symmetry,7.44,6.71–10.00,7.44,6.71–10.00,m,100%,model,"an arm covered part of your waist or hips, so that cue was skipped — arms a few inches out reads the full frame",,,
AM251-BM10,53.9,WM53,BM10,AM251,headswap,m,B,AM251-BM10.png,,scored,,,,0,bare→geometry,91%,full,0.813,,pass,0.0313,1.0,0.0487,,10.64,15.25,25.64,21.63,whr+vTaper+shoulderHip+legTorso+symmetry,4.01,1.00–5.48,4.01,1.00–5.48,f,,guess,"an arm is by your waist, which can widen the silhouette — stand with arms slightly out",,,
AM251-BM33,36.8666666666667,WM53,BM33,AM251,headswap,m,B,AM251-BM33.png,,scored,,,,0,clothed→model,0%,full,0.816,,pass,0.0058,14.7,0.0157,35.214,20.72,27.65,26.84,31.73,vTaper+legTorso+symmetry,6.92,6.38–7.87,6.92,6.38–7.87,m,100%,model,"an arm covered part of your waist or hips, so that cue was skipped — arms a few inches out reads the full frame",,,
AM253_old-WM104,28.9090909090909,WM53,WM104,AM253_old,headswap,m,W,AM253_old-WM104.png,,scored,,,,0,clothed→model,0%,full,0.756,,pass,0.0327,1.4,0.0191,33.728,13.32,15.78,27.59,23.46,whr+vTaper+shoulderHip+legTorso+symmetry,6.81,6.30–7.62,6.81,6.30–7.62,m,100%,model,"an arm is by your waist, which can widen the silhouette — stand with arms slightly out",,,
AM253_old-WM53,38.8,WM53,WM53,AM253_old,headswap,m,W,AM253_old-WM53.png,,scored,,waist-occluded,,0,bare→geometry,61%,full,0.786,outline,pass,0.0172,6.8,0.0263,,43.34,53.15,62.00,65.31,shoulderHip+legTorso+symmetry,5.76,4.44–7.51,5.76,4.44–7.51,m,100%,model,"an arm covered part of your waist or hips, so that cue was skipped — arms a few inches out reads the full frame",,,
AM254_old-WM184,25,WM53,WM184,AM254_old,headswap,m,W,AM254_old-WM184.png,,scored,,,,0,clothed→model,4%,full,0.711,,pass,0.0199,4.2,0.0276,30.482,10.20,14.42,22.77,20.55,whr+vTaper+shoulderHip+legTorso+symmetry,6.47,6.03–7.06,6.47,6.03–7.06,m,100%,model,"an arm is by your waist, which can widen the silhouette — stand with arms slightly out",,,
AM254_old-WM196,46,WM53,WM196,AM254_old,headswap,m,W,AM254_old-WM196.png,,scored,,waist-occluded,,0,clothed→model,4%,full,0.802,,pass,0.0253,36.1,0.0591,40.839,35.89,47.35,59.26,62.59,shoulderHip+legTorso+symmetry,7.45,6.72–10.00,7.45,6.72–10.00,m,100%,model,"an arm covered part of your waist or hips, so that cue was skipped — arms a few inches out reads the full frame",,,
AM255,35.6875,AM255,AM255,AM255,original,m,A,AM255.png,,scored,,waist-occluded,,0,clothed→model,0%,full,0.828,,pass,0.0141,0.7,0.0186,36.023,50.09,57.06,35.56,47.59,shoulderHip+legTorso+symmetry,7.00,6.43–8.08,7.00,6.43–8.08,m,100%,model,"an arm covered part of your waist or hips, so that cue was skipped — arms a few inches out reads the full frame",,,
AM256,28.3333333333333,AM256,AM256,AM256,original,m,A,AM256.png,,scored,,,,0,clothed→model,0%,full,0.808,,pass,0.0869,0.8,0.0961,29.456,32.02,42.74,34.69,44.53,vTaper+legTorso+symmetry,6.42,5.98–6.98,6.42,5.98–6.98,m,100%,model,"an arm covered part of your waist or hips, so that cue was skipped — arms a few inches out reads the full frame",,,
AM257,28.5454545454545,AM257,AM257,AM257,original,m,A,AM257.png,,scored,,,,0,clothed→model,0%,full,0.845,,pass,0.0468,21.3,0.0424,26.611,15.76,21.04,39.75,32.14,whr+vTaper+shoulderHip+legTorso+symmetry,5.99,5.60–6.43,5.99,5.60–6.43,m,100%,model,"an arm is by your waist, which can widen the silhouette — stand with arms slightly out",,,
AM258,23.6923076923077,AM258,AM258,AM258,original,m,A,AM258.png,,scored,,,,0,clothed→model,7%,full,0.875,,pass,0.0366,36.0,0.0305,29.970,15.82,20.83,40.42,32.69,whr+vTaper+shoulderHip+legTorso+symmetry,6.45,6.01–7.03,6.45,6.01–7.03,m,100%,model,"an arm is by your waist, which can widen the silhouette — stand with arms slightly out",,,
AM259,17.3333333333333,AM259,AM259,AM259,original,m,A,AM259.png,,scored,,waist-occluded,,0,clothed→model,1%,full,0.848,,pass,0.0104,32.1,0.0519,29.052,35.15,45.18,86.88,78.90,shoulderHip+legTorso+symmetry,6.37,5.94–6.91,6.37,5.94–6.91,m,100%,model,"an arm covered part of your waist or hips, so that cue was skipped — arms a few inches out reads the full frame",,,
AM260,53.0714285714286,AM260,AM260,AM260,original,m,A,AM260.png,,scored,,waist-occluded,,0,clothed→model,0%,full,0.830,,pass,0.0131,13.6,0.0325,34.263,34.19,36.97,17.69,26.21,shoulderHip+legTorso+symmetry,6.84,6.32–7.68,6.84,6.32–7.68,m,,guess,"an arm covered part of your waist or hips, so that cue was skipped — arms a few inches out reads the full frame",,,
AM261,27.6153846153846,AM261,AM261,AM261,original,m,A,AM261.png,,scored,,,,0,clothed→model,32%,full,0.829,,pass,0.0256,7.9,0.0534,38.322,22.66,27.50,47.98,42.57,whr+vTaper+shoulderHip+legTorso+symmetry,7.15,6.54–8.78,7.15,6.54–8.78,m,100%,model,"an arm is by your waist, which can widen the silhouette — stand with arms slightly out",,,
AM262,38,AM262,AM262,AM262,original,m,A,AM262.png,,scored,,,,0,clothed→model,0%,full,0.844,,pass,0.0677,20.9,0.0831,31.725,15.97,19.42,31.11,25.37,whr+vTaper+shoulderHip+legTorso+symmetry,6.59,6.12–7.23,6.59,6.12–7.23,unknown,52%,unconfirmed,"an arm is by your waist, which can widen the silhouette — stand with arms slightly out",,,
AM263,33.0555555555556,AM263,AM263,AM263,original,m,A,AM263.png,,scored,,,,0,clothed→model,0%,full,0.829,,pass,0.0651,9.4,0.0661,35.093,16.15,21.04,40.67,33.26,whr+vTaper+shoulderHip+legTorso+symmetry,6.91,6.37–7.84,6.91,6.37–7.84,m,100%,model,"an arm is by your waist, which can widen the silhouette — stand with arms slightly out",,,
BF10,44.6153846153846,BF10,BF10,BF10,original,f,B,BF10.png,,scored,,,,0,clothed→model,22%,full,0.814,,pass,0.0020,17.0,0.0260,31.253,11.63,17.54,16.22,16.00,whr+vTaper+shoulderHip+legTorso+symmetry,6.52,6.07–7.13,6.52,6.07–7.13,f,,guess,,,,
BF11,34.5,WF36,BF11,BF11,original,f,B,BF11.png,,scored,,,,0,clothed→model,22%,full,0.770,,pass,0.0614,38.3,0.0666,36.386,17.77,26.63,15.85,17.01,whr+vTaper+shoulderHip+legTorso+symmetry,7.04,6.46–8.22,7.04,6.46–8.22,f,,guess,"an arm is by your waist, which can widen the silhouette — stand with arms slightly out",,,
BF11-BF14,50.4375,WF36,BF14,BF11,headswap,f,B,BF11-BF14.png,,scored,,,,0,clothed→model,0%,full,0.814,,pass,0.0301,6.8,0.0314,35.194,22.22,28.15,46.11,41.05,whr+vTaper+shoulderHip+legTorso+symmetry,6.92,6.38–7.86,6.92,6.38–7.86,f,,guess,"an arm is by your waist, which can widen the silhouette — stand with arms slightly out",,,
BF11-BF18,40.125,WF36,BF18,BF11,headswap,f,B,BF11-BF18.png,,scored,,,,0,clothed→model,20%,full,0.770,,pass,0.0092,0.5,0.0279,32.975,19.89,25.07,43.87,37.20,whr+vTaper+shoulderHip+legTorso+symmetry,6.76,6.26–7.53,6.76,6.26–7.53,f,100%,model,,,,
BF11-BF49,52.1333333333333,WF36,BF49,BF11,headswap,f,B,BF11-BF49.png,,scored,,,,0,clothed→model,6%,full,0.794,,pass,0.0518,35.1,0.2577,42.796,24.11,33.33,19.42,21.85,whr+vTaper+shoulderHip+legTorso+symmetry,7.76,6.87–10.00,7.76,6.87–10.00,unknown,64%,unconfirmed,"an arm is by your waist, which can widen the silhouette — stand with arms slightly out",,,
BF11-WF29,44.6153846153846,WF36,WF29,BF11,headswap,f,W,BF11-WF29.png,,scored,,,,0,clothed→model,1%,full,0.684,,pass,0.0435,3.8,0.0508,38.351,22.42,27.96,40.93,35.06,whr+vTaper+shoulderHip+legTorso+symmetry,7.15,6.54–8.83,7.15,6.54–8.83,f,,guess,,,,
BF11-WF41,45.1176470588235,WF36,WF41,BF11,headswap,f,W,BF11-WF41.png,,scored,,,,0,clothed→model,31%,full,0.701,,pass,0.0777,15.1,0.0734,49.726,14.87,19.90,38.37,30.69,whr+vTaper+shoulderHip+legTorso+symmetry,8.84,7.15–10.00,8.84,7.15–10.00,f,,guess,"an arm is by your waist, which can widen the silhouette — stand with arms slightly out",,,
BF11-WF62,38.2941176470588,WF36,WF62,BF11,headswap,f,W,BF11-WF62.png,,scored,,,,0,clothed→model,6%,full,0.805,,pass,0.0612,11.9,0.0510,26.134,10.77,15.83,21.69,18.97,whr+vTaper+shoulderHip+legTorso+symmetry,5.95,5.55–6.38,5.95,5.55–6.38,f,,guess,"an arm is by your waist, which can widen the silhouette — stand with arms slightly out",,,
BF12,57.2777777777778,WF95,BF12,BF12,original,f,B,BF12.png,,scored,,,,0,clothed→model,0%,full,0.799,,pass,0.0209,6.9,0.0121,32.788,11.76,15.71,35.15,29.05,whr+vTaper+shoulderHip+legTorso+symmetry,6.74,6.24–7.49,6.74,6.24–7.49,unknown,52%,unconfirmed,"an arm is by your waist, which can widen the silhouette — stand with arms slightly out",,,
BF13,46.8333333333333,BF13,BF13,BF13,original,f,B,BF13.png,,scored,,,,0,clothed→model,7%,full,0.782,,pass,0.0138,26.3,0.0263,37.826,20.86,28.94,24.72,31.52,vTaper+legTorso+symmetry,7.12,6.52–8.61,7.12,6.52–8.61,f,,guess,"an arm covered part of your waist or hips, so that cue was skipped — arms a few inches out reads the full frame",,,
BF14,25.7333333333333,WF36,BF14,BF14,original,f,B,BF14.png,,scored,,,,0,clothed→model,0%,full,0.840,,pass,0.0237,6.2,0.0200,36.792,22.62,28.82,46.32,41.29,whr+vTaper+shoulderHip+legTorso+symmetry,7.08,6.49–8.39,7.08,6.49–8.39,f,80%,model,"an arm is by your waist, which can widen the silhouette — stand with arms slightly out",,,
BF14-BF11,30.625,WF36,BF11,BF14,headswap,f,B,BF14-BF11.png,,scored,,,,0,clothed→model,21%,full,0.782,,pass,0.0677,35.1,0.0703,34.485,19.38,28.60,16.10,18.12,whr+vTaper+shoulderHip+legTorso+symmetry,6.86,6.33–7.72,6.86,6.33–7.72,f,80%,model,"an arm is by your waist, which can widen the silhouette — stand with arms slightly out",,,
BF14-BF16,10.3636363636364,WF36,BF16,BF14,headswap,f,B,BF14-BF16.png,,scored,,,,0,clothed→model,0%,full,0.842,,pass,0.0138,0.5,0.0427,35.429,12.11,16.79,25.04,22.63,whr+vTaper+shoulderHip+legTorso+symmetry,6.94,6.39–7.91,6.94,6.39–7.91,m,77%,model,"an arm is by your waist, which can widen the silhouette — stand with arms slightly out",,,
BF14-BF43,33.3809523809524,WF36,BF43,BF14,headswap,f,B,BF14-BF43.png,,scored,,waist-occluded,,0,clothed→model,0%,full,0.805,,pass,0.0595,1.1,0.0430,44.817,37.44,44.87,43.75,48.98,shoulderHip+legTorso+symmetry,8.01,6.97–10.00,8.01,6.97–10.00,unknown,54%,unconfirmed,"an arm covered part of your waist or hips, so that cue was skipped — arms a few inches out reads the full frame",,,
BF15,13.0833333333333,BF15,BF15,BF15,original,f,B,BF15.png,,scored,,,,0,clothed→model,10%,full,0.809,,pass,0.0131,9.0,0.0202,23.691,14.08,17.00,33.40,28.22,whr+vTaper+shoulderHip+legTorso+symmetry,5.65,5.26–6.05,5.65,5.26–6.05,f,,guess,"an arm is by your waist, which can widen the silhouette — stand with arms slightly out",,,
BF16,36.2352941176471,WF36,BF16,BF16,original,f,B,BF16.png,,scored,,,,0,clothed→model,0%,full,0.851,,pass,0.0172,22.5,0.0235,36.854,11.52,16.04,25.91,23.05,whr+vTaper+shoulderHip+legTorso+symmetry,7.08,6.49–8.40,7.08,6.49–8.40,unknown,59%,unconfirmed,"an arm is by your waist, which can widen the silhouette — stand with arms slightly out",,,
BF16-BF14,34.4666666666667,WF36,BF14,BF16,headswap,f,B,BF16-BF14.png,,scored,,,,0,clothed→model,0%,full,0.817,,pass,0.0329,0.8,0.0287,35.383,22.15,27.99,46.90,41.45,whr+vTaper+shoulderHip+legTorso+symmetry,6.93,6.39–7.90,6.93,6.39–7.90,f,85%,model,"an arm is by your waist, which can widen the silhouette — stand with arms slightly out",,,
BF16-BF39,38.05,WF36,BF39,BF16,headswap,f,B,BF16-BF39.png,,scored,,,,0,clothed→model,16%,full,0.698,,pass,0.0172,3.8,0.0219,38.956,12.26,16.72,35.73,28.71,whr+vTaper+shoulderHip+legTorso+symmetry,7.27,6.61–10.00,7.27,6.61–10.00,f,,guess,"an arm is by your waist, which can widen the silhouette — stand with arms slightly out",,,
BF16-BF43,35.5625,WF36,BF43,BF16,headswap,f,B,BF16-BF43.png,,scored,,waist-occluded,,0,clothed→model,0%,full,0.807,,pass,0.0439,2.9,0.0260,45.937,40.67,46.39,29.09,38.84,shoulderHip+legTorso+symmetry,8.18,7.03–10.00,8.18,7.03–10.00,unknown,55%,unconfirmed,"an arm covered part of your waist or hips, so that cue was skipped — arms a few inches out reads the full frame",,,
BF16-WF108,44,WF36,WF108,BF16,headswap,f,W,BF16-WF108.png,,scored,,,,0,clothed→model,2%,full,0.766,,pass,0.0394,31.9,0.2763,42.270,22.70,29.36,30.71,29.35,whr+vTaper+shoulderHip+legTorso+symmetry,7.66,6.83–10.00,7.66,6.83–10.00,f,,guess,"an arm is by your waist, which can widen the silhouette — stand with arms slightly out",,,
BF16-WF27,35.9310344827586,WF36,WF27,BF16,headswap,f,W,BF16-WF27.png,,scored,,,,0,clothed→model,16%,full,0.802,,pass,0.0301,3.7,0.0325,40.639,10.73,15.71,25.84,21.51,whr+vTaper+shoulderHip+legTorso+symmetry,7.44,6.72–10.00,7.44,6.72–10.00,unknown,71%,unconfirmed,,,,
BF16-WF57,27.1333333333333,WF36,WF57,BF16,headswap,f,W,BF16-WF57.png,,scored,,,,0,clothed→model,0%,full,0.785,,pass,0.0494,33.0,0.0547,34.036,15.44,22.14,18.14,18.96,whr+vTaper+shoulderHip+legTorso+symmetry,6.83,6.31–7.66,6.83,6.31–7.66,unknown,58%,unconfirmed,,,,
BF16-WF72,35.2631578947368,WF36,WF72,BF16,headswap,f,W,BF16-WF72.png,,scored,,,,0,clothed→model,0%,full,0.744,,pass,0.0215,2.8,0.0247,43.274,18.84,21.24,23.62,23.27,whr+vTaper+shoulderHip+legTorso+symmetry,7.83,6.90–10.00,7.83,6.90–10.00,f,88%,model,"an arm is by your waist, which can widen the silhouette — stand with arms slightly out",,,
BF17,43.9473684210526,BF17,BF17,BF17,original,f,B,BF17.png,,scored,,,,0,clothed→model,21%,full,0.780,,pass,0.0220,13.0,0.0181,34.305,16.13,21.60,35.82,31.15,whr+vTaper+shoulderHip+legTorso+symmetry,6.84,6.32–7.69,6.84,6.32–7.69,f,,guess,"an arm is by your waist, which can widen the silhouette — stand with arms slightly out",,,
BF18,48.7142857142857,WF36,BF18,BF18,original,f,B,BF18.png,,scored,,,,0,clothed→model,20%,full,0.783,,pass,0.0158,3.2,0.0243,35.794,15.58,19.54,38.00,31.28,whr+vTaper+shoulderHip+legTorso+symmetry,6.97,6.42–8.01,6.97,6.42–8.01,f,,guess,,,,
BF18-BF11,68.5333333333333,WF36,BF11,BF18,headswap,f,B,BF18-BF11.png,,scored,,,,0,clothed→model,22%,full,0.781,,pass,0.0754,30.2,0.0653,39.648,19.80,29.66,14.84,17.25,whr+vTaper+shoulderHip+legTorso+symmetry,7.39,6.69–10.00,7.39,6.69–10.00,f,,guess,"an arm is by your waist, which can widen the silhouette — stand with arms slightly out",,,
BF18-BF49,68.1666666666667,WF36,BF49,BF18,headswap,f,B,BF18-BF49.png,,scored,,,,0,clothed→model,7%,full,0.801,,pass,0.0449,33.4,0.2572,47.735,26.37,36.66,20.64,23.34,whr+vTaper+shoulderHip+legTorso+symmetry,8.53,7.11–10.00,8.53,7.11–10.00,f,,guess,"an arm is by your waist, which can widen the silhouette — stand with arms slightly out",,,
BF19,51.4166666666667,WF36,BF19,BF19,original,f,B,BF19.png,,scored,,,,0,clothed→model,0%,full,0.766,,pass,0.0229,6.4,0.0183,40.434,11.61,16.95,23.63,20.83,whr+vTaper+shoulderHip+legTorso+symmetry,7.43,6.71–10.00,7.43,6.71–10.00,f,,guess,"an arm is by your waist, which can widen the silhouette — stand with arms slightly out",,,
BF19-BF49,49.8095238095238,WF36,BF49,BF19,headswap,f,B,BF19-BF49.png,,scored,,,,0,clothed→model,7%,full,0.790,,pass,0.0417,34.0,0.2406,41.919,28.03,38.69,22.64,25.55,whr+vTaper+shoulderHip+legTorso+symmetry,7.56,6.78–10.00,7.56,6.78–10.00,unknown,60%,unconfirmed,"an arm is by your waist, which can widen the silhouette — stand with arms slightly out",,,
BF2,33.9375,BF2,BF2,BF2,original,f,B,BF2.png,,scored,,,,0,clothed→model,0%,full,0.807,,pass,0.0042,6.3,0.0349,28.169,18.04,24.79,29.57,27.56,whr+vTaper+shoulderHip+legTorso+symmetry,6.26,5.84–6.77,6.26,5.84–6.77,f,,guess,"an arm is by your waist, which can widen the silhouette — stand with arms slightly out",,,
BF24,55.5238095238095,BF24,BF24,BF24,original,f,B,BF24.png,,scored,,,,0,clothed→model,32%,full,0.784,,pass,0.0630,11.9,0.0714,31.046,20.41,28.12,28.13,27.11,whr+vTaper+shoulderHip+legTorso+symmetry,6.50,6.05–7.10,6.50,6.05–7.10,f,94%,model,"an arm is by your waist, which can widen the silhouette — stand with arms slightly out",,,
BF3,43.7777777777778,BF3,BF3,BF3,original,f,B,BF3.png,,scored,,,,0,clothed→model,26%,full,0.777,,pass,0.0201,14.2,0.0212,32.613,19.25,27.64,21.42,22.32,whr+vTaper+shoulderHip+legTorso+symmetry,6.72,6.23–7.46,6.72,6.23–7.46,m,99%,model,,,,
BF32-WF8,51.1428571428571,WF8,WF8,BF32,headswap,f,W,BF32-WF8.png,,scored,,waist-occluded,,0,bare→geometry,75%,full,0.759,outline,pass,0.0167,25.6,0.0161,,42.76,53.39,75.14,74.49,shoulderHip+legTorso+symmetry,7.17,5.62–10.00,7.17,5.62–10.00,f,99%,model,"an arm covered part of your waist or hips, so that cue was skipped — arms a few inches out reads the full frame",,,
BF33-WF35,29.2222222222222,WF35,WF35,BF33,headswap,f,W,BF33-WF35.png,,scored,,,,0,clothed→model,2%,full,0.761,,pass,0.0527,20.2,0.0359,31.254,9.94,14.55,24.31,20.47,whr+vTaper+shoulderHip+legTorso+symmetry,6.52,6.07–7.13,6.52,6.07–7.13,f,,guess,,,,
BF34-WF62,35.7058823529412,WF36,WF62,BF34,headswap,f,W,BF34-WF62.png,,scored,,,,0,clothed→model,5%,full,0.768,,pass,0.0526,5.8,0.0389,25.707,12.39,18.00,22.19,20.09,whr+vTaper+shoulderHip+legTorso+symmetry,5.92,5.53–6.35,5.92,5.53–6.35,unknown,65%,unconfirmed,,,,
BF35,47.25,BF35,BF35,BF35,original,f,B,BF35.png,,scored,,,,0,clothed→model,5%,full,0.753,,pass,0.0567,11.6,0.0557,40.483,28.15,40.68,21.00,25.44,whr+vTaper+shoulderHip+legTorso+symmetry,7.44,6.71–10.00,7.44,6.71–10.00,f,,guess,"an arm is by your waist, which can widen the silhouette — stand with arms slightly out",,,
BF36,28.0526315789474,BF36,BF36,BF36,original,f,B,BF36.png,,scored,,,,0,clothed→model,1%,full,0.782,,pass,0.0585,2.9,0.0634,27.828,25.20,33.08,36.62,35.78,whr+vTaper+shoulderHip+legTorso+symmetry,6.19,5.78–6.68,6.19,5.78–6.68,m,97%,model,"an arm is by your waist, which can widen the silhouette — stand with arms slightly out",,,
BF37-WF81,51.3125,WF81,WF81,BF37,headswap,f,W,BF37-WF81.png,,scored,,,,0,clothed→model,39%,full,0.753,,pass,0.0213,7.0,0.0375,33.246,28.45,39.93,26.83,29.37,whr+vTaper+shoulderHip+legTorso+symmetry,6.78,6.28–7.57,6.78,6.28–7.57,f,100%,model,"an arm is by your waist, which can widen the silhouette — stand with arms slightly out · the torso reads as borderline clothed/bare (39% skin), so the headline may be routed to the wrong instrument (model vs. silhouette) — if the score looks off, that is likely why",,,
BF38,30.6666666666667,BF38,BF38,BF38,original,f,B,BF38.png,,scored,,,,0,clothed→model,24%,full,0.817,,pass,0.0353,8.8,0.0259,28.887,18.29,25.57,19.92,22.07,whr+vTaper+shoulderHip+legTorso+symmetry,6.35,5.92–6.88,6.35,5.92–6.88,f,98%,model,"an arm is by your waist, which can widen the silhouette — stand with arms slightly out",,,
BF39,43.7647058823529,WF36,BF39,BF39,original,f,B,BF39.png,,scored,,,,0,clothed→model,17%,full,0.746,,pass,0.0054,2.4,0.0098,37.730,11.69,16.00,35.34,28.39,whr+vTaper+shoulderHip+legTorso+symmetry,7.12,6.52–8.59,7.12,6.52–8.59,f,,guess,,,,
BF39-BF16,28.1052631578947,WF36,BF16,BF39,headswap,f,B,BF39-BF16.png,,scored,,,,0,clothed→model,0%,full,0.825,,pass,0.0110,1.8,0.0299,37.561,11.46,15.59,30.17,25.76,whr+vTaper+shoulderHip+legTorso+symmetry,7.11,6.51–8.55,7.11,6.51–8.55,f,98%,model,"an arm is by your waist, which can widen the silhouette — stand with arms slightly out",,,
BF4,36.1111111111111,WF101,BF4,BF4,original,f,B,BF4.png,,scored,,,,0,clothed→model,0%,full,0.778,,pass,0.0120,6.1,0.0220,35.982,12.73,16.98,37.62,30.19,whr+vTaper+shoulderHip+legTorso+symmetry,6.99,6.43–8.07,6.99,6.43–8.07,f,100%,model,"an arm is by your waist, which can widen the silhouette — stand with arms slightly out",,,
BF40,30.0625,WF36,BF40,BF40,original,f,B,BF40.png,,scored,,,,0,clothed→model,0%,full,0.797,,pass,0.0299,5.7,0.0228,28.878,17.65,27.64,14.86,15.82,whr+vTaper+shoulderHip+legTorso+symmetry,6.35,5.92–6.88,6.35,5.92–6.88,f,,guess,"an arm is by your waist, which can widen the silhouette — stand with arms slightly out",,,
BF40-WF3,40,WF36,WF3,BF40,headswap,f,W,BF40-WF3.png,,scored,,,,0,clothed→model,0%,full,0.748,,pass,0.0034,3.0,0.0133,44.761,18.56,24.41,32.30,31.06,whr+vTaper+shoulderHip+legTorso+symmetry,8.00,6.97–10.00,8.00,6.97–10.00,f,,guess,"an arm is by your waist, which can widen the silhouette — stand with arms slightly out",,,
BF41,19.8333333333333,BF41,BF41,BF41,original,f,B,BF41.png,,scored,,waist-occluded,,0,clothed→model,0%,full,0.791,,pass,0.0127,8.2,0.0482,33.202,76.27,72.02,76.27,72.02,legTorso+symmetry,6.78,6.28–7.57,6.78,6.28–7.57,unknown,,unknown,"an arm covered part of your waist or hips, so that cue was skipped — arms a few inches out reads the full frame",,,
BF42,24.6153846153846,BF42,BF42,BF42,original,f,B,BF42.png,,scored,,,,0,clothed→model,40%,full,0.777,,pass,0.0484,2.2,0.0542,38.496,30.41,44.38,22.17,28.27,whr+vTaper+shoulderHip+legTorso+symmetry,7.19,6.56–9.20,7.19,6.56–9.20,f,,guess,"the torso reads as borderline clothed/bare (40% skin), so the headline may be routed to the wrong instrument (model vs. silhouette) — if the score looks off, that is likely why",,,
BF43,64.9565217391304,WF36,BF43,BF43,original,f,B,BF43.png,,scored,,waist-occluded,,0,clothed→model,0%,full,0.812,,pass,0.0435,2.6,0.0321,45.643,41.97,49.29,37.85,46.61,shoulderHip+legTorso+symmetry,8.13,7.01–10.00,8.13,7.01–10.00,unknown,,unknown,"an arm covered part of your waist or hips, so that cue was skipped — arms a few inches out reads the full frame",,,
BF43-BF14,51.9230769230769,WF36,BF14,BF43,headswap,f,B,BF43-BF14.png,,scored,,,,0,clothed→model,0%,full,0.807,,pass,0.0196,5.8,0.0178,37.456,22.09,27.97,46.84,41.43,whr+vTaper+shoulderHip+legTorso+symmetry,7.11,6.51–8.52,7.11,6.51–8.52,f,100%,model,"an arm is by your waist, which can widen the silhouette — stand with arms slightly out",,,
BF43-BF16,43.8333333333333,WF36,BF16,BF43,headswap,f,B,BF43-BF16.png,,scored,,,,0,clothed→model,0%,full,0.832,,pass,0.0174,8.9,0.0285,39.152,13.41,18.56,24.89,23.23,whr+vTaper+shoulderHip+legTorso+symmetry,7.32,6.64–10.00,7.32,6.64–10.00,f,,guess,"an arm is by your waist, which can widen the silhouette — stand with arms slightly out",,,
BF43-BF55,24,WF36,BF55,BF43,headswap,f,B,BF43-BF55.png,,scored,,waist-occluded,,0,bare→geometry,99%,full,0.797,outline,pass,0.0218,10.8,0.0639,,29.46,40.18,30.75,41.03,shoulderHip+legTorso+symmetry,4.89,1.00–6.16,4.89,1.00–6.16,f,,guess,"an arm covered part of your waist or hips, so that cue was skipped — arms a few inches out reads the full frame",,,
BF43-BF85,58,WF36,BF85,BF43,headswap,f,B,BF43-BF85.png,,scored,,,,0,clothed→model,1%,full,0.726,,pass,0.0186,1.8,0.2256,45.408,25.55,31.19,49.53,42.28,whr+vTaper+shoulderHip+legTorso+symmetry,8.09,7.00–10.00,8.09,7.00–10.00,f,,guess,"an arm is by your waist, which can widen the silhouette — stand with arms slightly out",,,
BF43-WF10,35.5,WF36,WF10,BF43,headswap,f,W,BF43-WF10.png,,scored,,,,0,clothed→model,10%,full,0.799,,pass,0.1569,37.8,0.2439,33.424,30.94,44.14,22.60,28.07,whr+vTaper+shoulderHip+legTorso+symmetry,6.79,6.28–7.59,6.79,6.28–7.59,f,,guess,"an arm is by your waist, which can widen the silhouette — stand with arms slightly out",,,
BF43-WF108,48.3181818181818,WF36,WF108,BF43,headswap,f,W,BF43-WF108.png,,scored,,waist-occluded,,0,clothed→model,1%,full,0.761,,pass,0.0478,26.0,0.2661,44.342,74.73,66.89,74.73,66.89,legTorso+symmetry,7.95,6.95–10.00,7.95,6.95–10.00,unknown,,unknown,"an arm covered part of your waist or hips, so that cue was skipped — arms a few inches out reads the full frame",,,
BF43-WF6,58.8421052631579,WF36,WF6,BF43,headswap,f,W,BF43-WF6.png,,scored,,waist-occluded,,0,clothed→model,0%,full,0.742,,pass,0.0535,28.7,0.0709,31.998,32.41,39.77,57.27,55.98,shoulderHip+legTorso+symmetry,6.62,6.14–7.27,6.62,6.14–7.27,f,,guess,"an arm covered part of your waist or hips, so that cue was skipped — arms a few inches out reads the full frame",,,
BF44,50.4285714285714,BF44,BF44,BF44,original,f,B,BF44.png,,scored,,,,0,clothed→model,21%,full,0.807,,pass,0.0348,6.5,0.2654,41.082,33.43,49.21,35.27,51.44,whr+vTaper+shoulderHip+legTorso+symmetry,7.47,6.73–10.00,7.47,6.73–10.00,f,100%,model,"an arm is by your waist, which can widen the silhouette — stand with arms slightly out",,,
BF45-WF66,49.9411764705882,WF66,WF66,BF45,headswap,f,W,BF45-WF66.png,,scored,,,,0,clothed→model,0%,full,0.776,,pass,0.0369,11.4,0.0308,27.596,17.28,23.64,31.23,28.36,whr+vTaper+shoulderHip+legTorso+symmetry,6.18,5.77–6.66,6.18,5.77–6.66,f,,guess,"an arm is by your waist, which can widen the silhouette — stand with arms slightly out",,,
BF46-WF41,47.4375,WF36,WF41,BF46,headswap,f,W,BF46-WF41.png,,scored,,,,0,clothed→model,32%,full,0.738,,pass,0.0819,4.9,0.0770,49.989,14.58,20.09,30.46,26.04,whr+vTaper+shoulderHip+legTorso+symmetry,8.86,7.16–10.00,8.86,7.16–10.00,f,100%,model,"an arm is by your waist, which can widen the silhouette — stand with arms slightly out",,,
BF48,41.9047619047619,BF48,BF48,BF48,original,f,B,BF48.png,,scored,,,,0,clothed→model,0%,full,0.804,,pass,0.0051,3.2,0.0234,36.996,24.65,27.60,26.01,27.64,whr+vTaper+shoulderHip+legTorso+symmetry,7.09,6.50–8.43,7.09,6.50–8.43,f,94%,model,"an arm is by your waist, which can widen the silhouette — stand with arms slightly out",,,
BF49,66.9090909090909,WF36,BF49,BF49,original,f,B,BF49.png,,scored,,,,0,clothed→model,8%,full,0.798,,pass,0.0223,32.6,0.2136,50.572,28.09,39.29,21.37,24.85,whr+vTaper+shoulderHip+legTorso+symmetry,8.90,7.16–10.00,8.90,7.16–10.00,f,,guess,"an arm is by your waist, which can widen the silhouette — stand with arms slightly out",,,
BF49-BF11,35.5384615384615,WF36,BF11,BF49,headswap,f,B,BF49-BF11.png,,scored,,,,0,clothed→model,22%,full,0.776,,pass,0.0667,36.1,0.0642,35.788,19.79,29.38,15.69,17.96,whr+vTaper+shoulderHip+legTorso+symmetry,6.97,6.42–8.01,6.97,6.42–8.01,f,,guess,,,,
BF49-BF18,49.0434782608696,WF36,BF18,BF49,headswap,f,B,BF49-BF18.png,,scored,,,,0,clothed→model,36%,full,0.778,,pass,0.0134,3.2,0.0235,28.916,15.32,19.48,38.65,31.51,whr+vTaper+shoulderHip+legTorso+symmetry,6.35,5.93–6.89,6.35,5.93–6.89,f,,guess,"an arm is by your waist, which can widen the silhouette — stand with arms slightly out · the torso reads as borderline clothed/bare (36% skin), so the headline may be routed to the wrong instrument (model vs. silhouette) — if the score looks off, that is likely why",,,
BF49-BF19,37.6428571428571,WF36,BF19,BF49,headswap,f,B,BF49-BF19.png,,scored,,,,0,clothed→model,0%,full,0.751,,pass,0.0415,2.3,0.0343,29.168,9.53,14.03,23.62,19.92,whr+vTaper+shoulderHip+legTorso+symmetry,6.39,5.95–6.94,6.39,5.95–6.94,f,,guess,"an arm is by your waist, which can widen the silhouette — stand with arms slightly out",,,
BF49-BF84,60.2,WF36,BF84,BF49,headswap,f,B,BF49-BF84.png,,scored,,waist-occluded,,0,clothed→model,0%,full,0.798,,pass,0.0697,9.3,0.1245,46.421,39.78,50.31,90.44,83.33,shoulderHip+legTorso+symmetry,8.26,7.05–10.00,8.26,7.05–10.00,f,,guess,"an arm covered part of your waist or hips, so that cue was skipped — arms a few inches out reads the full frame",,,
BF49-WF28,51.5833333333333,WF36,WF28,BF49,headswap,f,W,BF49-WF28.png,,scored,,waist-occluded,,0,clothed→model,1%,full,0.725,,pass,0.0027,13.5,0.0070,38.491,49.57,50.55,49.57,50.55,legTorso+symmetry,7.19,6.56–9.18,7.19,6.56–9.18,unknown,,unknown,"an arm covered part of your waist or hips, so that cue was skipped — arms a few inches out reads the full frame",,,
BF49-WF29,56.3333333333333,WF36,WF29,BF49,headswap,f,W,BF49-WF29.png,,scored,,,,0,clothed→model,2%,full,0.689,,pass,0.0398,7.6,0.0371,36.989,19.66,24.61,31.88,26.57,whr+vTaper+shoulderHip+legTorso+symmetry,7.09,6.50–8.42,7.09,6.50–8.42,f,,guess,"an arm is by your waist, which can widen the silhouette — stand with arms slightly out",,,
BF49-WF41,55,WF36,WF41,BF49,headswap,f,W,BF49-WF41.png,,scored,,,,0,clothed→model,29%,full,0.698,,pass,0.0832,1.8,0.0728,49.088,13.86,18.67,37.87,29.28,whr+vTaper+shoulderHip+legTorso+symmetry,8.79,7.15–10.00,8.79,7.15–10.00,f,,guess,"an arm is by your waist, which can widen the silhouette — stand with arms slightly out",,,
BF49-WF62,44.3125,WF36,WF62,BF49,headswap,f,W,BF49-WF62.png,,scored,,,,0,clothed→model,5%,full,0.816,,pass,0.0647,11.9,0.0533,22.444,10.53,15.33,22.93,19.74,whr+vTaper+shoulderHip+legTorso+symmetry,5.58,5.19–5.97,5.58,5.19–5.97,f,,guess,"an arm is by your waist, which can widen the silhouette — stand with arms slightly out",,,
BF5,30.6,BF5,BF5,BF5,original,f,B,BF5.png,,scored,,,,0,clothed→model,0%,full,0.795,,pass,0.0406,5.5,0.0383,23.159,21.53,30.10,22.15,24.28,whr+vTaper+shoulderHip+legTorso+symmetry,5.62,5.23–6.02,5.62,5.23–6.02,f,,guess,,,,
BF50,49.2352941176471,BF50,BF50,BF50,original,f,B,BF50.png,,scored,,,,0,bare→geometry,82%,full,0.793,,pass,0.0228,15.5,0.0336,,24.48,30.32,49.62,43.94,whr+vTaper+shoulderHip+legTorso+symmetry,5.69,4.35–7.34,5.69,4.35–7.34,f,100%,model,"an arm is by your waist, which can widen the silhouette — stand with arms slightly out",,,
BF51-WF79,52.65,WF79,WF79,BF51,headswap,f,W,BF51-WF79.png,,scored,,,,0,clothed→model,1%,full,0.796,,pass,0.0184,9.6,0.0227,41.829,16.81,22.24,41.01,33.86,whr+vTaper+shoulderHip+legTorso+symmetry,7.55,6.77–10.00,7.55,6.77–10.00,f,100%,model,"an arm is by your waist, which can widen the silhouette — stand with arms slightly out",,,
BF52-WF36,48.2666666666667,WF36,WF36,BF52,headswap,f,W,BF52-WF36.png,,scored,,,,0,clothed→model,19%,full,0.829,,pass,0.0239,20.1,0.0807,25.417,13.66,21.55,10.52,11.66,whr+vTaper+shoulderHip+legTorso+symmetry,5.90,5.51–6.33,5.90,5.51–6.33,f,,guess,"an arm is by your waist, which can widen the silhouette — stand with arms slightly out",,,
BF53-WF79,33.375,WF79,WF79,BF53,headswap,f,W,BF53-WF79.png,,scored,,,,0,clothed→model,0%,full,0.775,,pass,0.0260,6.4,0.0292,33.726,13.96,18.71,34.09,29.16,whr+vTaper+shoulderHip+legTorso+symmetry,6.81,6.30–7.62,6.81,6.30–7.62,f,100%,model,"an arm is by your waist, which can widen the silhouette — stand with arms slightly out",,,
BF54-WF82,59.7272727272727,WF82,WF82,BF54,headswap,f,W,BF54-WF82.png,,scored,,,,0,clothed→model,11%,full,0.828,,pass,0.0304,10.1,0.0616,47.527,21.58,29.44,34.45,31.40,whr+vTaper+shoulderHip+legTorso+symmetry,8.48,7.10–10.00,8.48,7.10–10.00,f,,guess,,,,
BF55-BF43,51.0769230769231,WF36,BF43,BF55,headswap,f,B,BF55-BF43.png,,scored,,waist-occluded,,0,clothed→model,0%,full,0.798,,pass,0.0481,13.4,0.0296,46.391,43.19,47.75,26.30,36.74,shoulderHip+legTorso+symmetry,8.25,7.05–10.00,8.25,7.05–10.00,unknown,73%,unconfirmed,"an arm covered part of your waist or hips, so that cue was skipped — arms a few inches out reads the full frame",,,
BF55-WF84,34.4444444444444,WF36,WF84,BF55,headswap,f,W,BF55-WF84.png,,scored,,waist-occluded,,0,bare→geometry,97%,full,0.810,outline,pass,0.0140,9.0,0.0657,,19.04,27.55,20.34,28.39,shoulderHip+legTorso+symmetry,3.99–4.04,1.00–5.50,3.99–4.04,1.00–5.50,unknown,71%,unconfirmed,"an arm covered part of your waist or hips, so that cue was skipped — arms a few inches out reads the full frame",,,
BF56,61.3636363636364,WF42,BF56,BF56,original,f,B,BF56.png,,scored,,waist-occluded,,0,clothed→model,0%,full,0.821,,pass,0.0765,11.8,0.0774,39.016,40.90,51.90,92.75,85.70,shoulderHip+legTorso+symmetry,7.28,6.62–10.00,7.28,6.62–10.00,f,,guess,"an arm covered part of your waist or hips, so that cue was skipped — arms a few inches out reads the full frame",,,
BF57,75.6666666666667,BF57,BF57,BF57,original,f,B,BF57.png,,scored,,waist-occluded,,0,clothed→model,1%,full,0.807,,pass,0.0604,9.0,0.0748,51.678,39.11,51.00,65.11,67.94,shoulderHip+legTorso+symmetry,9.00,7.17–10.00,9.00,7.17–10.00,f,,guess,"an arm covered part of your waist or hips, so that cue was skipped — arms a few inches out reads the full frame",,,
BF58,47.4285714285714,BF58,BF58,BF58,original,f,B,BF58.png,,scored,,waist-occluded,,0,bare→geometry,71%,torso,0.771,framing+outline,degraded,0.0467,1.3,,,6.82,6.82,93.59,93.59,shoulderHip,9.21,5.84–10.00,9.21,5.84–10.00,f,,guess,"non-standard framing: the photo is cropped above the feet — the score scale was calibrated on full-body shots — scored anyway at reduced accuracy · an arm covered part of your waist or hips, so that cue was skipped — arms a few inches out reads the full frame",,,
BF59,47.7142857142857,WF101,BF59,BF59,original,f,B,BF59.png,,scored,,waist-occluded,,0,bare→geometry,99%,full,0.791,outline,pass,0.0629,16.3,0.1069,,72.95,68.14,72.95,68.14,legTorso+symmetry,6.88–6.88,5.46–10.00,6.88–6.88,5.46–10.00,unknown,,unknown,"an arm covered part of your waist or hips, so that cue was skipped — arms a few inches out reads the full frame",,,
BF6,64,BF6,BF6,BF6,original,f,B,BF6.png,,scored,,,,0,clothed→model,33%,full,0.799,,pass,0.0130,3.2,0.0100,38.985,23.63,29.99,47.45,42.73,whr+vTaper+shoulderHip+legTorso+symmetry,7.28,6.62–10.00,7.28,6.62–10.00,f,,guess,"an arm is by your waist, which can widen the silhouette — stand with arms slightly out",,,
BF60,44.5789473684211,BF60,BF60,BF60,original,f,B,BF60.png,,scored,,,,0,clothed→model,4%,full,0.801,,pass,0.0226,8.0,0.0217,31.909,19.68,28.44,17.73,20.39,whr+vTaper+shoulderHip+legTorso+symmetry,6.61,6.14–7.26,6.61,6.14–7.26,f,,guess,"an arm is by your waist, which can widen the silhouette — stand with arms slightly out",,,
BF61,26.8571428571429,WF36,BF61,BF61,original,f,B,BF61.png,,scored,,,,0,clothed→model,6%,full,0.803,,pass,0.0916,6.7,0.0849,35.951,29.73,42.48,21.29,26.56,whr+vTaper+shoulderHip+legTorso+symmetry,6.99,6.43–8.06,6.99,6.43–8.06,f,99%,model,,,,
BF61-WF72,38.8333333333333,WF36,WF72,BF61,headswap,f,W,BF61-WF72.png,,scored,,,,0,clothed→model,0%,full,0.742,,pass,0.0272,0.2,0.0255,43.656,20.05,22.65,24.84,24.94,whr+vTaper+shoulderHip+legTorso+symmetry,7.87,6.92–10.00,7.87,6.92–10.00,f,99%,model,"an arm is by your waist, which can widen the silhouette — stand with arms slightly out",,,
BF62,26.6666666666667,BF62,BF62,BF62,original,f,B,BF62.png,,scored,,,,0,clothed→model,0%,full,0.810,,pass,0.0373,41.5,0.0291,22.381,14.40,19.07,38.67,31.68,whr+vTaper+shoulderHip+legTorso+symmetry,5.57,5.19–5.97,5.57,5.19–5.97,f,,guess,"an arm is by your waist, which can widen the silhouette — stand with arms slightly out",,,
BF63,42.55,WF36,BF63,BF63,original,f,B,BF63.png,,scored,,,,0,clothed→model,30%,full,0.799,,pass,0.0476,60.1,0.0333,33.250,26.41,34.62,44.21,40.75,whr+vTaper+shoulderHip+legTorso+symmetry,6.78,6.28–7.57,6.78,6.28–7.57,f,,guess,"an arm is by your waist, which can widen the silhouette — stand with arms slightly out",,,
BF63-WF28,38.9130434782609,WF36,WF28,BF63,headswap,f,W,BF63-WF28.png,,scored,,waist-occluded,,0,clothed→model,0%,full,0.728,,pass,0.0077,17.0,0.0107,34.988,42.00,44.17,42.00,44.17,legTorso+symmetry,6.90,6.36–7.82,6.90,6.36–7.82,unknown,,unknown,"an arm covered part of your waist or hips, so that cue was skipped — arms a few inches out reads the full frame",,,
BF64,57.95,BF64,BF64,BF64,original,f,B,BF64.png,,refused,This body is too side-on for frontal width ratios. Use a front-facing photo.,pose-quality:profile,This body is too side-on for frontal width ratios. Use a front-facing photo.,0,,,,,,profile,,,,,,,,,,,,,,,,,,,,
BF65,27.3333333333333,BF65,BF65,BF65,original,f,B,BF65.png,,scored,,,,0,clothed→geometry,15%,torso,0.677,framing,degraded,0.0371,0.3,,,6.41,7.37,36.15,25.93,whr+vTaper+shoulderHip,4.57,1.00–6.05,4.57,1.00–6.05,f,,guess,"non-standard framing: the photo is cropped above the feet — the score scale was calibrated on full-body shots — scored anyway at reduced accuracy · an arm is by your waist, which can widen the silhouette — stand with arms slightly out",,,
BF66,27.875,BF66,BF66,BF66,original,f,B,BF66.png,,scored,,waist-occluded,,0,clothed→model,0%,full,0.783,,pass,0.0167,0.9,0.3580,32.102,42.89,48.54,53.52,55.47,shoulderHip+legTorso+symmetry,6.63,6.15–7.29,6.63,6.15–7.29,f,,guess,"an arm covered part of your waist or hips, so that cue was skipped — arms a few inches out reads the full frame",,,
BF68,43,BF68,BF68,BF68,original,f,B,BF68.png,,scored,,waist-occluded,,0,bare→geometry,96%,full,0.749,outline,pass,0.0113,1.4,0.0119,,46.65,55.99,48.94,57.49,shoulderHip+legTorso+symmetry,5.98–6.04,4.70–10.00,5.98–6.04,4.70–10.00,unknown,,unknown,"an arm covered part of your waist or hips, so that cue was skipped — arms a few inches out reads the full frame",,,
BF7,60.3684210526316,BF7,BF7,BF7,original,f,B,BF7.png,,scored,,,,0,bare→geometry,66%,full,0.798,,pass,0.0426,3.4,0.0573,,19.81,26.03,39.35,34.69,whr+vTaper+shoulderHip+legTorso+symmetry,4.92,1.00–6.19,4.92,1.00–6.19,f,,guess,"an arm is by your waist, which can widen the silhouette — stand with arms slightly out",,,
BF70,36.08,WF36,BF70,BF70,original,f,B,BF70.png,,scored,,waist-occluded,,0,bare→geometry,89%,torso,0.537,framing+outline,degraded,0.0750,4.2,,,6.82,6.82,93.59,93.59,shoulderHip,3.01,1.00–5.28,3.01,1.00–5.28,m,100%,model,"non-standard framing: the photo is cropped above the feet — the score scale was calibrated on full-body shots — scored anyway at reduced accuracy · an arm covered part of your waist or hips, so that cue was skipped — arms a few inches out reads the full frame",,,
BF70-WF3,43.3181818181818,WF36,WF3,BF70,headswap,f,W,BF70-WF3.png,,scored,,,,0,clothed→model,0%,full,0.751,,pass,0.0176,10.5,0.0124,45.102,16.84,21.66,40.22,35.11,whr+vTaper+shoulderHip+legTorso+symmetry,8.05,6.99–10.00,8.05,6.99–10.00,m,88%,model,"an arm is by your waist, which can widen the silhouette — stand with arms slightly out",,,
BF71,62.6470588235294,BF71,BF71,BF71,original,f,B,BF71.png,,scored,,waist-occluded,,0,bare→geometry,52%,torso,0.420,framing+outline,degraded,0.0980,50.7,,,1.94,1.94,3.66,3.66,shoulderHip,2.86,1.00–5.25,2.86,1.00–5.25,f,88%,model,"non-standard framing: the photo is cropped above the feet — the score scale was calibrated on full-body shots — scored anyway at reduced accuracy · an arm covered part of your waist or hips, so that cue was skipped — arms a few inches out reads the full frame · the torso reads as borderline clothed/bare (52% skin), so the headline may be routed to the wrong instrument (model vs. silhouette) — if the score looks off, that is likely why",,,
BF72,40.2727272727273,BF72,BF72,BF72,original,f,B,BF72.png,,scored,,,,0,clothed→model,0%,full,0.802,,pass,0.0288,13.0,0.0156,37.684,23.30,33.85,18.96,22.20,whr+vTaper+shoulderHip+legTorso+symmetry,7.12,6.52–8.58,7.12,6.52–8.58,unknown,72%,unconfirmed,"an arm is by your waist, which can widen the silhouette — stand with arms slightly out",,,
BF73,47.4117647058824,BF73,BF73,BF73,original,f,B,BF73.png,,scored,,,,0,clothed→model,3%,full,0.768,,pass,0.1344,48.8,0.4029,32.383,25.16,33.45,23.77,24.70,whr+vTaper+shoulderHip+legTorso+symmetry,6.68,6.20–7.39,6.68,6.20–7.39,f,,guess,"an arm is by your waist, which can widen the silhouette — stand with arms slightly out",,,
BF74,72.1363636363636,BF74,BF74,BF74,original,f,B,BF74.png,,scored,,,,0,clothed→model,8%,full,0.784,,pass,0.0058,40.9,0.0391,44.044,21.66,29.48,27.70,28.28,whr+vTaper+shoulderHip+legTorso+symmetry,7.91,6.94–10.00,7.91,6.94–10.00,f,94%,model,"an arm is by your waist, which can widen the silhouette — stand with arms slightly out",,,
BF75,63.6818181818182,BF75,BF75,BF75,original,f,B,BF75.png,,scored,,waist-occluded,,0,bare→geometry,99%,full,0.791,outline,pass,0.0510,33.1,0.0422,,41.67,52.26,82.69,79.00,shoulderHip+legTorso+symmetry,7.73,5.83–10.00,7.73,5.83–10.00,f,,guess,"an arm covered part of your waist or hips, so that cue was skipped — arms a few inches out reads the full frame",,,
BF76,26.2,BF76,BF76,BF76,original,f,B,BF76.png,,scored,,,,0,clothed→model,0%,full,0.792,,pass,0.0240,9.4,0.1442,26.739,34.61,34.19,25.92,28.17,whr+vTaper+shoulderHip+legTorso+symmetry,6.03,5.63–6.47,6.03,5.63–6.47,m,,guess,"an arm is by your waist, which can widen the silhouette — stand with arms slightly out",,,
BF77,46.8666666666667,BF77,BF77,BF77,original,f,B,BF77.png,,scored,,waist-occluded,,0,clothed→model,4%,full,0.766,,pass,0.0273,18.2,0.0322,50.038,50.42,56.88,34.63,46.59,shoulderHip+legTorso+symmetry,8.86,7.16–10.00,8.86,7.16–10.00,m,,guess,"an arm covered part of your waist or hips, so that cue was skipped — arms a few inches out reads the full frame",,,
BF78,44.8181818181818,BF78,BF78,BF78,original,f,B,BF78.png,,scored,,,,0,clothed→geometry,22%,torso,0.751,framing,degraded,0.0785,68.5,,,4.43,4.43,8.10,8.10,vTaper,2.90–3.08,1.00–5.30,2.90–3.08,1.00–5.30,unknown,51%,unconfirmed,"non-standard framing: the photo is cropped above the feet — the score scale was calibrated on full-body shots — scored anyway at reduced accuracy · an arm covered part of your waist or hips, so that cue was skipped — arms a few inches out reads the full frame",,,
BF79,48.3,WF36,BF79,BF79,original,f,B,BF79.png,,scored,,,,0,clothed→model,19%,full,0.754,,pass,0.0525,4.3,0.1375,30.135,28.44,40.20,21.36,25.47,whr+vTaper+shoulderHip+legTorso+symmetry,6.46,6.02–7.04,6.46,6.02–7.04,m,98%,model,"an arm is by your waist, which can widen the silhouette — stand with arms slightly out",,,
BF79-WF28,40.15,WF36,WF28,BF79,headswap,f,W,BF79-WF28.png,,scored,,waist-occluded,,0,clothed→model,20%,full,0.732,,pass,0.0030,4.5,0.0091,38.876,35.05,38.41,35.05,38.41,legTorso+symmetry,7.26,6.61–10.00,7.26,6.61–10.00,m,97%,model,"an arm covered part of your waist or hips, so that cue was skipped — arms a few inches out reads the full frame",,,
BF8,47.3571428571429,BF8,BF8,BF8,original,f,B,BF8.png,,scored,,,,0,clothed→model,8%,full,0.758,,pass,0.0347,4.2,0.0730,37.142,24.54,35.64,19.95,22.63,whr+vTaper+shoulderHip+legTorso+symmetry,7.09,6.50–8.45,7.09,6.50–8.45,f,,guess,"an arm is by your waist, which can widen the silhouette — stand with arms slightly out",,,
BF80,59.875,BF80,BF80,BF80,original,f,B,BF80.png,,scored,,waist-occluded,,0,clothed→model,25%,full,0.768,,pass,0.0289,14.9,0.0466,41.209,43.65,54.47,82.57,79.85,shoulderHip+legTorso+symmetry,7.48,6.74–10.00,7.48,6.74–10.00,unknown,51%,unconfirmed,"an arm covered part of your waist or hips, so that cue was skipped — arms a few inches out reads the full frame",,,
BF81,38.3076923076923,BF81,BF81,BF81,original,f,B,BF81.png,,scored,,waist-occluded,,0,clothed→model,17%,full,0.759,,pass,0.0372,31.2,0.2023,31.277,29.65,35.80,69.84,62.00,shoulderHip+legTorso+symmetry,6.52,6.07–7.13,6.52,6.07–7.13,f,86%,model,"an arm covered part of your waist or hips, so that cue was skipped — arms a few inches out reads the full frame",,,
BF82,61.8333333333333,BF82,BF82,BF82,original,f,B,BF82.png,,scored,,,,0,bare→geometry,47%,full,0.760,,pass,0.0264,51.8,0.1044,,28.90,43.94,23.99,34.56,whr+vTaper+shoulderHip+legTorso+symmetry,4.45,1.00–5.77,4.45,1.00–5.77,f,,guess,"an arm is by your waist, which can widen the silhouette — stand with arms slightly out · the torso reads as borderline clothed/bare (47% skin), so the headline may be routed to the wrong instrument (model vs. silhouette) — if the score looks off, that is likely why",,,
BF83,55.0714285714286,WF36,BF83,BF83,original,f,B,BF83.png,,scored,,waist-occluded,,0,clothed→geometry,5%,torso,0.477,framing+outline,degraded,0.0416,39.3,,,17.33,17.33,36.76,36.76,shoulderHip,4.92,1.00–6.39,4.92,1.00–6.39,f,,guess,"non-standard framing: the photo is cropped above the feet — the score scale was calibrated on full-body shots — scored anyway at reduced accuracy · an arm covered part of your waist or hips, so that cue was skipped — arms a few inches out reads the full frame",,,
BF84,61.4444444444444,WF36,BF84,BF84,original,f,B,BF84.png,,scored,,waist-occluded,,0,clothed→model,0%,full,0.791,,pass,0.0585,16.0,0.1239,47.256,38.44,49.30,76.11,73.85,shoulderHip+legTorso+symmetry,8.42,7.09–10.00,8.42,7.09–10.00,m,87%,model,"an arm covered part of your waist or hips, so that cue was skipped — arms a few inches out reads the full frame",,,
BF84-BF49,64.4285714285714,WF36,BF49,BF84,headswap,f,B,BF84-BF49.png,,scored,,,,0,clothed→model,7%,full,0.776,,pass,0.0569,46.9,0.2733,48.869,27.89,38.94,21.11,24.20,whr+vTaper+shoulderHip+legTorso+symmetry,8.78,7.15–10.00,8.78,7.15–10.00,unknown,61%,unconfirmed,"an arm is by your waist, which can widen the silhouette — stand with arms slightly out",,,
BF85,67.7,WF36,BF85,BF85,original,f,B,BF85.png,,scored,,,,0,clothed→model,1%,full,0.728,,pass,0.0299,3.8,0.2448,35.966,34.12,40.04,36.12,33.32,whr+vTaper+shoulderHip+legTorso+symmetry,6.99,6.43–8.06,6.99,6.43–8.06,f,,guess,"an arm is by your waist, which can widen the silhouette — stand with arms slightly out",,,
BF85-BF43,49.8461538461538,WF36,BF43,BF85,headswap,f,B,BF85-BF43.png,,scored,,waist-occluded,,0,clothed→model,0%,full,0.807,,pass,0.0368,8.3,0.0287,43.453,38.53,44.29,29.30,38.28,shoulderHip+legTorso+symmetry,7.85,6.91–10.00,7.85,6.91–10.00,unknown,,unknown,"an arm covered part of your waist or hips, so that cue was skipped — arms a few inches out reads the full frame",,,
BF85-WF3,72.4666666666667,WF36,WF3,BF85,headswap,f,W,BF85-WF3.png,,scored,,,,0,clothed→model,0%,full,0.740,,pass,0.0581,10.4,0.0738,46.223,17.02,21.64,36.32,32.81,whr+vTaper+shoulderHip+legTorso+symmetry,8.22,7.04–10.00,8.22,7.04–10.00,f,,guess,"an arm is by your waist, which can widen the silhouette — stand with arms slightly out",,,
BF85-WF72,47.8461538461538,WF36,WF72,BF85,headswap,f,W,BF85-WF72.png,,scored,,waist-occluded,,0,clothed→model,1%,full,0.752,,pass,0.0254,5.5,0.0292,39.494,39.31,41.58,39.31,41.58,legTorso+symmetry,7.39,6.68–10.00,7.39,6.68–10.00,f,100%,model,"an arm covered part of your waist or hips, so that cue was skipped — arms a few inches out reads the full frame",,,
BF9,55.3529411764706,BF9,BF9,BF9,original,f,B,BF9.png,,scored,,,,0,clothed→model,0%,full,0.805,,pass,0.0260,12.2,0.0298,39.724,22.25,30.58,26.24,33.24,vTaper+legTorso+symmetry,7.40,6.69–10.00,7.40,6.69–10.00,unknown,56%,unconfirmed,"an arm covered part of your waist or hips, so that cue was skipped — arms a few inches out reads the full frame",,,
BM10,49.6875,WM53,BM10,BM10,original,m,B,BM10.png,,scored,,,,0,bare→geometry,91%,full,0.812,,pass,0.0290,5.3,0.0436,,12.04,16.99,25.62,22.47,whr+vTaper+shoulderHip+legTorso+symmetry,3.60,1.00–5.28,3.60,1.00–5.28,m,100%,model,"an arm is by your waist, which can widen the silhouette — stand with arms slightly out",,,
BM105,59.8947368421053,BM105,BM105,BM105,original,m,B,BM105.png,,scored,,,,0,clothed→model,2%,full,0.752,,pass,0.0041,18.4,0.1015,36.259,21.22,25.93,46.79,40.33,whr+vTaper+shoulderHip+legTorso+symmetry,7.02,6.45–8.17,7.02,6.45–8.17,f,,guess,"an arm is by your waist, which can widen the silhouette — stand with arms slightly out",,,
BM106,72.6666666666667,BM106,BM106,BM106,original,m,B,BM106.png,,scored,,waist-occluded,,0,clothed→model,0%,full,0.836,,pass,0.0103,14.2,0.0192,41.273,36.55,46.57,81.39,75.80,shoulderHip+legTorso+symmetry,7.49,6.74–10.00,7.49,6.74–10.00,f,,guess,"an arm covered part of your waist or hips, so that cue was skipped — arms a few inches out reads the full frame",,,
BM107,66.9333333333333,BM107,BM107,BM107,original,m,B,BM107.png,,scored,,waist-occluded,,0,clothed→model,1%,full,0.760,,pass,0.0097,2.4,0.0115,42.613,56.47,63.50,38.24,51.61,shoulderHip+legTorso+symmetry,7.73,6.86–10.00,7.73,6.86–10.00,m,,guess,"an arm covered part of your waist or hips, so that cue was skipped — arms a few inches out reads the full frame",,,
BM108,60.9090909090909,BM108,BM108,BM108,original,m,B,BM108.png,,scored,,waist-occluded,,0,clothed→model,7%,full,0.708,,pass,0.0757,66.7,0.3925,33.739,24.52,30.27,46.52,44.61,shoulderHip+legTorso+symmetry,6.81,6.30–7.62,6.81,6.30–7.62,m,100%,model,"an arm covered part of your waist or hips, so that cue was skipped — arms a few inches out reads the full frame",,,
BM11,29.1343244653104,BM11,BM11,BM11,original,m,B,BM11.png,,scored,,,,0,bare→geometry,56%,full,0.782,,pass,0.0245,1.3,0.0528,,10.37,14.17,27.82,23.70,whr+vTaper+shoulderHip+legTorso+symmetry,3.49,1.00–5.24,3.49,1.00–5.24,m,100%,model,"an arm is by your waist, which can widen the silhouette — stand with arms slightly out",,,
BM115,69.1460244648318,BM115,BM115,BM115,original,m,B,BM115.png,,scored,,,,0,bare→geometry,95%,full,0.799,,pass,0.0489,43.9,0.1126,,20.80,30.02,17.13,19.38,whr+vTaper+shoulderHip+legTorso+symmetry,4.16,1.00–5.57,4.16,1.00–5.57,m,100%,model,"an arm is by your waist, which can widen the silhouette — stand with arms slightly out",,,
BM116,60.9333333333333,BM116,BM116,BM116,original,m,B,BM116.png,,scored,,,,0,bare→geometry,65%,full,0.777,,pass,0.0341,16.5,0.0293,,22.64,29.38,30.62,32.31,whr+vTaper+shoulderHip+legTorso+symmetry,4.58,1.00–5.88,4.58,1.00–5.88,f,,guess,"an arm is by your waist, which can widen the silhouette — stand with arms slightly out",,,
BM118,63.6875,BM118,BM118,BM118,original,m,B,BM118.png,,scored,,,,0,clothed→model,5%,full,0.742,,pass,0.0716,10.6,0.0648,45.631,22.52,27.81,47.91,42.75,whr+vTaper+shoulderHip+legTorso+symmetry,8.13,7.01–10.00,8.13,7.01–10.00,m,100%,model,"an arm is by your waist, which can widen the silhouette — stand with arms slightly out",,,
BM119,35.1176470588235,BM119,BM119,BM119,original,m,B,BM119.png,,scored,,,,0,bare→geometry,92%,full,0.731,,pass,0.0112,5.4,0.0179,,19.00,25.87,18.99,22.94,whr+vTaper+shoulderHip+legTorso+symmetry,3.96,1.00–5.45,3.96,1.00–5.45,m,100%,model,,,,
BM12,46.7163814180929,WM53,BM12,BM12,original,m,B,BM12.png,,scored,,,,0,clothed→model,0%,full,0.795,,pass,0.0115,5.6,0.0224,36.369,15.64,20.05,41.22,34.09,whr+vTaper+shoulderHip+legTorso+symmetry,7.04,6.46–8.21,7.04,6.46–8.21,m,100%,model,"an arm is by your waist, which can widen the silhouette — stand with arms slightly out",,,
BM12-BM81,59.6666666666667,WM53,BM81,BM12,headswap,m,B,BM12-BM81.png,,scored,,waist-occluded,,0,clothed→model,9%,full,0.795,,pass,0.0414,10.0,0.0777,41.167,27.33,33.92,58.74,54.40,shoulderHip+legTorso+symmetry,7.47,6.73–10.00,7.47,6.73–10.00,m,100%,model,"an arm covered part of your waist or hips, so that cue was skipped — arms a few inches out reads the full frame",,,
BM120,71.3257575757576,BM120,BM120,BM120,original,m,B,BM120.png,,scored,,,,0,clothed→model,0%,full,0.792,,pass,0.0128,2.7,0.0243,45.153,18.05,23.20,40.12,35.55,whr+vTaper+shoulderHip+legTorso+symmetry,8.06,6.99–10.00,8.06,6.99–10.00,m,100%,model,"an arm is by your waist, which can widen the silhouette — stand with arms slightly out",,,
BM123,73.3174603174603,BM123,BM123,BM123,original,m,B,BM123.png,,scored,,,,0,clothed→model,2%,full,0.818,,pass,0.0810,2.2,0.0708,44.707,19.13,24.23,43.02,35.67,whr+vTaper+shoulderHip+legTorso+symmetry,7.99,6.97–10.00,7.99,6.97–10.00,m,100%,model,"an arm is by your waist, which can widen the silhouette — stand with arms slightly out",,,
BM126,70.0833333333333,BM126,BM126,BM126,original,m,B,BM126.png,,scored,,waist-occluded,,0,clothed→model,1%,full,0.786,,pass,0.0080,26.5,0.0200,37.904,46.45,48.16,21.93,32.18,shoulderHip+legTorso+symmetry,7.13,6.52–8.64,7.13,6.52–8.64,m,100%,model,"an arm covered part of your waist or hips, so that cue was skipped — arms a few inches out reads the full frame",,,
BM127,31.0952380952381,BM127,BM127,BM127,original,m,B,BM127.png,,scored,,,,0,clothed→model,0%,full,0.823,,pass,0.0126,2.1,0.0181,32.102,19.56,27.15,23.95,25.02,whr+vTaper+shoulderHip+legTorso+symmetry,6.63,6.15–7.29,6.63,6.15–7.29,m,100%,model,"an arm is by your waist, which can widen the silhouette — stand with arms slightly out",,,
BM128,32.2457912457912,BM128,BM128,BM128,original,m,B,BM128.png,,scored,,waist-occluded,,0,clothed→model,2%,full,0.705,,pass,0.0124,8.2,0.0279,25.114,24.48,28.22,20.67,25.74,shoulderHip+legTorso+symmetry,5.88,5.49–6.30,5.88,5.49–6.30,m,100%,model,"an arm covered part of your waist or hips, so that cue was skipped — arms a few inches out reads the full frame",,,
BM129,31.0034722222222,BM129,BM129,BM129,original,m,B,BM129.png,,scored,,,,0,clothed→model,0%,full,0.806,,pass,0.0316,1.4,0.0213,41.604,13.67,18.58,30.88,27.12,whr+vTaper+shoulderHip+legTorso+symmetry,7.53,6.76–10.00,7.53,6.76–10.00,f,,guess,"an arm is by your waist, which can widen the silhouette — stand with arms slightly out",,,
BM13,36.5,BM13,BM13,BM13,original,m,B,BM13.png,,scored,,,,0,clothed→model,1%,full,0.813,,pass,0.0363,17.3,0.0400,30.347,15.04,20.42,33.49,28.75,whr+vTaper+shoulderHip+legTorso+symmetry,6.47,6.02–7.05,6.47,6.02–7.05,m,100%,model,"an arm is by your waist, which can widen the silhouette — stand with arms slightly out",,,
BM130,22.7272727272727,BM130,BM130,BM130,original,m,B,BM130.png,,scored,,,,0,clothed→model,5%,full,0.735,,pass,0.0687,8.3,0.0567,30.225,9.64,13.00,33.81,26.51,whr+vTaper+shoulderHip+legTorso+symmetry,6.46,6.02–7.04,6.46,6.02–7.04,m,100%,model,"an arm is by your waist, which can widen the silhouette — stand with arms slightly out",,,
BM131,30.4,BM131,BM131,BM131,original,m,B,BM131.png,,scored,,,,0,clothed→model,2%,full,0.691,,pass,0.0029,17.8,0.0344,34.498,13.12,16.87,38.95,31.83,whr+vTaper+shoulderHip+legTorso+symmetry,6.86,6.33–7.72,6.86,6.33–7.72,f,,guess,"an arm is by your waist, which can widen the silhouette — stand with arms slightly out",,,
BM132,20.0714285714286,BM132,BM132,BM132,original,m,B,BM132.png,,scored,,,,0,clothed→model,0%,full,0.730,,pass,0.0396,16.0,0.0421,36.595,14.90,23.00,18.98,17.32,whr+vTaper+shoulderHip+legTorso+symmetry,7.06,6.48–8.31,7.06,6.48–8.31,f,,guess,"an arm is by your waist, which can widen the silhouette — stand with arms slightly out",,,
BM133,18,BM133,BM133,BM133,original,m,B,BM133.png,,scored,,,,0,clothed→model,0%,full,0.714,,pass,0.0601,26.7,0.0536,30.385,23.75,31.39,29.19,35.02,vTaper+legTorso+symmetry,6.47,6.02–7.05,6.47,6.02–7.05,m,100%,model,"an arm covered part of your waist or hips, so that cue was skipped — arms a few inches out reads the full frame",,,
BM134,33.9444444444444,BM134,BM134,BM134,original,m,B,BM134.png,,scored,,waist-occluded,,0,clothed→model,9%,full,0.752,,pass,0.0836,29.3,0.0943,26.848,21.86,25.61,30.69,31.37,shoulderHip+legTorso+symmetry,6.05,5.65–6.50,6.05,5.65–6.50,f,,guess,"an arm covered part of your waist or hips, so that cue was skipped — arms a few inches out reads the full frame",,,
BM135,33.9444444444444,BM135,BM135,BM135,original,m,B,BM135.png,,scored,,,,0,bare→geometry,79%,full,0.744,,pass,0.0278,33.3,0.0508,,12.86,16.54,38.51,31.30,whr+vTaper+shoulderHip+legTorso+symmetry,3.61,1.00–5.28,3.61,1.00–5.28,m,100%,model,"an arm is by your waist, which can widen the silhouette — stand with arms slightly out",,,
BM136,25.5849673202614,BM136,BM136,BM136,original,m,B,BM136.png,,scored,,,,0,clothed→model,34%,full,0.751,,pass,0.0819,19.3,0.0541,23.899,33.31,45.01,35.66,46.58,vTaper+legTorso+symmetry,5.67,5.28–6.07,5.67,5.28–6.07,m,100%,model,"an arm covered part of your waist or hips, so that cue was skipped — arms a few inches out reads the full frame",,,
BM137,28.996996996997,BM137,BM137,BM137,original,m,B,BM137.png,,scored,,,,0,bare→geometry,96%,full,0.833,,pass,0.0078,30.1,0.0168,,12.50,18.62,14.19,15.56,whr+vTaper+shoulderHip+legTorso+symmetry,3.64,1.00–5.29,3.64,1.00–5.29,m,100%,model,"an arm is by your waist, which can widen the silhouette — stand with arms slightly out",,,
BM138,30.3636363636364,BM138,BM138,BM138,original,m,B,BM138.png,,scored,,,,0,clothed→model,9%,full,0.785,,pass,0.0626,5.6,0.0728,27.803,10.80,15.85,15.49,15.38,whr+vTaper+shoulderHip+legTorso+symmetry,6.19,5.78–6.68,6.19,5.78–6.68,m,100%,model,"an arm is by your waist, which can widen the silhouette — stand with arms slightly out",,,
BM139,24.8803418803419,BM139,BM139,BM139,original,m,B,BM139.png,,scored,,,,0,clothed→model,5%,full,0.768,,pass,0.0206,7.6,0.0332,28.777,14.73,20.49,34.05,28.24,whr+vTaper+shoulderHip+legTorso+symmetry,6.34,5.92–6.87,6.34,5.92–6.87,m,99%,model,"an arm is by your waist, which can widen the silhouette — stand with arms slightly out",,,
BM14,38.424884542244,BM14,BM14,BM14,original,m,B,BM14.png,,scored,,,,0,clothed→model,7%,full,0.801,,pass,0.0495,5.3,0.0487,33.007,13.79,20.37,21.58,19.57,whr+vTaper+shoulderHip+legTorso+symmetry,6.76,6.26–7.53,6.76,6.26–7.53,m,100%,model,,,,
BM140,31.8450292397661,BM140,BM140,BM140,original,m,B,BM140.png,,scored,,,,0,clothed→model,0%,full,0.745,,pass,0.0115,3.3,0.0165,31.206,11.85,17.24,17.38,17.63,whr+vTaper+shoulderHip+legTorso+symmetry,6.52,6.06–7.12,6.52,6.06–7.12,m,100%,model,"an arm is by your waist, which can widen the silhouette — stand with arms slightly out",,,
BM141,57.7777777777778,BM141,BM141,BM141,original,m,B,BM141.png,,scored,,,,0,clothed→model,0%,full,0.814,,pass,0.0121,0.9,0.0225,44.624,22.92,31.68,24.13,26.50,whr+vTaper+shoulderHip+legTorso+symmetry,7.98,6.96–10.00,7.98,6.96–10.00,f,,guess,"an arm is by your waist, which can widen the silhouette — stand with arms slightly out",,,
BM142,63.0526315789474,BM142,BM142,BM142,original,m,B,BM142.png,,scored,,,,0,clothed→model,1%,full,0.790,,pass,0.0368,0.9,0.0643,39.551,22.18,29.06,29.47,30.61,whr+vTaper+shoulderHip+legTorso+symmetry,7.39,6.69–10.00,7.39,6.69–10.00,m,100%,model,,,,
BM143,64.4615384615385,BM143,BM143,BM143,original,m,B,BM143.png,,scored,,,,0,clothed→model,1%,full,0.728,,pass,0.0388,11.8,0.0553,38.981,22.85,29.54,36.40,35.32,whr+vTaper+shoulderHip+legTorso+symmetry,7.28,6.62–10.00,7.28,6.62–10.00,m,100%,model,"an arm is by your waist, which can widen the silhouette — stand with arms slightly out",,,
BM144,50.3809523809524,BM144,BM144,BM144,original,m,B,BM144.png,,scored,,,,0,clothed→model,0%,full,0.742,,pass,0.0422,6.9,0.0306,32.906,22.83,30.81,31.28,31.11,whr+vTaper+shoulderHip+legTorso+symmetry,6.75,6.25–7.51,6.75,6.25–7.51,f,,guess,"an arm is by your waist, which can widen the silhouette — stand with arms slightly out",,,
BM145,31.0808080808081,BM145,BM145,BM145,original,m,B,BM145.png,,scored,,,,0,clothed→model,0%,full,0.715,,pass,0.0022,14.2,0.0027,39.593,22.73,31.18,22.83,26.35,whr+vTaper+shoulderHip+legTorso+symmetry,7.39,6.69–10.00,7.39,6.69–10.00,f,,guess,,,,
BM146,42.1111111111111,BM146,BM146,BM146,original,m,B,BM146.png,,scored,,waist-occluded,,0,bare→geometry,60%,full,0.739,outline,pass,0.0740,60.3,0.0710,,37.84,50.09,42.14,52.90,shoulderHip+legTorso+symmetry,5.54,4.11–7.02,5.54,4.11–7.02,m,99%,model,"an arm covered part of your waist or hips, so that cue was skipped — arms a few inches out reads the full frame",,,
BM147,38.2190476190476,BM147,BM147,BM147,original,m,B,BM147.png,,scored,,,,0,bare→geometry,53%,full,0.736,,pass,0.0423,9.5,0.0901,,15.34,18.29,37.67,31.61,whr+vTaper+shoulderHip+legTorso+symmetry,4.80,1.00–6.07,4.80,1.00–6.07,f,,guess,"the torso reads as borderline clothed/bare (53% skin), so the headline may be routed to the wrong instrument (model vs. silhouette) — if the score looks off, that is likely why",,,
BM148,35.25,BM148,BM148,BM148,original,m,B,BM148.png,,scored,,,,0,clothed→model,0%,full,0.767,,pass,0.0569,48.0,0.0715,27.721,29.54,32.72,28.63,30.39,whr+vTaper+shoulderHip+legTorso+symmetry,6.19,5.78–6.67,6.19,5.78–6.67,m,98%,model,"an arm is by your waist, which can widen the silhouette — stand with arms slightly out",,,
BM149,49.9166666666667,BM149,BM149,BM149,original,m,B,BM149.png,,scored,,,,0,clothed→model,0%,full,0.788,,pass,0.0274,29.0,0.0149,39.101,19.22,26.40,24.06,25.34,whr+vTaper+shoulderHip+legTorso+symmetry,7.30,6.63–10.00,7.30,6.63–10.00,f,,guess,"an arm is by your waist, which can widen the silhouette — stand with arms slightly out",,,
BM15,28,BM15,BM15,BM15,original,m,B,BM15.png,,scored,,,,0,clothed→model,0%,full,0.780,,pass,0.0190,21.8,0.0137,29.149,8.42,12.38,23.78,20.07,whr+vTaper+shoulderHip+legTorso+symmetry,6.39,5.95–6.93,6.39,5.95–6.93,m,100%,model,"an arm is by your waist, which can widen the silhouette — stand with arms slightly out",,,
BM150,57.5868945868946,BM150,BM150,BM150,original,m,B,BM150.png,,scored,,,,0,clothed→model,0%,full,0.730,,pass,0.0165,21.2,0.0090,36.917,22.75,28.51,47.98,42.07,whr+vTaper+shoulderHip+legTorso+symmetry,7.08,6.49–8.41,7.08,6.49–8.41,f,,guess,"an arm is by your waist, which can widen the silhouette — stand with arms slightly out",,,
BM151,63.6538461538462,BM151,BM151,BM151,original,m,B,BM151.png,,scored,,,,0,clothed→model,0%,full,0.800,,pass,0.0500,38.3,0.0422,45.781,25.00,34.45,27.94,36.40,vTaper+legTorso+symmetry,8.15,7.02–10.00,8.15,7.02–10.00,m,100%,model,"an arm covered part of your waist or hips, so that cue was skipped — arms a few inches out reads the full frame",,,
BM152,55.2142857142857,BM152,BM152,BM152,original,m,B,BM152.png,,scored,,waist-occluded,,0,clothed→model,1%,full,0.721,,pass,0.0398,16.8,0.1099,35.711,53.37,51.77,53.37,51.77,legTorso+symmetry,6.96,6.41–7.99,6.96,6.41–7.99,unknown,,unknown,"an arm covered part of your waist or hips, so that cue was skipped — arms a few inches out reads the full frame",,,
BM153,57.25,BM153,BM153,BM153,original,m,B,BM153.png,,scored,,waist-occluded,,0,bare→geometry,99%,full,0.789,outline,pass,0.0335,18.4,0.0251,,39.84,51.42,91.44,85.05,shoulderHip+legTorso+symmetry,8.79,6.00–10.00,8.79,6.00–10.00,f,,guess,"an arm covered part of your waist or hips, so that cue was skipped — arms a few inches out reads the full frame",,,
BM154,59.3333333333333,BM154,BM154,BM154,original,m,B,BM154.png,,scored,,,,0,clothed→model,0%,full,0.797,,pass,0.0150,26.0,0.0518,41.926,21.81,29.04,27.86,29.11,whr+vTaper+shoulderHip+legTorso+symmetry,7.56,6.78–10.00,7.56,6.78–10.00,f,,guess,"an arm is by your waist, which can widen the silhouette — stand with arms slightly out",,,
BM155,65.4174174174174,BM155,BM155,BM155,original,m,B,BM155.png,,scored,,waist-occluded,,0,clothed→model,0%,full,0.738,,pass,0.0537,8.5,0.0427,38.087,54.30,61.14,37.67,50.30,shoulderHip+legTorso+symmetry,7.14,6.53–8.69,7.14,6.53–8.69,m,100%,model,"an arm covered part of your waist or hips, so that cue was skipped — arms a few inches out reads the full frame",,,
BM156,28.1913580246914,BM156,BM156,BM156,original,m,B,BM156.png,,scored,,waist-occluded,,0,clothed→model,0%,full,0.802,,pass,0.0246,11.3,0.0365,33.687,14.08,19.13,58.39,48.02,shoulderHip+legTorso+symmetry,6.81,6.29–7.62,6.81,6.29–7.62,f,,guess,"an arm covered part of your waist or hips, so that cue was skipped — arms a few inches out reads the full frame",,,
BM157,31.8095238095238,BM157,BM157,BM157,original,m,B,BM157.png,,scored,,waist-occluded,,0,clothed→model,0%,full,0.791,,pass,0.0160,0.1,0.0235,26.232,21.53,27.37,49.78,45.79,shoulderHip+legTorso+symmetry,5.95,5.56–6.39,5.95,5.56–6.39,m,100%,model,"an arm covered part of your waist or hips, so that cue was skipped — arms a few inches out reads the full frame",,,
BM158,14.7262872628726,BM158,BM158,BM158,original,m,B,BM158.png,,scored,,waist-occluded,,0,clothed→model,0%,full,0.703,,pass,0.0786,20.9,0.1256,33.329,12.40,17.16,63.03,50.16,shoulderHip+legTorso+symmetry,6.79,6.28–7.58,6.79,6.28–7.58,f,,guess,"an arm covered part of your waist or hips, so that cue was skipped — arms a few inches out reads the full frame",,,
BM159,20.5217391304348,BM159,BM159,BM159,original,m,B,BM159.png,,scored,,,,0,clothed→model,5%,full,0.709,,pass,0.0172,26.7,0.0294,26.266,17.07,24.69,19.99,26.63,vTaper+legTorso+symmetry,5.96,5.56–6.39,5.96,5.56–6.39,m,95%,model,"an arm covered part of your waist or hips, so that cue was skipped — arms a few inches out reads the full frame",,,
BM16,35.7647058823529,BM16,BM16,BM16,original,m,B,BM16.png,,scored,,,,0,clothed→model,1%,full,0.806,,pass,0.0190,4.3,0.0167,34.670,18.91,25.55,32.02,30.06,whr+vTaper+shoulderHip+legTorso+symmetry,6.87,6.34–7.76,6.87,6.34–7.76,f,,guess,"an arm is by your waist, which can widen the silhouette — stand with arms slightly out",,,
BM17,50.4444444444444,BM17,BM17,BM17,original,m,B,BM17.png,,scored,,,,0,clothed→model,0%,full,0.731,,pass,0.0253,1.5,0.0235,42.038,13.66,19.65,26.23,23.06,whr+vTaper+shoulderHip+legTorso+symmetry,7.59,6.79–10.00,7.59,6.79–10.00,m,100%,model,"an arm is by your waist, which can widen the silhouette — stand with arms slightly out",,,
BM18,38.2222222222222,WM53,BM18,BM18,original,m,B,BM18.png,,scored,,,,0,bare→geometry,46%,full,0.803,,pass,0.0123,8.2,0.0321,,17.53,21.94,40.79,34.12,whr+vTaper+shoulderHip+legTorso+symmetry,4.95,1.00–6.22,4.95,1.00–6.22,f,,guess,"an arm is by your waist, which can widen the silhouette — stand with arms slightly out · the torso reads as borderline clothed/bare (46% skin), so the headline may be routed to the wrong instrument (model vs. silhouette) — if the score looks off, that is likely why",,,
BM18-WM193,34.7894736842105,WM53,WM193,BM18,headswap,m,W,BM18-WM193.png,,scored,,,,0,clothed→model,0%,full,0.683,,pass,0.0077,23.1,0.0151,33.821,18.46,20.93,20.02,18.70,whr+vTaper+shoulderHip+legTorso+symmetry,6.81,6.30–7.63,6.81,6.30–7.63,f,,guess,"an arm is by your waist, which can widen the silhouette — stand with arms slightly out",,,
BM19,64.8,BM19,BM19,BM19,original,m,B,BM19.png,,scored,,,,0,clothed→model,0%,full,0.776,,pass,0.0142,3.8,0.0232,28.839,15.36,22.96,17.65,24.49,vTaper+legTorso+symmetry,6.35,5.92–6.88,6.35,5.92–6.88,f,,guess,"an arm covered part of your waist or hips, so that cue was skipped — arms a few inches out reads the full frame",,,
BM2,47.6315789473684,BM2,BM2,BM2,original,m,B,BM2.png,,scored,,,,0,clothed→model,1%,full,0.789,,pass,0.0415,5.5,0.0442,33.328,16.12,23.39,18.92,25.26,vTaper+legTorso+symmetry,6.79,6.28–7.58,6.79,6.28–7.58,m,86%,model,"an arm covered part of your waist or hips, so that cue was skipped — arms a few inches out reads the full frame",,,
BM20,32.8241878241878,BM20,BM20,BM20,original,m,B,BM20.png,,scored,,,,0,clothed→model,0%,full,0.778,,pass,0.0426,3.5,0.0366,35.969,18.41,17.85,12.48,13.47,whr+vTaper+shoulderHip+legTorso+symmetry,6.99,6.43–8.07,6.99,6.43–8.07,m,,guess,"an arm is by your waist, which can widen the silhouette — stand with arms slightly out",,,
BM21,34.5714285714286,BM21,BM21,BM21,original,m,B,BM21.png,,scored,,,,0,clothed→model,0%,full,0.761,,pass,0.0685,11.1,0.0892,24.754,16.46,23.12,24.08,22.61,whr+vTaper+shoulderHip+legTorso+symmetry,5.85,5.46–6.27,5.85,5.46–6.27,m,100%,model,,,,
BM22,28.0769230769231,BM22,BM22,BM22,original,m,B,BM22.png,,scored,,,,0,clothed→model,0%,full,0.774,,pass,0.0368,9.5,0.0433,28.647,8.73,11.79,33.24,26.08,whr+vTaper+shoulderHip+legTorso+symmetry,6.33,5.91–6.86,6.33,5.91–6.86,m,100%,model,"an arm is by your waist, which can widen the silhouette — stand with arms slightly out",,,
BM23,42.88,WM53,BM23,BM23,original,m,B,BM23.png,,scored,,,,0,clothed→model,0%,full,0.802,,pass,0.0186,17.3,0.0262,35.204,21.90,29.77,42.63,36.03,whr+vTaper+shoulderHip+legTorso+symmetry,6.92,6.38–7.86,6.92,6.38–7.86,m,100%,model,"an arm is by your waist, which can widen the silhouette — stand with arms slightly out",,,
BM23-BM81,61.0526315789474,WM53,BM81,BM23,headswap,m,B,BM23-BM81.png,,scored,,waist-occluded,,0,clothed→model,9%,full,0.814,,pass,0.0267,9.9,0.0630,45.429,29.43,36.40,56.60,54.11,shoulderHip+legTorso+symmetry,8.10,7.00–10.00,8.10,7.00–10.00,f,,guess,"an arm covered part of your waist or hips, so that cue was skipped — arms a few inches out reads the full frame",,,
BM26,52.9285714285714,BM26,BM26,BM26,original,m,B,BM26.png,,scored,,,,0,clothed→model,0%,full,0.802,,pass,0.0292,0.7,0.0440,41.903,9.36,13.64,24.77,20.55,whr+vTaper+shoulderHip+legTorso+symmetry,7.56,6.78–10.00,7.56,6.78–10.00,f,,guess,,,,
BM27,36.8571428571429,BM27,BM27,BM27,original,m,B,BM27.png,,scored,,waist-occluded,,0,clothed→model,0%,full,0.852,,pass,0.0196,6.8,0.0162,31.955,19.45,23.27,24.21,26.37,shoulderHip+legTorso+symmetry,6.61,6.14–7.27,6.61,6.14–7.27,m,100%,model,"an arm covered part of your waist or hips, so that cue was skipped — arms a few inches out reads the full frame",,,
BM28,16.9230769230769,BM28,BM28,BM28,original,m,B,BM28.png,,scored,,,,0,clothed→model,30%,full,0.759,,pass,0.0471,10.1,0.0603,20.425,22.05,30.76,24.58,32.45,vTaper+legTorso+symmetry,5.30,4.89–5.69,5.30,4.89–5.69,m,100%,model,"an arm covered part of your waist or hips, so that cue was skipped — arms a few inches out reads the full frame",,,
BM29,23.9093774625689,WM53,BM29,BM29,original,m,B,BM29.png,,scored,,,,0,clothed→model,1%,full,0.803,,pass,0.0600,3.2,0.1645,17.846,11.93,16.27,10.99,14.03,whr+vTaper+shoulderHip+legTorso+symmetry,4.95,4.50–5.35,4.95,4.50–5.35,m,100%,model,,,,
BM29-BM33,25,WM53,BM33,BM29,headswap,m,B,BM29-BM33.png,,scored,,,,0,clothed→model,0%,full,0.828,,pass,0.0130,29.0,0.0138,25.422,16.74,22.86,22.57,26.75,vTaper+legTorso+symmetry,5.90,5.51–6.33,5.90,5.51–6.33,m,100%,model,"an arm covered part of your waist or hips, so that cue was skipped — arms a few inches out reads the full frame",,,
BM29-BM49,20.0714285714286,WM53,BM49,BM29,headswap,m,B,BM29-BM49.png,,scored,,,,0,clothed→model,0%,full,0.733,,pass,0.0291,9.4,0.0190,30.009,14.78,16.49,19.06,17.77,whr+vTaper+shoulderHip+legTorso+symmetry,6.46,6.01–7.03,6.46,6.01–7.03,m,100%,model,"an arm is by your waist, which can widen the silhouette — stand with arms slightly out",,,
BM29-BM93,40.7222222222222,WM53,BM93,BM29,headswap,m,B,BM29-BM93.png,,scored,,waist-occluded,,0,clothed→model,0%,full,0.730,,pass,0.0555,27.0,0.0625,37.725,19.74,25.41,59.80,51.52,shoulderHip+legTorso+symmetry,7.12,6.52–8.59,7.12,6.52–8.59,m,100%,model,"an arm covered part of your waist or hips, so that cue was skipped — arms a few inches out reads the full frame",,,
BM29-WM105,27.5555555555556,WM53,WM105,BM29,headswap,m,W,BM29-WM105.png,,scored,,,,0,clothed→model,0%,full,0.747,,pass,0.0174,10.0,0.0377,32.062,9.43,13.81,23.04,19.62,whr+vTaper+shoulderHip+legTorso+symmetry,6.62,6.15–7.28,6.62,6.15–7.28,m,100%,model,,,,
BM29-WM114,32.875,WM53,WM114,BM29,headswap,m,W,BM29-WM114.png,,scored,,,,0,clothed→model,0%,full,0.698,,pass,0.0177,2.6,0.0236,35.881,12.41,14.82,30.41,25.58,whr+vTaper+shoulderHip+legTorso+symmetry,6.98,6.42–8.04,6.98,6.42–8.04,m,100%,model,"an arm is by your waist, which can widen the silhouette — stand with arms slightly out",,,
BM29-WM118,30.25,WM53,WM118,BM29,headswap,m,W,BM29-WM118.png,,scored,,waist-occluded,,0,clothed→model,0%,full,0.820,,pass,0.0160,12.0,0.0709,26.192,20.46,28.72,36.27,39.02,shoulderHip+legTorso+symmetry,5.95,5.56–6.39,5.95,5.56–6.39,m,100%,model,"an arm covered part of your waist or hips, so that cue was skipped — arms a few inches out reads the full frame",,,
BM29-WM183,16.952380952381,WM53,WM183,BM29,headswap,m,W,BM29-WM183.png,,scored,,,,0,clothed→model,0%,full,0.787,,pass,0.0291,3.1,0.0345,21.965,14.18,20.74,28.72,23.88,whr+vTaper+shoulderHip+legTorso+symmetry,5.55,5.16–5.94,5.55,5.16–5.94,m,100%,model,"an arm is by your waist, which can widen the silhouette — stand with arms slightly out",,,
BM29-WM77,29.8571428571429,WM53,WM77,BM29,headswap,m,W,BM29-WM77.png,,scored,,waist-occluded,,0,clothed→model,0%,full,0.826,,pass,0.0041,7.7,0.0288,47.044,28.52,31.36,15.82,23.09,shoulderHip+legTorso+symmetry,8.38,7.08–10.00,8.38,7.08–10.00,m,100%,model,"an arm covered part of your waist or hips, so that cue was skipped — arms a few inches out reads the full frame",,,
BM3,41.6818181818182,BM3,BM3,BM3,original,m,B,BM3.png,,scored,,,,0,clothed→model,12%,full,0.773,,pass,0.0543,39.2,0.0405,28.334,24.88,33.96,28.47,36.35,vTaper+legTorso+symmetry,6.29,5.87–6.81,6.29,5.87–6.81,m,100%,model,"an arm covered part of your waist or hips, so that cue was skipped — arms a few inches out reads the full frame",,,
BM30,29.6457173163617,BM30,BM30,BM30,original,m,B,BM30.png,,scored,,,,0,clothed→model,0%,full,0.775,,pass,0.0432,15.5,0.0707,23.958,17.42,26.42,17.37,17.28,whr+vTaper+shoulderHip+legTorso+symmetry,5.68,5.29–6.08,5.68,5.29–6.08,m,100%,model,"an arm is by your waist, which can widen the silhouette — stand with arms slightly out",,,
BM31,41.875,BM31,BM31,BM31,original,m,B,BM31.png,,scored,,,,0,clothed→model,39%,full,0.723,,pass,0.0318,7.6,0.0378,31.668,11.74,17.06,16.27,20.08,vTaper+legTorso+symmetry,6.58,6.12–7.22,6.58,6.12–7.22,m,100%,model,"an arm covered part of your waist or hips, so that cue was skipped — arms a few inches out reads the full frame · the torso reads as borderline clothed/bare (39% skin), so the headline may be routed to the wrong instrument (model vs. silhouette) — if the score looks off, that is likely why",,,
BM32,34.8666666666667,BM32,BM32,BM32,original,m,B,BM32.png,,scored,,waist-occluded,,0,clothed→model,7%,full,0.764,,pass,0.0076,10.2,0.0113,31.974,56.05,55.87,56.05,55.87,legTorso+symmetry,6.61,6.14–7.27,6.61,6.14–7.27,unknown,60%,unconfirmed,"an arm covered part of your waist or hips, so that cue was skipped — arms a few inches out reads the full frame",,,
BM33,18.1,WM53,BM33,BM33,original,m,B,BM33.png,,scored,,,,0,clothed→model,0%,full,0.830,,pass,0.0141,16.8,0.0163,31.268,18.27,24.56,24.42,28.66,vTaper+legTorso+symmetry,6.52,6.07–7.13,6.52,6.07–7.13,m,100%,model,"an arm covered part of your waist or hips, so that cue was skipped — arms a few inches out reads the full frame",,,
BM33-BM29,27.75,WM53,BM29,BM33,headswap,m,B,BM33-BM29.png,,scored,,,,0,clothed→model,1%,full,0.803,,pass,0.0590,11.1,0.1529,20.862,10.95,15.06,10.39,13.21,whr+vTaper+shoulderHip+legTorso+symmetry,5.34,4.94–5.73,5.34,4.94–5.73,m,100%,model,"an arm is by your waist, which can widen the silhouette — stand with arms slightly out",,,
BM34,26.125,BM34,BM34,BM34,original,m,B,BM34.png,,scored,,waist-occluded,,0,clothed→model,0%,full,0.726,,pass,0.0206,10.2,0.0167,27.453,41.52,53.06,91.71,85.78,shoulderHip+legTorso+symmetry,6.17,5.76–6.64,6.17,5.76–6.64,m,100%,model,"an arm covered part of your waist or hips, so that cue was skipped — arms a few inches out reads the full frame",,,
BM35,27.5333333333333,BM35,BM35,BM35,original,m,B,BM35.png,,scored,,waist-occluded,,0,clothed→model,7%,full,0.717,,pass,0.0843,5.4,0.2182,26.723,31.80,38.69,78.94,69.42,shoulderHip+legTorso+symmetry,6.02,5.62–6.47,6.02,5.62–6.47,f,,guess,"an arm covered part of your waist or hips, so that cue was skipped — arms a few inches out reads the full frame",,,
BM36,25,BM36,BM36,BM36,original,m,B,BM36.png,,scored,,,,0,clothed→model,13%,full,0.768,,pass,0.0441,22.0,0.0478,25.191,17.23,24.01,22.85,23.02,whr+vTaper+shoulderHip+legTorso+symmetry,5.89,5.50–6.31,5.89,5.50–6.31,f,,guess,"an arm is by your waist, which can widen the silhouette — stand with arms slightly out",,,
BM37,54.424884542244,BM37,BM37,BM37,original,m,B,BM37.png,,scored,,waist-occluded,,0,clothed→model,21%,full,0.810,,pass,0.0505,60.4,0.2018,35.306,20.69,27.07,53.83,48.67,shoulderHip+legTorso+symmetry,6.93,6.38–7.89,6.93,6.38–7.89,m,100%,model,"an arm covered part of your waist or hips, so that cue was skipped — arms a few inches out reads the full frame",,,
BM38,35.1333333333333,BM38,BM38,BM38,original,m,B,BM38.png,,scored,,,,0,clothed→model,0%,full,0.752,,pass,0.1750,33.7,0.2863,41.234,28.70,34.38,45.37,39.22,whr+vTaper+shoulderHip+legTorso+symmetry,7.48,6.74–10.00,7.48,6.74–10.00,f,,guess,"an arm is by your waist, which can widen the silhouette — stand with arms slightly out",,,
BM39,24.4375,BM39,BM39,BM39,original,m,B,BM39.png,,scored,,,,0,bare→geometry,100%,full,0.780,,pass,0.0382,23.4,0.0306,,16.19,21.61,36.13,31.25,whr+vTaper+shoulderHip+legTorso+symmetry,3.80,1.00–5.37,3.80,1.00–5.37,m,100%,model,"an arm is by your waist, which can widen the silhouette — stand with arms slightly out",,,
BM4,46.5625,BM4,BM4,BM4,original,m,B,BM4.png,,scored,,,,0,clothed→model,0%,full,0.827,,pass,0.0360,14.1,0.0357,34.650,18.52,24.09,41.88,35.86,whr+vTaper+shoulderHip+legTorso+symmetry,6.87,6.34–7.75,6.87,6.34–7.75,m,100%,model,"an arm is by your waist, which can widen the silhouette — stand with arms slightly out",,,
BM40,38.5,BM40,BM40,BM40,original,m,B,BM40.png,,scored,,,,0,clothed→model,6%,full,0.797,,pass,0.0058,33.4,0.0386,39.754,18.21,25.09,31.06,28.27,whr+vTaper+shoulderHip+legTorso+symmetry,7.40,6.69–10.00,7.40,6.69–10.00,f,,guess,"an arm is by your waist, which can widen the silhouette — stand with arms slightly out",,,
BM45,33.6,BM45,BM45,BM45,original,m,B,BM45.png,,scored,,,,0,clothed→model,0%,full,0.805,,pass,0.0051,6.2,0.0206,30.675,19.94,27.68,21.48,23.83,whr+vTaper+shoulderHip+legTorso+symmetry,6.48,6.03–7.07,6.48,6.03–7.07,f,,guess,,,,
BM47,26.15,BM47,BM47,BM47,original,m,B,BM47.png,,scored,,,,0,clothed→model,0%,full,0.771,,pass,0.0734,12.4,0.1338,33.607,27.28,37.95,21.08,25.37,whr+vTaper+shoulderHip+legTorso+symmetry,6.80,6.29–7.61,6.80,6.29–7.61,m,100%,model,"an arm is by your waist, which can widen the silhouette — stand with arms slightly out",,,
BM48,35.75,BM48,BM48,BM48,original,m,B,BM48.png,,scored,,,,0,clothed→model,0%,full,0.831,,pass,0.0689,38.3,0.0493,39.912,17.70,24.53,31.33,27.87,whr+vTaper+shoulderHip+legTorso+symmetry,7.41,6.70–10.00,7.41,6.70–10.00,f,,guess,"an arm is by your waist, which can widen the silhouette — stand with arms slightly out",,,
BM49,30.5833333333333,WM53,BM49,BM49,original,m,B,BM49.png,,scored,,,,0,clothed→model,0%,full,0.731,,pass,0.0304,12.7,0.0273,35.298,14.76,16.39,19.07,17.88,whr+vTaper+shoulderHip+legTorso+symmetry,6.93,6.38–7.88,6.93,6.38–7.88,m,100%,model,"an arm is by your waist, which can widen the silhouette — stand with arms slightly out",,,
BM49-BM29,28.1739130434783,WM53,BM29,BM49,headswap,m,B,BM49-BM29.png,,scored,,,,0,clothed→model,1%,full,0.799,,pass,0.0665,8.3,0.1563,19.004,10.10,14.18,9.30,11.89,whr+vTaper+shoulderHip+legTorso+symmetry,5.12,4.69–5.51,5.12,4.69–5.51,m,100%,model,"an arm is by your waist, which can widen the silhouette — stand with arms slightly out",,,
BM5,32.7222222222222,BM5,BM5,BM5,original,m,B,BM5.png,,scored,,,,0,bare→geometry,47%,full,0.787,,pass,0.0268,4.5,0.0443,,15.15,17.55,28.37,25.43,whr+vTaper+shoulderHip+legTorso+symmetry,3.66,1.00–5.30,3.66,1.00–5.30,m,100%,model,"an arm is by your waist, which can widen the silhouette — stand with arms slightly out · the torso reads as borderline clothed/bare (47% skin), so the headline may be routed to the wrong instrument (model vs. silhouette) — if the score looks off, that is likely why",,,
BM50,36.55,BM50,BM50,BM50,original,m,B,BM50.png,,scored,,,,0,bare→geometry,100%,full,0.825,,pass,0.0161,12.1,0.0202,,15.18,20.44,36.69,30.92,whr+vTaper+shoulderHip+legTorso+symmetry,3.70,1.00–5.32,3.70,1.00–5.32,m,100%,model,"an arm is by your waist, which can widen the silhouette — stand with arms slightly out",,,
BM51,28.6,WM53,BM51,BM51,original,m,B,BM51.png,,scored,,,,0,clothed→model,0%,full,0.749,,pass,0.0191,12.4,0.0213,36.105,21.81,30.05,32.20,30.48,whr+vTaper+shoulderHip+legTorso+symmetry,7.01,6.44–8.11,7.01,6.44–8.11,m,100%,model,,,,
BM51-WM114,45.4615384615385,WM53,WM114,BM51,headswap,m,W,BM51-WM114.png,,scored,,,,0,clothed→model,0%,full,0.714,,pass,0.0097,1.3,0.0123,41.224,12.62,15.57,34.67,28.47,whr+vTaper+shoulderHip+legTorso+symmetry,7.48,6.74–10.00,7.48,6.74–10.00,m,100%,model,"an arm is by your waist, which can widen the silhouette — stand with arms slightly out",,,
BM51-WM77,44.4375,WM53,WM77,BM51,headswap,m,W,BM51-WM77.png,,scored,,waist-occluded,,0,clothed→geometry,0%,torso,0.845,framing+outline,degraded,0.0129,8.4,,,32.59,32.59,1.84,1.84,shoulderHip,4.63,1.00–6.10,4.63,1.00–6.10,m,100%,model,"non-standard framing: the photo is cropped above the feet — the score scale was calibrated on full-body shots — scored anyway at reduced accuracy · an arm covered part of your waist or hips, so that cue was skipped — arms a few inches out reads the full frame",,,
BM52,52.6428571428571,BM52,BM52,BM52,original,m,B,BM52.png,,scored,,,,0,clothed→model,0%,full,0.761,,pass,0.0061,14.1,0.0094,40.416,25.74,34.71,30.57,37.93,vTaper+legTorso+symmetry,7.43,6.71–10.00,7.43,6.71–10.00,f,,guess,"an arm covered part of your waist or hips, so that cue was skipped — arms a few inches out reads the full frame",,,
BM53,44.4615384615385,BM53,BM53,BM53,original,m,B,BM53.png,,scored,,,,0,clothed→model,0%,full,0.735,,pass,0.0301,3.4,0.0177,36.576,13.63,15.83,25.60,22.63,whr+vTaper+shoulderHip+legTorso+symmetry,7.06,6.48–8.30,7.06,6.48–8.30,f,,guess,"an arm is by your waist, which can widen the silhouette — stand with arms slightly out",,,
BM54,51.8260869565217,BM54,BM54,BM54,original,m,B,BM54.png,,scored,,,,0,clothed→model,0%,full,0.740,,pass,0.0153,15.0,0.0698,39.752,34.54,49.50,31.11,38.31,whr+vTaper+shoulderHip+legTorso+symmetry,7.40,6.69–10.00,7.40,6.69–10.00,f,,guess,"an arm is by your waist, which can widen the silhouette — stand with arms slightly out",,,
BM55,41.1818181818182,BM55,BM55,BM55,original,m,B,BM55.png,,scored,,,,0,clothed→model,0%,full,0.764,,pass,0.0060,22.1,0.0176,33.911,13.55,16.59,36.46,30.53,whr+vTaper+shoulderHip+legTorso+symmetry,6.82,6.30–7.64,6.82,6.30–7.64,f,,guess,"an arm is by your waist, which can widen the silhouette — stand with arms slightly out",,,
BM6,35.2727272727273,WM53,BM6,BM6,original,m,B,BM6.png,,scored,,waist-occluded,,0,clothed→model,1%,full,0.823,,pass,0.0388,16.0,0.0276,33.585,19.83,23.48,23.49,25.87,shoulderHip+legTorso+symmetry,6.80,6.29–7.61,6.80,6.29–7.61,m,100%,model,"an arm covered part of your waist or hips, so that cue was skipped — arms a few inches out reads the full frame",,,
BM6-BM63,32.6428571428571,WM53,BM63,BM6,headswap,m,B,BM6-BM63.png,,scored,,,,0,clothed→model,0%,full,0.730,,pass,0.0095,19.2,0.0252,35.576,22.52,29.24,35.95,29.49,whr+vTaper+shoulderHip+legTorso+symmetry,6.95,6.40–7.95,6.95,6.40–7.95,m,100%,model,"an arm is by your waist, which can widen the silhouette — stand with arms slightly out",,,
BM6-BM69,68.9333333333333,WM53,BM69,BM6,headswap,m,B,BM6-BM69.png,,scored,,waist-occluded,,0,bare→geometry,100%,full,0.737,outline,pass,0.0211,28.7,0.0343,,56.16,61.00,34.01,46.56,shoulderHip+legTorso+symmetry,6.30,5.02–10.00,6.30,5.02–10.00,m,100%,model,"an arm covered part of your waist or hips, so that cue was skipped — arms a few inches out reads the full frame",,,
BM6-BM8,32.1875,WM53,BM8,BM6,headswap,m,B,BM6-BM8.png,,scored,,waist-occluded,,0,bare→geometry,100%,full,0.783,outline,pass,0.0166,6.6,0.0317,,20.13,25.84,52.97,47.24,shoulderHip+legTorso+symmetry,3.98,1.00–5.46,3.98,1.00–5.46,m,100%,model,"an arm covered part of your waist or hips, so that cue was skipped — arms a few inches out reads the full frame",,,
BM6-WM103,45.8235294117647,WM53,WM103,BM6,headswap,m,W,BM6-WM103.png,,scored,,,,0,clothed→model,0%,full,0.731,,pass,0.0319,5.5,0.0283,35.810,21.84,27.97,40.34,37.71,whr+vTaper+shoulderHip+legTorso+symmetry,6.97,6.42–8.02,6.97,6.42–8.02,m,100%,model,"an arm is by your waist, which can widen the silhouette — stand with arms slightly out",,,
BM6-WM167,57.2941176470588,WM53,WM167,BM6,headswap,m,W,BM6-WM167.png,,scored,,waist-occluded,,0,clothed→model,0%,full,0.733,,pass,0.0141,18.2,0.0274,43.616,32.93,43.78,70.61,68.34,shoulderHip+legTorso+symmetry,7.87,6.92–10.00,7.87,6.92–10.00,m,100%,model,"an arm covered part of your waist or hips, so that cue was skipped — arms a few inches out reads the full frame",,,
BM6-WM192,33.9375,WM53,WM192,BM6,headswap,m,W,BM6-WM192.png,,scored,,,,0,clothed→model,32%,full,0.841,,pass,0.0574,29.0,0.0631,34.731,18.90,29.88,12.09,14.68,whr+vTaper+shoulderHip+legTorso+symmetry,6.88,6.35–7.77,6.88,6.35–7.77,m,100%,model,"an arm is by your waist, which can widen the silhouette — stand with arms slightly out",,,
BM60,33.8571428571429,WM53,BM60,BM60,original,m,B,BM60.png,,scored,,,,0,bare→geometry,54%,full,0.726,,pass,0.0365,15.5,0.0341,,19.84,24.77,44.87,38.41,whr+vTaper+shoulderHip+legTorso+symmetry,3.96,1.00–5.45,3.96,1.00–5.45,m,100%,model,"an arm is by your waist, which can widen the silhouette — stand with arms slightly out · the torso reads as borderline clothed/bare (54% skin), so the headline may be routed to the wrong instrument (model vs. silhouette) — if the score looks off, that is likely why",,,
BM60-WM77,37.8333333333333,WM53,WM77,BM60,headswap,m,W,BM60-WM77.png,,scored,,waist-occluded,,0,clothed→model,0%,full,0.818,,pass,0.0132,25.6,0.0406,41.730,32.16,35.02,17.40,25.40,shoulderHip+legTorso+symmetry,7.54,6.77–10.00,7.54,6.77–10.00,m,100%,model,"an arm covered part of your waist or hips, so that cue was skipped — arms a few inches out reads the full frame",,,
BM62,65.1333333333333,BM62,BM62,BM62,original,m,B,BM62.png,,scored,,,,0,clothed→model,0%,full,0.769,,pass,0.0135,1.7,0.0145,40.614,17.72,23.43,32.15,30.42,whr+vTaper+shoulderHip+legTorso+symmetry,7.44,6.72–10.00,7.44,6.72–10.00,f,,guess,"an arm is by your waist, which can widen the silhouette — stand with arms slightly out",,,
BM63,24.6762360446571,WM53,BM63,BM63,original,m,B,BM63.png,,scored,,,,0,clothed→model,0%,full,0.733,,pass,0.0113,15.6,0.0236,38.167,21.38,27.91,34.81,28.16,whr+vTaper+shoulderHip+legTorso+symmetry,7.14,6.53–8.71,7.14,6.53–8.71,f,,guess,"an arm is by your waist, which can widen the silhouette — stand with arms slightly out",,,
BM63-BM6,38.5,WM53,BM6,BM63,headswap,m,B,BM63-BM6.png,,scored,,waist-occluded,,0,clothed→model,1%,full,0.821,,pass,0.0399,22.3,0.0252,37.428,19.41,23.00,23.08,25.39,shoulderHip+legTorso+symmetry,7.11,6.51–8.52,7.11,6.51–8.52,unknown,,unknown,"an arm covered part of your waist or hips, so that cue was skipped — arms a few inches out reads the full frame",,,
BM64,35.8636363636364,BM64,BM64,BM64,original,m,B,BM64.png,,scored,,,,0,clothed→model,0%,full,0.755,,pass,0.0301,1.5,0.0257,33.179,16.47,20.85,38.21,31.36,whr+vTaper+shoulderHip+legTorso+symmetry,6.78,6.27–7.56,6.78,6.27–7.56,f,,guess,"an arm is by your waist, which can widen the silhouette — stand with arms slightly out",,,
BM65,58.0952380952381,BM65,BM65,BM65,original,m,B,BM65.png,,scored,,,,0,clothed→model,0%,full,0.722,,pass,0.0054,4.0,0.0136,38.036,16.16,23.87,18.80,25.63,vTaper+legTorso+symmetry,7.13,6.53–8.67,7.13,6.53–8.67,f,,guess,"an arm covered part of your waist or hips, so that cue was skipped — arms a few inches out reads the full frame",,,
BM66,28.2,BM66,BM66,BM66,original,m,B,BM66.png,,scored,,,,0,clothed→model,0%,full,0.768,,pass,0.0145,5.2,0.0130,30.922,17.30,25.35,19.86,27.05,vTaper+legTorso+symmetry,6.49,6.04–7.08,6.49,6.04–7.08,m,100%,model,"an arm covered part of your waist or hips, so that cue was skipped — arms a few inches out reads the full frame",,,
BM68,38.6935784705569,BM68,BM68,BM68,original,m,B,BM68.png,,scored,,,,0,clothed→model,0%,full,0.719,,pass,0.0200,2.5,0.0274,34.412,9.22,11.70,33.53,26.02,whr+vTaper+shoulderHip+legTorso+symmetry,6.85,6.33–7.71,6.85,6.33–7.71,f,,guess,"an arm is by your waist, which can widen the silhouette — stand with arms slightly out",,,
BM69,62.6985274431058,WM53,BM69,BM69,original,m,B,BM69.png,,scored,,waist-occluded,,0,bare→geometry,100%,full,0.768,outline,pass,0.0312,32.1,0.0458,,52.95,57.20,31.24,43.05,shoulderHip+legTorso+symmetry,6.15,4.88–10.00,6.15,4.88–10.00,m,100%,model,"an arm covered part of your waist or hips, so that cue was skipped — arms a few inches out reads the full frame",,,
BM69-BM6,39.0769230769231,WM53,BM6,BM69,headswap,m,B,BM69-BM6.png,,scored,,,,0,clothed→model,1%,full,0.814,,pass,0.0504,5.7,0.0357,34.141,12.95,14.32,18.70,17.30,whr+vTaper+shoulderHip+legTorso+symmetry,6.83,6.31–7.67,6.83,6.31–7.67,m,100%,model,"an arm is by your waist, which can widen the silhouette — stand with arms slightly out",,,
BM7,31.0714285714286,BM7,BM7,BM7,original,m,B,BM7.png,,scored,,,,0,clothed→model,0%,full,0.778,,pass,0.0280,11.7,0.0188,34.584,12.96,19.96,12.87,14.12,whr+vTaper+shoulderHip+legTorso+symmetry,6.86,6.34–7.74,6.86,6.34–7.74,f,,guess,"an arm is by your waist, which can widen the silhouette — stand with arms slightly out",,,
BM71,47.6923076923077,BM71,BM71,BM71,original,m,B,BM71.png,,scored,,waist-occluded,,0,clothed→model,3%,full,0.795,,pass,0.0464,50.5,0.0567,42.837,40.61,46.96,33.97,42.63,shoulderHip+legTorso+symmetry,7.77,6.88–10.00,7.77,6.88–10.00,unknown,,unknown,"an arm covered part of your waist or hips, so that cue was skipped — arms a few inches out reads the full frame",,,
BM73,33.2702265372168,BM73,BM73,BM73,original,m,B,BM73.png,,scored,,waist-occluded,,0,clothed→model,12%,full,0.793,,pass,0.0545,10.4,0.1291,27.264,38.87,47.94,81.57,75.78,shoulderHip+legTorso+symmetry,6.15,5.74–6.62,6.15,5.74–6.62,m,100%,model,"an arm covered part of your waist or hips, so that cue was skipped — arms a few inches out reads the full frame",,,
BM74,43.0544922913344,BM74,BM74,BM74,original,m,B,BM74.png,,scored,,waist-occluded,,0,clothed→model,13%,full,0.830,,pass,0.0517,58.6,0.1499,34.085,30.02,39.01,60.15,58.65,shoulderHip+legTorso+symmetry,6.83,6.31–7.66,6.83,6.31–7.66,f,,guess,"an arm covered part of your waist or hips, so that cue was skipped — arms a few inches out reads the full frame",,,
BM75,60.8233944954129,BM75,BM75,BM75,original,m,B,BM75.png,,scored,,waist-occluded,,0,clothed→model,5%,full,0.800,,pass,0.0107,6.9,0.0149,36.157,46.83,54.10,35.71,46.85,shoulderHip+legTorso+symmetry,7.01,6.44–8.13,7.01,6.44–8.13,m,99%,model,"an arm covered part of your waist or hips, so that cue was skipped — arms a few inches out reads the full frame",,,
BM76,45.2222222222222,BM76,BM76,BM76,original,m,B,BM76.png,,scored,,waist-occluded,,0,clothed→model,11%,full,0.793,,pass,0.0634,30.3,0.1711,37.116,25.53,33.00,67.25,60.19,shoulderHip+legTorso+symmetry,7.09,6.50–8.45,7.09,6.50–8.45,f,,guess,"an arm covered part of your waist or hips, so that cue was skipped — arms a few inches out reads the full frame",,,
BM77,31.9,BM77,BM77,BM77,original,m,B,BM77.png,,scored,,,,0,clothed→model,1%,full,0.736,,pass,0.0157,10.3,0.0338,31.685,20.93,23.38,22.52,24.21,whr+vTaper+shoulderHip+legTorso+symmetry,6.58,6.12–7.22,6.58,6.12–7.22,m,,guess,"an arm is by your waist, which can widen the silhouette — stand with arms slightly out",,,
BM78,26.1904761904762,BM78,BM78,BM78,original,m,B,BM78.png,,scored,,,,0,clothed→model,0%,full,0.722,,pass,0.0204,8.0,0.0419,24.677,13.78,17.51,39.35,32.93,whr+vTaper+shoulderHip+legTorso+symmetry,5.82,5.43–6.23,5.82,5.43–6.23,f,,guess,"an arm is by your waist, which can widen the silhouette — stand with arms slightly out",,,
BM8,31.8571428571429,WM53,BM8,BM8,original,m,B,BM8.png,,scored,,waist-occluded,,0,clothed→model,22%,full,0.817,,pass,0.0251,8.1,0.0311,32.740,19.83,25.07,45.56,41.84,shoulderHip+legTorso+symmetry,6.74,6.24–7.48,6.74,6.24–7.48,m,100%,model,"an arm covered part of your waist or hips, so that cue was skipped — arms a few inches out reads the full frame",,,
BM8-BM6,34.3846153846154,WM53,BM6,BM8,headswap,m,B,BM8-BM6.png,,scored,,waist-occluded,,0,clothed→model,1%,full,0.820,,pass,0.0425,16.4,0.0356,31.792,19.88,23.44,23.54,25.83,shoulderHip+legTorso+symmetry,6.59,6.13–7.24,6.59,6.13–7.24,m,100%,model,"an arm covered part of your waist or hips, so that cue was skipped — arms a few inches out reads the full frame",,,
BM80,65.3125,BM80,BM80,BM80,original,m,B,BM80.png,,scored,,,,0,clothed→model,0%,full,0.760,,pass,0.0085,18.7,0.0267,49.315,22.84,28.88,46.78,41.89,whr+vTaper+shoulderHip+legTorso+symmetry,8.81,7.15–10.00,8.81,7.15–10.00,m,98%,model,"an arm is by your waist, which can widen the silhouette — stand with arms slightly out",,,
BM81,61.7628600823045,WM53,BM81,BM81,original,m,B,BM81.png,,scored,,waist-occluded,,0,clothed→model,9%,full,0.809,,pass,0.0498,12.8,0.0824,45.071,29.03,35.95,60.93,56.75,shoulderHip+legTorso+symmetry,8.04,6.98–10.00,8.04,6.98–10.00,f,,guess,"an arm covered part of your waist or hips, so that cue was skipped — arms a few inches out reads the full frame",,,
BM81-BM12,53.4166666666667,WM53,BM12,BM81,headswap,m,B,BM81-BM12.png,,scored,,,,0,clothed→model,0%,full,0.804,,pass,0.0146,11.8,0.0263,36.081,17.30,21.90,43.01,36.25,whr+vTaper+shoulderHip+legTorso+symmetry,7.00,6.44–8.10,7.00,6.44–8.10,m,100%,model,"an arm is by your waist, which can widen the silhouette — stand with arms slightly out",,,
BM81-BM23,36.1818181818182,WM53,BM23,BM81,headswap,m,B,BM81-BM23.png,,scored,,,,0,clothed→model,0%,full,0.798,,pass,0.0198,10.1,0.0291,36.895,21.64,29.57,41.17,35.04,whr+vTaper+shoulderHip+legTorso+symmetry,7.08,6.49–8.41,7.08,6.49–8.41,f,,guess,"an arm is by your waist, which can widen the silhouette — stand with arms slightly out",,,
BM81-BM83,63.4285714285714,WM53,BM83,BM81,headswap,m,B,BM81-BM83.png,,scored,,waist-occluded,,0,clothed→model,0%,full,0.814,,pass,0.0403,18.9,0.0292,46.972,33.07,43.98,68.59,67.14,shoulderHip+legTorso+symmetry,8.37,7.07–10.00,8.37,7.07–10.00,f,,guess,"an arm covered part of your waist or hips, so that cue was skipped — arms a few inches out reads the full frame",,,
BM81-WM157,54.6,WM53,WM157,BM81,headswap,m,W,BM81-WM157.png,,scored,,waist-occluded,,0,clothed→model,0%,full,0.809,,pass,0.0131,33.2,0.0361,41.266,30.07,39.48,81.53,73.03,shoulderHip+legTorso+symmetry,7.49,6.74–10.00,7.49,6.74–10.00,f,,guess,"an arm covered part of your waist or hips, so that cue was skipped — arms a few inches out reads the full frame",,,
BM81-WM192,41.2941176470588,WM53,WM192,BM81,headswap,m,W,BM81-WM192.png,,scored,,,,0,clothed→model,2%,full,0.845,,pass,0.0704,19.3,0.0542,34.261,17.20,27.26,10.91,13.15,whr+vTaper+shoulderHip+legTorso+symmetry,6.84,6.32–7.68,6.84,6.32–7.68,f,,guess,"an arm is by your waist, which can widen the silhouette — stand with arms slightly out",,,
BM81-WM193,39.5652173913044,WM53,WM193,BM81,headswap,m,W,BM81-WM193.png,,scored,,,,0,clothed→model,0%,full,0.689,,pass,0.0058,24.5,0.0092,34.273,17.52,20.16,20.87,19.06,whr+vTaper+shoulderHip+legTorso+symmetry,6.84,6.32–7.68,6.84,6.32–7.68,f,,guess,"an arm is by your waist, which can widen the silhouette — stand with arms slightly out",,,
BM81-WM22,44.4,WM53,WM22,BM81,headswap,m,W,BM81-WM22.png,,scored,,,,0,clothed→model,0%,full,0.799,,pass,0.0513,9.3,0.0624,33.696,18.18,24.89,22.59,27.83,vTaper+legTorso+symmetry,6.81,6.29–7.62,6.81,6.29–7.62,m,100%,model,"an arm covered part of your waist or hips, so that cue was skipped — arms a few inches out reads the full frame",,,
BM83,63.1764705882353,WM53,BM83,BM83,original,m,B,BM83.png,,scored,,waist-occluded,,0,clothed→model,0%,full,0.813,,pass,0.0434,16.3,0.0310,44.712,36.62,48.34,68.99,69.45,shoulderHip+legTorso+symmetry,8.00,6.97–10.00,8.00,6.97–10.00,m,100%,model,"an arm covered part of your waist or hips, so that cue was skipped — arms a few inches out reads the full frame",,,
BM83-BM81,66.6521739130435,WM53,BM81,BM83,headswap,m,B,BM83-BM81.png,,scored,,waist-occluded,,0,clothed→model,9%,full,0.810,,pass,0.0180,14.6,0.0673,37.701,32.82,40.44,59.99,58.15,shoulderHip+legTorso+symmetry,7.12,6.52–8.58,7.12,6.52–8.58,m,100%,model,"an arm covered part of your waist or hips, so that cue was skipped — arms a few inches out reads the full frame",,,
BM84,75.8333333333333,BM84,BM84,BM84,original,m,B,BM84.png,,scored,,waist-occluded,,0,clothed→model,17%,full,0.739,,pass,0.0457,49.1,0.0343,37.091,44.96,53.61,46.61,54.69,shoulderHip+legTorso+symmetry,7.09,6.50–8.44,7.09,6.50–8.44,m,100%,model,"an arm covered part of your waist or hips, so that cue was skipped — arms a few inches out reads the full frame",,,
BM85,58.4,BM85,BM85,BM85,original,m,B,BM85.png,,scored,,waist-occluded,,0,clothed→model,22%,full,0.777,,pass,0.0156,24.0,0.0592,43.458,39.89,51.70,81.35,78.72,shoulderHip+legTorso+symmetry,7.85,6.91–10.00,7.85,6.91–10.00,f,,guess,"an arm covered part of your waist or hips, so that cue was skipped — arms a few inches out reads the full frame",,,
BM86,64.8666666666667,BM86,BM86,BM86,original,m,B,BM86.png,,scored,,,,0,clothed→model,32%,full,0.770,,pass,0.0194,0.5,0.0191,40.745,23.45,30.55,42.70,39.05,whr+vTaper+shoulderHip+legTorso+symmetry,7.45,6.72–10.00,7.45,6.72–10.00,f,,guess,"an arm is by your waist, which can widen the silhouette — stand with arms slightly out",,,
BM87,56.75,BM87,BM87,BM87,original,m,B,BM87.png,,scored,,waist-occluded,,0,clothed→model,0%,full,0.742,,pass,0.0255,13.9,0.0604,34.348,37.00,47.12,87.66,80.15,shoulderHip+legTorso+symmetry,6.85,6.32–7.70,6.85,6.32–7.70,f,,guess,"an arm covered part of your waist or hips, so that cue was skipped — arms a few inches out reads the full frame",,,
BM88,60.52,BM88,BM88,BM88,original,m,B,BM88.png,,scored,,,,0,clothed→model,14%,full,0.746,,pass,0.0706,1.3,0.0649,40.859,31.93,43.42,33.83,44.68,vTaper+legTorso+symmetry,7.45,6.72–10.00,7.45,6.72–10.00,m,100%,model,"an arm covered part of your waist or hips, so that cue was skipped — arms a few inches out reads the full frame",,,
BM9,47.8095238095238,WM53,BM9,BM9,original,m,B,BM9.png,,scored,,,,0,clothed→model,0%,full,0.782,,pass,0.0168,13.9,0.0156,36.224,15.25,20.01,39.18,32.99,whr+vTaper+shoulderHip+legTorso+symmetry,7.02,6.45–8.15,7.02,6.45–8.15,m,100%,model,"an arm is by your waist, which can widen the silhouette — stand with arms slightly out",,,
BM9-WM193,34.875,WM53,WM193,BM9,headswap,m,W,BM9-WM193.png,,scored,,,,0,clothed→model,0%,full,0.679,,pass,0.0190,23.2,0.0232,35.108,18.03,20.38,19.59,18.15,whr+vTaper+shoulderHip+legTorso+symmetry,6.91,6.37–7.84,6.91,6.37–7.84,m,100%,model,"an arm is by your waist, which can widen the silhouette — stand with arms slightly out",,,
BM92,62.6428571428571,BM92,BM92,BM92,original,m,B,BM92.png,,scored,,waist-occluded,,0,bare→geometry,89%,full,0.788,outline,pass,0.0660,17.9,0.0626,,56.41,56.66,26.35,37.07,shoulderHip+legTorso+symmetry,6.21,4.94–10.00,6.21,4.94–10.00,m,100%,model,"an arm covered part of your waist or hips, so that cue was skipped — arms a few inches out reads the full frame",,,
BM93,56.4,WM53,BM93,BM93,original,m,B,BM93.png,,scored,,waist-occluded,,0,clothed→model,0%,full,0.727,,pass,0.0756,36.8,0.0637,44.382,20.87,26.73,60.24,52.39,shoulderHip+legTorso+symmetry,7.95,6.95–10.00,7.95,6.95–10.00,m,100%,model,"an arm covered part of your waist or hips, so that cue was skipped — arms a few inches out reads the full frame",,,
BM93-BM29,48.9333333333333,WM53,BM29,BM93,headswap,m,B,BM93-BM29.png,,scored,,,,0,clothed→model,1%,full,0.793,,pass,0.0550,11.6,0.1299,20.614,12.78,17.36,12.22,15.51,whr+vTaper+shoulderHip+legTorso+symmetry,5.32,4.91–5.70,5.32,4.91–5.70,m,100%,model,,,,
BM93-WM114,34.5714285714286,WM53,WM114,BM93,headswap,m,W,BM93-WM114.png,,scored,,,,0,clothed→model,0%,full,0.704,,pass,0.0085,8.4,0.0090,34.970,12.35,14.84,30.35,25.60,whr+vTaper+shoulderHip+legTorso+symmetry,6.90,6.36–7.81,6.90,6.36–7.81,m,100%,model,"an arm is by your waist, which can widen the silhouette — stand with arms slightly out",,,
BM95,61,BM95,BM95,BM95,original,m,B,BM95.png,,scored,,,,0,clothed→model,11%,full,0.755,,pass,0.0055,17.3,0.2385,35.848,23.95,30.47,39.06,35.53,whr+vTaper+shoulderHip+legTorso+symmetry,6.98,6.42–8.03,6.98,6.42–8.03,f,,guess,"an arm is by your waist, which can widen the silhouette — stand with arms slightly out",,,
BM96,69.6521739130435,BM96,BM96,BM96,original,m,B,BM96.png,,scored,,waist-occluded,,0,clothed→model,0%,full,0.721,,pass,0.0624,23.2,0.0462,45.285,32.18,35.31,32.18,35.31,legTorso+symmetry,8.08,6.99–10.00,8.08,6.99–10.00,unknown,,unknown,"an arm covered part of your waist or hips, so that cue was skipped — arms a few inches out reads the full frame",,,
WF1,33.8947368421053,WF36,WF1,WF1,original,f,W,WF1.png,,scored,,,,0,clothed→model,0%,full,0.712,,pass,0.0107,22.9,0.1020,27.488,29.42,41.45,24.29,27.83,whr+vTaper+shoulderHip+legTorso+symmetry,6.17,5.76–6.65,6.17,5.76–6.65,f,,guess,"an arm is by your waist, which can widen the silhouette — stand with arms slightly out",,,
WF10,15.75,WF36,WF10,WF10,original,f,W,WF10.png,,scored,,,,0,clothed→model,2%,full,0.789,,pass,0.2039,34.2,0.2817,26.418,30.52,43.75,23.13,28.95,whr+vTaper+shoulderHip+legTorso+symmetry,5.96,5.57–6.40,5.96,5.57–6.40,m,99%,model,"an arm is by your waist, which can widen the silhouette — stand with arms slightly out",,,
WF10-BF43,37.1176470588235,WF36,BF43,WF10,headswap,f,B,WF10-BF43.png,,scored,,waist-occluded,,0,clothed→model,0%,full,0.797,,pass,0.0343,14.6,0.0254,43.357,32.03,37.56,29.43,35.87,shoulderHip+legTorso+symmetry,7.84,6.91–10.00,7.84,6.91–10.00,unknown,,unknown,"an arm covered part of your waist or hips, so that cue was skipped — arms a few inches out reads the full frame",,,
WF100,41.1,WF100,WF100,WF100,original,f,W,WF100.png,,scored,,,,0,clothed→model,0%,full,0.742,,pass,0.0204,21.2,0.0363,37.500,14.76,21.06,22.78,21.62,whr+vTaper+shoulderHip+legTorso+symmetry,7.11,6.51–8.53,7.11,6.51–8.53,f,100%,model,"an arm is by your waist, which can widen the silhouette — stand with arms slightly out",,,
WF101,23.7647058823529,WF101,WF101,WF101,original,f,W,WF101.png,,scored,,,,0,clothed→model,0%,full,0.784,,pass,0.0410,13.1,0.0696,28.373,22.78,29.55,35.13,34.24,whr+vTaper+shoulderHip+legTorso+symmetry,6.30,5.88–6.82,6.30,5.88–6.82,f,,guess,"an arm is by your waist, which can widen the silhouette — stand with arms slightly out",,,
WF102,26.8260869565217,WF102,WF102,WF102,original,f,W,WF102.png,,scored,,,,0,clothed→model,6%,full,0.748,,pass,0.0189,18.1,0.0710,37.899,13.30,18.11,32.71,27.12,whr+vTaper+shoulderHip+legTorso+symmetry,7.13,6.52–8.63,7.13,6.52–8.63,unknown,73%,unconfirmed,"an arm is by your waist, which can widen the silhouette — stand with arms slightly out",,,
WF104,55.4705882352941,WF104,WF104,WF104,original,f,W,WF104.png,,scored,,,,0,bare→geometry,91%,full,0.733,,pass,0.0861,2.2,0.4020,,32.42,46.87,31.31,43.59,whr+vTaper+shoulderHip+legTorso+symmetry,4.95,1.00–6.22,4.95,1.00–6.22,f,,guess,"an arm is by your waist, which can widen the silhouette — stand with arms slightly out",,,
WF105,67.1666666666667,WF36,WF105,WF105,original,f,W,WF105.png,,scored,,waist-occluded,,0,clothed→model,20%,full,0.787,,pass,0.0804,61.0,0.0510,38.992,37.89,50.66,37.94,50.69,shoulderHip+legTorso+symmetry,7.28,6.62–10.00,7.28,6.62–10.00,f,,guess,"an arm covered part of your waist or hips, so that cue was skipped — arms a few inches out reads the full frame",,,
WF106,81.85,WF106,WF106,WF106,original,f,W,WF106.png,,scored,,waist-occluded,,0,clothed→model,1%,full,0.753,,pass,0.0368,2.8,0.0478,43.181,80.72,75.74,80.72,75.74,legTorso+symmetry,7.82,6.90–10.00,7.82,6.90–10.00,unknown,,unknown,"an arm covered part of your waist or hips, so that cue was skipped — arms a few inches out reads the full frame",,,
WF107,72.5384615384615,WF93,WF107,WF107,original,f,W,WF107.png,,scored,,waist-occluded,,0,clothed→model,0%,full,0.797,,pass,0.0380,43.8,0.0865,48.003,35.85,46.73,68.91,68.28,shoulderHip+legTorso+symmetry,8.59,7.12–10.00,8.59,7.12–10.00,f,99%,model,"an arm covered part of your waist or hips, so that cue was skipped — arms a few inches out reads the full frame",,,
WF108,31.5555555555556,WF36,WF108,WF108,original,f,W,WF108.png,,scored,,,,0,clothed→model,2%,full,0.773,,pass,0.0776,47.3,0.3217,41.972,25.88,35.06,22.53,24.34,whr+vTaper+shoulderHip+legTorso+symmetry,7.57,6.79–10.00,7.57,6.79–10.00,f,,guess,"an arm is by your waist, which can widen the silhouette — stand with arms slightly out",,,
WF108-BF16,44.7692307692308,WF36,BF16,WF108,headswap,f,B,WF108-BF16.png,,scored,,,,0,clothed→model,0%,full,0.816,,pass,0.0038,1.9,0.0116,33.042,18.64,25.93,22.76,24.05,whr+vTaper+shoulderHip+legTorso+symmetry,6.77,6.26–7.54,6.77,6.26–7.54,f,,guess,"an arm is by your waist, which can widen the silhouette — stand with arms slightly out",,,
WF108-BF43,52.2,WF36,BF43,WF108,headswap,f,B,WF108-BF43.png,,scored,,waist-occluded,,0,clothed→model,0%,full,0.803,,pass,0.0243,0.6,0.0241,47.571,35.49,41.68,32.29,39.59,shoulderHip+legTorso+symmetry,8.49,7.10–10.00,8.49,7.10–10.00,unknown,,unknown,"an arm covered part of your waist or hips, so that cue was skipped — arms a few inches out reads the full frame",,,
WF108-WF3,36.2142857142857,WF36,WF3,WF108,headswap,f,W,WF108-WF3.png,,scored,,,,0,clothed→model,0%,full,0.748,,pass,0.0053,17.6,0.0385,46.777,17.39,22.49,36.42,32.96,whr+vTaper+shoulderHip+legTorso+symmetry,8.33,7.07–10.00,8.33,7.07–10.00,f,,guess,"an arm is by your waist, which can widen the silhouette — stand with arms slightly out",,,
WF11,42.45,WF11,WF11,WF11,original,f,W,WF11.png,,scored,,,,0,clothed→model,0%,full,0.835,,pass,0.0079,7.5,0.0102,36.505,31.49,44.50,28.04,31.67,whr+vTaper+shoulderHip+legTorso+symmetry,7.05,6.47–8.27,7.05,6.47–8.27,m,85%,model,"an arm is by your waist, which can widen the silhouette — stand with arms slightly out",,,
WF12,36.2352941176471,WF80,WF12,WF12,original,f,W,WF12.png,,scored,,,,0,clothed→model,0%,full,0.736,,pass,0.0149,5.5,0.0274,33.124,16.77,22.79,35.85,30.77,whr+vTaper+shoulderHip+legTorso+symmetry,6.77,6.27–7.55,6.77,6.27–7.55,f,100%,model,"an arm is by your waist, which can widen the silhouette — stand with arms slightly out",,,
WF13,56.2941176470588,WF13,WF13,WF13,original,f,W,WF13.png,,scored,,waist-occluded,,0,clothed→model,4%,full,0.683,,pass,0.0253,35.7,0.2128,36.593,34.90,45.22,34.69,45.09,shoulderHip+legTorso+symmetry,7.06,6.48–8.31,7.06,6.48–8.31,f,99%,model,"an arm covered part of your waist or hips, so that cue was skipped — arms a few inches out reads the full frame",,,
WF14,47,WF36,WF14,WF14,original,f,W,WF14.png,,scored,,,,0,clothed→model,0%,full,0.806,,pass,0.0224,3.3,0.0225,46.259,20.43,28.25,27.25,27.16,whr+vTaper+shoulderHip+legTorso+symmetry,8.23,7.04–10.00,8.23,7.04–10.00,f,,guess,,,,
WF15,27.1428571428571,WF15,WF15,WF15,original,f,W,WF15.png,,scored,,,,0,clothed→model,14%,full,0.706,,pass,0.0238,2.0,0.0725,28.690,17.95,28.87,9.43,12.67,whr+vTaper+shoulderHip+legTorso+symmetry,6.34,5.91–6.86,6.34,5.91–6.86,f,100%,model,"an arm is by your waist, which can widen the silhouette — stand with arms slightly out",,,
WF16,68.8421052631579,WF95,WF16,WF16,original,f,W,WF16.png,,scored,,,,0,bare→geometry,50%,full,0.868,,pass,0.0125,39.2,0.0180,,17.55,24.38,31.06,28.03,whr+vTaper+shoulderHip+legTorso+symmetry,4.46,1.00–5.78,4.46,1.00–5.78,f,,guess,"the torso reads as borderline clothed/bare (50% skin), so the headline may be routed to the wrong instrument (model vs. silhouette) — if the score looks off, that is likely why",,,
WF18,29.4444444444444,WF36,WF18,WF18,original,f,W,WF18.png,,scored,,,,0,clothed→model,0%,full,0.858,,pass,0.0187,19.0,0.0326,35.323,20.03,26.65,38.53,34.26,whr+vTaper+shoulderHip+legTorso+symmetry,6.93,6.38–7.89,6.93,6.38–7.89,f,,guess,,,,
WF19,38.375,WF19,WF19,WF19,original,f,W,WF19.png,,scored,,,,0,clothed→model,0%,full,0.721,,pass,0.0371,3.3,0.0384,36.431,14.05,21.31,15.45,15.82,whr+vTaper+shoulderHip+legTorso+symmetry,7.04,6.46–8.24,7.04,6.46–8.24,f,99%,model,"an arm is by your waist, which can widen the silhouette — stand with arms slightly out",,,
WF2,29.1538461538462,WF2,WF2,WF2,original,f,W,WF2.png,,scored,,,,0,clothed→model,13%,full,0.714,,pass,0.0281,17.1,0.3122,38.907,21.81,27.26,33.20,31.16,whr+vTaper+shoulderHip+legTorso+symmetry,7.26,6.61–10.00,7.26,6.61–10.00,f,,guess,"an arm is by your waist, which can widen the silhouette — stand with arms slightly out",,,
WF20,34.8666666666667,WF20,WF20,WF20,original,f,W,WF20.png,,scored,,,,0,clothed→model,0%,full,0.721,,pass,0.0073,10.8,0.0051,29.873,13.34,17.88,37.15,30.61,whr+vTaper+shoulderHip+legTorso+symmetry,6.45,6.01–7.02,6.45,6.01–7.02,f,,guess,"an arm is by your waist, which can widen the silhouette — stand with arms slightly out",,,
WF21,34.7,WF36,WF21,WF21,original,f,W,WF21.png,,scored,,,,0,clothed→model,0%,full,0.744,,pass,0.0086,1.9,0.0135,32.904,24.76,32.57,45.55,40.62,whr+vTaper+shoulderHip+legTorso+symmetry,6.75,6.25–7.51,6.75,6.25–7.51,f,89%,model,"an arm is by your waist, which can widen the silhouette — stand with arms slightly out",,,
WF22,25.8947368421053,WF36,WF22,WF22,original,f,W,WF22.png,,scored,,,,0,clothed→model,0%,full,0.766,,pass,0.0288,1.6,0.0205,41.738,20.05,25.27,45.25,39.75,whr+vTaper+shoulderHip+legTorso+symmetry,7.54,6.77–10.00,7.54,6.77–10.00,f,,guess,"an arm is by your waist, which can widen the silhouette — stand with arms slightly out",,,
WF23,58.1818181818182,WF23,WF23,WF23,original,f,W,WF23.png,,scored,,,,0,bare→geometry,56%,full,0.744,,pass,0.0129,13.4,0.0351,,24.69,32.51,35.09,34.98,whr+vTaper+shoulderHip+legTorso+symmetry,4.84,1.00–6.11,4.84,1.00–6.11,f,,guess,"an arm is by your waist, which can widen the silhouette — stand with arms slightly out",,,
WF24,38.8235294117647,WF24,WF24,WF24,original,f,W,WF24.png,,scored,,,,0,clothed→model,7%,full,0.739,,pass,0.0142,11.0,0.0099,25.082,19.77,29.01,18.61,20.43,whr+vTaper+shoulderHip+legTorso+symmetry,5.88,5.49–6.30,5.88,5.49–6.30,f,,guess,"an arm is by your waist, which can widen the silhouette — stand with arms slightly out",,,
WF25,26.75,WF25,WF25,WF25,original,f,W,WF25.png,,scored,,,,0,clothed→model,2%,full,0.699,,pass,0.0193,18.5,0.0274,26.813,12.82,19.08,18.49,17.77,whr+vTaper+shoulderHip+legTorso+symmetry,6.05,5.65–6.50,6.05,5.65–6.50,f,99%,model,"an arm is by your waist, which can widen the silhouette — stand with arms slightly out",,,
WF26,55.4285714285714,WF26,WF26,WF26,original,f,W,WF26.png,,scored,,waist-occluded,,0,clothed→model,13%,full,0.709,,pass,0.0223,2.0,0.0384,35.252,14.96,22.29,37.53,37.00,shoulderHip+legTorso+symmetry,6.92,6.38–7.87,6.92,6.38–7.87,f,,guess,"an arm covered part of your waist or hips, so that cue was skipped — arms a few inches out reads the full frame",,,
WF27,34.32,WF36,WF27,WF27,original,f,W,WF27.png,,scored,,,,0,clothed→model,16%,full,0.807,,pass,0.0153,1.6,0.0195,36.211,9.36,14.13,19.33,17.28,whr+vTaper+shoulderHip+legTorso+symmetry,7.02,6.45–8.15,7.02,6.45–8.15,f,,guess,,,,
WF27-BF16,26.2142857142857,WF36,BF16,WF27,headswap,f,B,WF27-BF16.png,,scored,,,,0,clothed→model,0%,full,0.831,,pass,0.0145,1.9,0.0289,36.522,12.68,17.79,21.56,20.82,whr+vTaper+shoulderHip+legTorso+symmetry,7.05,6.47–8.27,7.05,6.47–8.27,f,,guess,"an arm is by your waist, which can widen the silhouette — stand with arms slightly out",,,
WF28,29.3888888888889,WF36,WF28,WF28,original,f,W,WF28.png,,scored,,waist-occluded,,0,clothed→model,1%,full,0.734,,pass,0.0051,7.6,0.0035,34.446,55.42,55.48,55.42,55.48,legTorso+symmetry,6.85,6.33–7.71,6.85,6.33–7.71,unknown,,unknown,"an arm covered part of your waist or hips, so that cue was skipped — arms a few inches out reads the full frame",,,
WF28-BF49,39,WF36,BF49,WF28,headswap,f,B,WF28-BF49.png,,scored,,,,0,clothed→model,6%,full,0.792,,pass,0.0648,32.8,0.2523,42.255,27.98,39.14,21.51,24.56,whr+vTaper+shoulderHip+legTorso+symmetry,7.65,6.83–10.00,7.65,6.83–10.00,f,,guess,"an arm is by your waist, which can widen the silhouette — stand with arms slightly out",,,
WF28-BF63,22.4615384615385,WF36,BF63,WF28,headswap,f,B,WF28-BF63.png,,scored,,waist-occluded,,0,bare→geometry,49%,full,0.794,outline,pass,0.0434,53.4,0.0358,,37.61,49.33,75.72,74.17,shoulderHip+legTorso+symmetry,7.18,5.62–10.00,7.18,5.62–10.00,f,,guess,"an arm covered part of your waist or hips, so that cue was skipped — arms a few inches out reads the full frame · the torso reads as borderline clothed/bare (49% skin), so the headline may be routed to the wrong instrument (model vs. silhouette) — if the score looks off, that is likely why",,,
WF28-BF79,40.45,WF36,BF79,WF28,headswap,f,B,WF28-BF79.png,,scored,,,,0,clothed→model,19%,full,0.745,,pass,0.0587,5.1,0.1598,24.212,28.14,39.71,21.05,24.98,whr+vTaper+shoulderHip+legTorso+symmetry,5.70,5.31–6.11,5.70,5.31–6.11,f,,guess,"an arm is by your waist, which can widen the silhouette — stand with arms slightly out",,,
WF28-WF29,36.5294117647059,WF36,WF29,WF28,headswap,f,W,WF28-WF29.png,,scored,,,,0,clothed→model,2%,full,0.685,,pass,0.0355,12.1,0.0424,30.473,21.24,26.66,35.42,29.86,whr+vTaper+shoulderHip+legTorso+symmetry,6.47,6.03–7.05,6.47,6.03–7.05,f,,guess,"an arm is by your waist, which can widen the silhouette — stand with arms slightly out",,,
WF28-WF62,21.25,WF36,WF62,WF28,headswap,f,W,WF28-WF62.png,,scored,,,,0,clothed→model,6%,full,0.811,,pass,0.0654,8.4,0.0580,21.544,11.24,16.35,22.16,19.48,whr+vTaper+shoulderHip+legTorso+symmetry,5.49,5.10–5.88,5.49,5.10–5.88,f,,guess,"an arm is by your waist, which can widen the silhouette — stand with arms slightly out",,,
WF28-WF70,43.5882352941176,WF36,WF70,WF28,headswap,f,W,WF28-WF70.png,,scored,,,,0,clothed→model,0%,full,0.721,,pass,0.0237,9.2,0.0172,38.495,17.11,23.55,34.21,29.82,whr+vTaper+shoulderHip+legTorso+symmetry,7.19,6.56–9.19,7.19,6.56–9.19,f,,guess,"an arm is by your waist, which can widen the silhouette — stand with arms slightly out",,,
WF29,60.0952380952381,WF36,WF29,WF29,original,f,W,WF29.png,,scored,,,,0,clothed→model,2%,full,0.691,,pass,0.0375,0.9,0.0449,35.445,17.70,22.43,36.22,29.53,whr+vTaper+shoulderHip+legTorso+symmetry,6.94,6.39–7.92,6.94,6.39–7.92,f,,guess,"an arm is by your waist, which can widen the silhouette — stand with arms slightly out",,,
WF29-BF11,49.9,WF36,BF11,WF29,headswap,f,B,WF29-BF11.png,,scored,,,,0,clothed→model,22%,full,0.764,,pass,0.0679,29.9,0.0655,33.618,19.14,28.05,17.31,18.90,whr+vTaper+shoulderHip+legTorso+symmetry,6.80,6.29–7.61,6.80,6.29–7.61,f,,guess,,,,
WF29-BF49,57.9411764705882,WF36,BF49,WF29,headswap,f,B,WF29-BF49.png,,scored,,,,0,clothed→model,6%,full,0.781,,pass,0.0562,34.7,0.2513,47.290,23.63,32.65,20.60,22.23,whr+vTaper+shoulderHip+legTorso+symmetry,8.43,7.09–10.00,8.43,7.09–10.00,f,,guess,"an arm is by your waist, which can widen the silhouette — stand with arms slightly out",,,
WF29-WF28,41.2941176470588,WF36,WF28,WF29,headswap,f,W,WF29-WF28.png,,scored,,waist-occluded,,0,clothed→model,3%,full,0.730,,pass,0.0084,7.8,0.0068,36.036,50.75,51.53,50.75,51.53,legTorso+symmetry,7.00,6.43–8.09,7.00,6.43–8.09,unknown,,unknown,"an arm covered part of your waist or hips, so that cue was skipped — arms a few inches out reads the full frame",,,
WF3,37.9230769230769,WF36,WF3,WF3,original,f,W,WF3.png,,scored,,,,0,clothed→model,0%,full,0.743,,pass,0.0114,14.7,0.0357,46.180,17.16,22.16,37.74,33.62,whr+vTaper+shoulderHip+legTorso+symmetry,8.22,7.04–10.00,8.22,7.04–10.00,f,,guess,"an arm is by your waist, which can widen the silhouette — stand with arms slightly out",,,
WF3-BF40,28.8636363636364,WF36,BF40,WF3,headswap,f,B,WF3-BF40.png,,scored,,,,0,clothed→model,0%,full,0.766,,pass,0.0297,7.6,0.0247,23.821,16.03,25.05,16.82,16.35,whr+vTaper+shoulderHip+legTorso+symmetry,5.66,5.28–6.06,5.66,5.28–6.06,f,,guess,"an arm is by your waist, which can widen the silhouette — stand with arms slightly out",,,
WF3-BF70,22.1538461538462,WF36,BF70,WF3,headswap,f,B,WF3-BF70.png,,scored,,waist-occluded,,0,bare→geometry,83%,torso,0.377,framing+outline,degraded,0.0931,0.8,,,8.52,8.52,99.90,99.90,shoulderHip,10.00,5.85–10.00,10.00,5.85–10.00,f,,guess,"non-standard framing: the photo is cropped above the feet — the score scale was calibrated on full-body shots — scored anyway at reduced accuracy · an arm covered part of your waist or hips, so that cue was skipped — arms a few inches out reads the full frame",,,
WF3-BF85,44.8333333333333,WF36,BF85,WF3,headswap,f,B,WF3-BF85.png,,scored,,,,0,clothed→model,1%,full,0.736,,pass,0.0464,10.3,0.2399,37.379,24.67,31.19,47.11,39.78,whr+vTaper+shoulderHip+legTorso+symmetry,7.10,6.51–8.51,7.10,6.51–8.51,f,,guess,"an arm is by your waist, which can widen the silhouette — stand with arms slightly out",,,
WF3-WF108,40.0952380952381,WF36,WF108,WF3,headswap,f,W,WF3-WF108.png,,scored,,waist-occluded,,0,clothed→model,2%,full,0.766,,pass,0.0390,44.1,0.2690,37.259,73.24,65.61,73.24,65.61,legTorso+symmetry,7.10,6.50–8.48,7.10,6.50–8.48,unknown,,unknown,"an arm covered part of your waist or hips, so that cue was skipped — arms a few inches out reads the full frame",,,
WF3-WF36,28.2105263157895,WF36,WF36,WF3,headswap,f,W,WF3-WF36.png,,scored,,,,0,clothed→model,19%,full,0.739,,pass,0.0042,18.9,0.0551,22.354,13.07,20.64,12.14,12.64,whr+vTaper+shoulderHip+legTorso+symmetry,5.57,5.18–5.97,5.57,5.18–5.97,f,,guess,"an arm is by your waist, which can widen the silhouette — stand with arms slightly out",,,
WF3-WF57,26.0588235294118,WF36,WF57,WF3,headswap,f,W,WF3-WF57.png,,scored,,,,0,clothed→model,0%,full,0.774,,pass,0.0452,7.0,0.0442,33.835,18.06,25.38,19.14,21.17,whr+vTaper+shoulderHip+legTorso+symmetry,6.82,6.30–7.63,6.82,6.30–7.63,unknown,51%,unconfirmed,,,,
WF3-WF72,29.047619047619,WF36,WF72,WF3,headswap,f,W,WF3-WF72.png,,scored,,,,0,clothed→model,0%,full,0.733,,pass,0.0252,3.4,0.0272,38.597,20.67,23.11,23.43,24.23,whr+vTaper+shoulderHip+legTorso+symmetry,7.21,6.58–9.83,7.21,6.58–9.83,unknown,,unknown,"an arm is by your waist, which can widen the silhouette — stand with arms slightly out",,,
WF30,26.7142857142857,WF42,WF30,WF30,original,f,W,WF30.png,,scored,,,,0,clothed→model,1%,full,0.819,,pass,0.0501,7.8,0.0673,28.976,9.93,13.33,34.95,26.85,whr+vTaper+shoulderHip+legTorso+symmetry,6.36,5.93–6.90,6.36,5.93–6.90,f,100%,model,"an arm is by your waist, which can widen the silhouette — stand with arms slightly out",,,
WF31,63.1875,WF31,WF31,WF31,original,f,W,WF31.png,,scored,,,,0,clothed→model,0%,full,0.713,,pass,0.0085,13.7,0.0174,44.681,20.27,26.29,43.83,36.62,whr+vTaper+shoulderHip+legTorso+symmetry,7.99,6.97–10.00,7.99,6.97–10.00,f,,guess,"an arm is by your waist, which can widen the silhouette — stand with arms slightly out",,,
WF32,24.25,WF32,WF32,WF32,original,f,W,WF32.png,,scored,,,,0,clothed→model,0%,full,0.737,,pass,0.0505,28.4,0.0465,19.354,10.20,15.31,21.72,18.48,whr+vTaper+shoulderHip+legTorso+symmetry,5.14,4.72–5.53,5.14,4.72–5.53,f,,guess,"an arm is by your waist, which can widen the silhouette — stand with arms slightly out",,,
WF33,53.1764705882353,WF33,WF33,WF33,original,f,W,WF33.png,,scored,,,,0,clothed→model,38%,full,0.741,,pass,0.0194,6.8,0.0414,31.645,13.01,19.23,23.97,20.74,whr+vTaper+shoulderHip+legTorso+symmetry,6.58,6.11–7.21,6.58,6.11–7.21,f,,guess,"an arm is by your waist, which can widen the silhouette — stand with arms slightly out · the torso reads as borderline clothed/bare (38% skin), so the headline may be routed to the wrong instrument (model vs. silhouette) — if the score looks off, that is likely why",,,
WF34,35.375,WF34,WF34,WF34,original,f,W,WF34.png,,scored,,,,0,clothed→model,2%,full,0.737,,pass,0.0235,33.0,0.0223,26.654,11.70,17.87,18.53,16.99,whr+vTaper+shoulderHip+legTorso+symmetry,6.00,5.60–6.44,6.00,5.60–6.44,f,100%,model,,,,
WF35,32.9473684210526,WF35,WF35,WF35,original,f,W,WF35.png,,scored,,,,0,clothed→model,5%,full,0.716,,pass,0.0555,31.8,0.0500,28.933,8.63,12.26,29.44,23.16,whr+vTaper+shoulderHip+legTorso+symmetry,6.36,5.93–6.89,6.36,5.93–6.89,f,,guess,"an arm is by your waist, which can widen the silhouette — stand with arms slightly out",,,
WF36,24.375,WF36,WF36,WF36,original,f,W,WF36.png,,scored,,,,0,clothed→model,19%,full,0.732,,pass,0.0169,18.6,0.0799,23.446,13.93,21.83,11.26,12.27,whr+vTaper+shoulderHip+legTorso+symmetry,5.63,5.25–6.03,5.63,5.25–6.03,f,86%,model,"an arm is by your waist, which can widen the silhouette — stand with arms slightly out",,,
WF36-WF3,32.4285714285714,WF36,WF3,WF36,headswap,f,W,WF36-WF3.png,,scored,,,,0,clothed→model,0%,full,0.742,,pass,0.0100,11.0,0.0266,43.224,19.04,24.42,39.62,35.89,whr+vTaper+shoulderHip+legTorso+symmetry,7.82,6.90–10.00,7.82,6.90–10.00,f,92%,model,"an arm is by your waist, which can widen the silhouette — stand with arms slightly out",,,
WF37,56.2,WF37,WF37,WF37,original,f,W,WF37.png,,scored,,waist-occluded,,0,clothed→model,23%,full,0.723,,pass,0.0505,11.1,0.0438,38.691,29.86,33.43,29.86,33.43,legTorso+symmetry,7.23,6.59–10.00,7.23,6.59–10.00,f,100%,model,"an arm covered part of your waist or hips, so that cue was skipped — arms a few inches out reads the full frame",,,
WF38,28.4761904761905,WF38,WF38,WF38,original,f,W,WF38.png,,scored,,,,0,clothed→model,0%,full,0.745,,pass,0.0536,10.3,0.0350,26.928,18.69,27.95,14.88,17.31,whr+vTaper+shoulderHip+legTorso+symmetry,6.07,5.67–6.52,6.07,5.67–6.52,m,99%,model,,,,
WF39,46.5833333333333,WF39,WF39,WF39,original,f,W,WF39.png,,scored,,waist-occluded,,0,clothed→model,0%,full,0.697,,pass,0.0360,2.0,0.0297,30.560,74.42,70.83,74.42,70.83,legTorso+symmetry,6.48,6.03–7.06,6.48,6.03–7.06,m,97%,model,"an arm covered part of your waist or hips, so that cue was skipped — arms a few inches out reads the full frame",,,
WF4,25.0909090909091,WF36,WF4,WF4,original,f,W,WF4.png,,scored,,,,0,clothed→model,36%,full,0.800,,pass,0.0121,22.6,0.2095,30.967,30.80,44.30,22.95,28.85,whr+vTaper+shoulderHip+legTorso+symmetry,6.50,6.05–7.09,6.50,6.05–7.09,f,,guess,"an arm is by your waist, which can widen the silhouette — stand with arms slightly out · the torso reads as borderline clothed/bare (36% skin), so the headline may be routed to the wrong instrument (model vs. silhouette) — if the score looks off, that is likely why",,,
WF40,41.7857142857143,WF40,WF40,WF40,original,f,W,WF40.png,,scored,,,,0,clothed→model,0%,full,0.724,,pass,0.1080,31.9,0.1250,31.197,9.21,14.10,11.55,15.66,vTaper+legTorso+symmetry,6.52,6.06–7.12,6.52,6.06–7.12,m,79%,model,"an arm covered part of your waist or hips, so that cue was skipped — arms a few inches out reads the full frame",,,
WF41,51.1875,WF36,WF41,WF41,original,f,W,WF41.png,,scored,,,,0,clothed→model,29%,full,0.705,,pass,0.0708,7.5,0.0752,45.566,13.85,18.90,37.02,28.98,whr+vTaper+shoulderHip+legTorso+symmetry,8.12,7.01–10.00,8.12,7.01–10.00,f,,guess,"an arm is by your waist, which can widen the silhouette — stand with arms slightly out",,,
WF41-BF11,43.8125,WF36,BF11,WF41,headswap,f,B,WF41-BF11.png,,scored,,,,0,clothed→model,8%,full,0.762,,pass,0.0572,36.0,0.0632,33.638,18.66,27.55,16.13,17.95,whr+vTaper+shoulderHip+legTorso+symmetry,6.80,6.29–7.61,6.80,6.29–7.61,f,,guess,,,,
WF41-BF49,74.3846153846154,WF36,BF49,WF41,headswap,f,B,WF41-BF49.png,,scored,,,,0,clothed→model,6%,full,0.793,,pass,0.0849,24.5,0.2934,42.790,25.19,34.40,20.99,23.22,whr+vTaper+shoulderHip+legTorso+symmetry,7.76,6.87–10.00,7.76,6.87–10.00,f,,guess,"an arm is by your waist, which can widen the silhouette — stand with arms slightly out",,,
WF42,45.4375,WF42,WF42,WF42,original,f,W,WF42.png,,scored,,,,0,clothed→model,23%,full,0.742,,pass,0.0312,6.5,0.0225,34.172,21.02,28.51,36.93,33.23,whr+vTaper+shoulderHip+legTorso+symmetry,6.83,6.31–7.67,6.83,6.31–7.67,f,,guess,,,,
WF43,58.15,WF43,WF43,WF43,original,f,W,WF43.png,,scored,,,,0,clothed→model,8%,full,0.714,,pass,0.0208,15.4,0.0455,43.680,23.48,33.50,23.50,24.84,whr+vTaper+shoulderHip+legTorso+symmetry,7.87,6.92–10.00,7.87,6.92–10.00,f,,guess,"an arm is by your waist, which can widen the silhouette — stand with arms slightly out",,,
WF44,46,WF44,WF44,WF44,original,f,W,WF44.png,,scored,,,,0,clothed→model,0%,full,0.806,,pass,0.0258,1.1,0.0317,40.697,13.79,19.08,35.46,28.70,whr+vTaper+shoulderHip+legTorso+symmetry,7.45,6.72–10.00,7.45,6.72–10.00,m,96%,model,"an arm is by your waist, which can widen the silhouette — stand with arms slightly out",,,
WF45,37,WF45,WF45,WF45,original,f,W,WF45.png,,scored,,,,0,clothed→model,3%,full,0.763,,pass,0.0250,11.3,0.0240,31.254,16.36,22.56,27.19,25.69,whr+vTaper+shoulderHip+legTorso+symmetry,6.52,6.07–7.13,6.52,6.07–7.13,f,100%,model,"an arm is by your waist, which can widen the silhouette — stand with arms slightly out",,,
WF46,37.4615384615385,WF53,WF46,WF46,original,f,W,WF46.png,,scored,,,,0,clothed→model,0%,full,0.754,,pass,0.0630,6.4,0.1069,42.894,13.04,21.17,7.20,9.02,whr+vTaper+shoulderHip+legTorso+symmetry,7.78,6.88–10.00,7.78,6.88–10.00,f,,guess,,,,
WF47,42.8695652173913,WF47,WF47,WF47,original,f,W,WF47.png,,scored,,,,0,clothed→model,0%,full,0.748,,pass,0.0504,24.8,0.0451,35.346,17.07,24.17,20.61,26.53,vTaper+legTorso+symmetry,6.93,6.39–7.89,6.93,6.39–7.89,f,,guess,"an arm covered part of your waist or hips, so that cue was skipped — arms a few inches out reads the full frame",,,
WF49,45.6153846153846,WF49,WF49,WF49,original,f,W,WF49.png,,scored,,,,0,clothed→model,2%,full,0.749,,pass,0.0225,1.8,0.0236,34.265,22.40,28.76,46.38,40.64,whr+vTaper+shoulderHip+legTorso+symmetry,6.84,6.32–7.68,6.84,6.32–7.68,unknown,54%,unconfirmed,"an arm is by your waist, which can widen the silhouette — stand with arms slightly out",,,
WF5,33.75,WF5,WF5,WF5,original,f,W,WF5.png,,scored,,waist-occluded,,0,clothed→model,24%,full,0.704,,pass,0.0155,20.9,0.0479,29.433,32.76,41.06,67.84,63.92,shoulderHip+legTorso+symmetry,6.42,5.98–6.98,6.42,5.98–6.98,f,,guess,"an arm covered part of your waist or hips, so that cue was skipped — arms a few inches out reads the full frame",,,
WF50,57.5625,WF50,WF50,WF50,original,f,W,WF50.png,,scored,,,,0,bare→geometry,69%,full,0.764,,pass,0.0341,15.3,0.0432,,22.19,29.18,35.94,34.22,whr+vTaper+shoulderHip+legTorso+symmetry,4.85,1.00–6.12,4.85,1.00–6.12,f,99%,model,"an arm is by your waist, which can widen the silhouette — stand with arms slightly out",,,
WF51,28.5454545454545,WF51,WF51,WF51,original,f,W,WF51.png,,scored,,,,0,clothed→model,0%,full,0.744,,pass,0.0282,13.5,0.0281,26.306,22.27,28.25,46.81,41.26,whr+vTaper+shoulderHip+legTorso+symmetry,5.96,5.56–6.39,5.96,5.56–6.39,f,,guess,"an arm is by your waist, which can widen the silhouette — stand with arms slightly out",,,
WF52,44.5,WF52,WF52,WF52,original,f,W,WF52.png,,scored,,,,0,clothed→model,0%,full,0.721,,pass,0.0383,37.6,0.0402,32.266,21.77,29.51,36.97,33.33,whr+vTaper+shoulderHip+legTorso+symmetry,6.66,6.18–7.35,6.66,6.18–7.35,f,,guess,"an arm is by your waist, which can widen the silhouette — stand with arms slightly out",,,
WF53,34.4615384615385,WF53,WF53,WF53,original,f,W,WF53.png,,scored,,,,0,clothed→model,11%,full,0.789,,pass,0.0255,45.8,0.0197,36.218,24.32,32.07,32.05,33.31,whr+vTaper+shoulderHip+legTorso+symmetry,7.02,6.45–8.15,7.02,6.45–8.15,f,,guess,"an arm is by your waist, which can widen the silhouette — stand with arms slightly out",,,
WF54,58.1666666666667,WF54,WF54,WF54,original,f,W,WF54.png,,scored,,,,0,clothed→model,0%,full,0.753,,pass,0.0324,0.7,0.0254,43.491,29.98,40.29,49.25,43.43,whr+vTaper+shoulderHip+legTorso+symmetry,7.85,6.91–10.00,7.85,6.91–10.00,f,,guess,"an arm is by your waist, which can widen the silhouette — stand with arms slightly out",,,
WF55,61,WF55,WF55,WF55,original,f,W,WF55.png,,scored,,,,0,clothed→model,1%,full,0.817,,pass,0.0467,0.3,0.0804,45.570,23.83,31.33,31.76,32.23,whr+vTaper+shoulderHip+legTorso+symmetry,8.12,7.01–10.00,8.12,7.01–10.00,f,,guess,"an arm is by your waist, which can widen the silhouette — stand with arms slightly out",,,
WF56,42.25,WF56,WF56,WF56,original,f,W,WF56.png,,scored,,,,0,clothed→model,12%,full,0.770,,pass,0.0069,11.0,0.0159,41.366,17.86,25.39,22.46,22.82,whr+vTaper+shoulderHip+legTorso+symmetry,7.50,6.75–10.00,7.50,6.75–10.00,f,,guess,"an arm is by your waist, which can widen the silhouette — stand with arms slightly out",,,
WF57,34.8421052631579,WF36,WF57,WF57,original,f,W,WF57.png,,scored,,,,0,clothed→model,0%,full,0.789,,pass,0.0382,31.8,0.0492,32.322,15.18,21.91,16.97,18.15,whr+vTaper+shoulderHip+legTorso+symmetry,6.67,6.19–7.37,6.67,6.19–7.37,f,,guess,,,,
WF57-BF16,35.5294117647059,WF36,BF16,WF57,headswap,f,B,WF57-BF16.png,,scored,,,,0,clothed→model,0%,full,0.832,,pass,0.0199,10.8,0.0229,35.038,12.37,17.20,25.30,23.05,whr+vTaper+shoulderHip+legTorso+symmetry,6.90,6.37–7.83,6.90,6.37–7.83,f,,guess,"an arm is by your waist, which can widen the silhouette — stand with arms slightly out",,,
WF57-WF3,43.2142857142857,WF36,WF3,WF57,headswap,f,W,WF57-WF3.png,,scored,,,,0,clothed→model,0%,full,0.749,,pass,0.0101,16.1,0.0155,44.404,17.42,22.65,36.44,33.13,whr+vTaper+shoulderHip+legTorso+symmetry,7.96,6.95–10.00,7.96,6.95–10.00,f,,guess,"an arm is by your waist, which can widen the silhouette — stand with arms slightly out",,,
WF57-WF72,26.0625,WF36,WF72,WF57,headswap,f,W,WF57-WF72.png,,scored,,,,0,clothed→model,0%,full,0.735,,pass,0.0205,4.6,0.0236,40.198,20.62,23.07,23.41,23.85,whr+vTaper+shoulderHip+legTorso+symmetry,7.42,6.70–10.00,7.42,6.70–10.00,unknown,,unknown,"an arm is by your waist, which can widen the silhouette — stand with arms slightly out",,,
WF58,23.6875,WF58,WF58,WF58,original,f,W,WF58.png,,scored,,,,0,clothed→model,40%,full,0.748,,pass,0.0299,7.6,0.0280,31.227,17.24,22.29,41.73,35.37,whr+vTaper+shoulderHip+legTorso+symmetry,6.52,6.07–7.12,6.52,6.07–7.12,f,100%,model,"an arm is by your waist, which can widen the silhouette — stand with arms slightly out · the torso reads as borderline clothed/bare (40% skin), so the headline may be routed to the wrong instrument (model vs. silhouette) — if the score looks off, that is likely why",,,
WF59,46.5,WF59,WF59,WF59,original,f,W,WF59.png,,scored,,,,0,clothed→model,0%,full,0.726,,pass,0.0153,9.3,0.0273,37.693,14.56,20.68,16.02,18.22,whr+vTaper+shoulderHip+legTorso+symmetry,7.12,6.52–8.58,7.12,6.52–8.58,f,,guess,"an arm is by your waist, which can widen the silhouette — stand with arms slightly out",,,
WF6,45.8666666666667,WF36,WF6,WF6,original,f,W,WF6.png,,scored,,waist-occluded,,0,clothed→model,0%,full,0.758,,pass,0.0640,22.8,0.0754,30.607,28.60,34.49,43.97,44.52,shoulderHip+legTorso+symmetry,6.48,6.03–7.06,6.48,6.03–7.06,f,,guess,"an arm covered part of your waist or hips, so that cue was skipped — arms a few inches out reads the full frame",,,
WF6-BF43,37.5238095238095,WF36,BF43,WF6,headswap,f,B,WF6-BF43.png,,scored,,waist-occluded,,0,clothed→model,0%,full,0.816,,pass,0.0376,0.9,0.0248,44.909,36.75,43.79,38.40,44.86,shoulderHip+legTorso+symmetry,8.02,6.98–10.00,8.02,6.98–10.00,unknown,,unknown,"an arm covered part of your waist or hips, so that cue was skipped — arms a few inches out reads the full frame",,,
WF60,47.4782608695652,WF60,WF60,WF60,original,f,W,WF60.png,,scored,,,,0,clothed→model,7%,full,0.796,,pass,0.0171,0.9,0.0350,38.369,18.27,26.06,19.63,21.11,whr+vTaper+shoulderHip+legTorso+symmetry,7.16,6.54–8.87,7.16,6.54–8.87,f,100%,model,,,,
WF62,22,WF36,WF62,WF62,original,f,W,WF62.png,,scored,,,,0,clothed→model,6%,full,0.813,,pass,0.0620,4.3,0.0456,20.991,11.19,16.36,22.11,19.49,whr+vTaper+shoulderHip+legTorso+symmetry,5.36,4.96–5.74,5.36,4.96–5.74,f,,guess,"an arm is by your waist, which can widen the silhouette — stand with arms slightly out",,,
WF62-BF11,22.5714285714286,WF36,BF11,WF62,headswap,f,B,WF62-BF11.png,,scored,,,,0,clothed→model,21%,full,0.772,,pass,0.0679,34.0,0.0654,30.264,18.24,26.76,16.79,18.32,whr+vTaper+shoulderHip+legTorso+symmetry,6.47,6.02–7.04,6.47,6.02–7.04,f,,guess,,,,
WF62-BF49,45.8947368421053,WF36,BF49,WF62,headswap,f,B,WF62-BF49.png,,scored,,,,0,clothed→model,6%,full,0.790,,pass,0.0530,37.5,0.2550,47.389,26.18,36.53,20.45,23.06,whr+vTaper+shoulderHip+legTorso+symmetry,8.45,7.09–10.00,8.45,7.09–10.00,f,,guess,"an arm is by your waist, which can widen the silhouette — stand with arms slightly out",,,
WF62-WF28,29.8333333333333,WF36,WF28,WF62,headswap,f,W,WF62-WF28.png,,scored,,waist-occluded,,0,clothed→model,1%,full,0.727,,pass,0.0073,4.6,0.0108,32.316,54.72,54.77,54.72,54.77,legTorso+symmetry,6.67,6.19–7.37,6.67,6.19–7.37,unknown,,unknown,"an arm covered part of your waist or hips, so that cue was skipped — arms a few inches out reads the full frame",,,
WF63,54.6666666666667,WF63,WF63,WF63,original,f,W,WF63.png,,scored,,,,0,clothed→model,22%,full,0.803,,pass,0.0154,7.3,0.0257,36.126,25.11,34.57,31.42,31.34,whr+vTaper+shoulderHip+legTorso+symmetry,7.01,6.44–8.12,7.01,6.44–8.12,f,,guess,"an arm is by your waist, which can widen the silhouette — stand with arms slightly out",,,
WF64,22.0714285714286,WF64,WF64,WF64,original,f,W,WF64.png,,scored,,,,0,clothed→model,0%,full,0.752,,pass,0.0310,4.7,0.0551,37.162,24.89,33.95,26.15,28.49,whr+vTaper+shoulderHip+legTorso+symmetry,7.10,6.50–8.46,7.10,6.50–8.46,f,,guess,"an arm is by your waist, which can widen the silhouette — stand with arms slightly out",,,
WF65,33.8571428571429,WF65,WF65,WF65,original,f,W,WF65.png,,scored,,,,0,clothed→model,7%,full,0.723,,pass,0.0213,15.1,0.0280,29.058,19.06,26.41,22.42,23.96,whr+vTaper+shoulderHip+legTorso+symmetry,6.37,5.94–6.91,6.37,5.94–6.91,f,80%,model,,,,
WF66,47.375,WF66,WF66,WF66,original,f,W,WF66.png,,scored,,,,0,clothed→model,1%,full,0.707,,pass,0.0325,6.4,0.0281,22.684,14.00,19.45,31.01,26.58,whr+vTaper+shoulderHip+legTorso+symmetry,5.60,5.21–5.99,5.60,5.21–5.99,unknown,67%,unconfirmed,"an arm is by your waist, which can widen the silhouette — stand with arms slightly out",,,
WF67,36.7647058823529,WF36,WF67,WF67,original,f,W,WF67.png,,scored,,,,0,clothed→model,2%,full,0.822,,pass,0.0201,0.8,0.0183,38.353,20.61,25.78,45.40,40.75,whr+vTaper+shoulderHip+legTorso+symmetry,7.15,6.54–8.84,7.15,6.54–8.84,f,97%,model,"an arm is by your waist, which can widen the silhouette — stand with arms slightly out",,,
WF68,30.4285714285714,WF68,WF68,WF68,original,f,W,WF68.png,,scored,,,,0,clothed→model,0%,full,0.742,,pass,0.0388,24.4,0.0425,25.252,27.19,37.43,26.19,29.26,whr+vTaper+shoulderHip+legTorso+symmetry,5.89,5.50–6.32,5.89,5.50–6.32,f,100%,model,,,,
WF69,33.5,WF69,WF69,WF69,original,f,W,WF69.png,,scored,,,,0,clothed→model,1%,full,0.721,,pass,0.0422,31.6,0.0810,21.986,13.35,17.66,35.96,29.35,whr+vTaper+shoulderHip+legTorso+symmetry,5.55,5.16–5.94,5.55,5.16–5.94,unknown,58%,unconfirmed,"an arm is by your waist, which can widen the silhouette — stand with arms slightly out",,,
WF7,39.0714285714286,WF36,WF7,WF7,original,f,W,WF7.png,,scored,,,,0,clothed→model,1%,full,0.756,,pass,0.0202,3.3,0.0367,32.707,15.68,21.92,24.89,23.63,whr+vTaper+shoulderHip+legTorso+symmetry,6.73,6.24–7.48,6.73,6.24–7.48,f,,guess,"an arm is by your waist, which can widen the silhouette — stand with arms slightly out",,,
WF70,55.9090909090909,WF36,WF70,WF70,original,f,W,WF70.png,,scored,,,,0,clothed→model,0%,full,0.733,,pass,0.0085,5.7,0.0149,39.650,16.72,23.54,23.99,23.57,whr+vTaper+shoulderHip+legTorso+symmetry,7.39,6.69–10.00,7.39,6.69–10.00,f,,guess,"an arm is by your waist, which can widen the silhouette — stand with arms slightly out",,,
WF70-WF28,54.1428571428571,WF36,WF28,WF70,headswap,f,W,WF70-WF28.png,,scored,,waist-occluded,,0,clothed→model,1%,full,0.726,,pass,0.0041,2.1,0.0036,25.463,50.56,51.43,50.56,51.43,legTorso+symmetry,5.91,5.51–6.33,5.91,5.51–6.33,f,97%,model,"an arm covered part of your waist or hips, so that cue was skipped — arms a few inches out reads the full frame",,,
WF71,37.8571428571429,WF36,WF71,WF71,original,f,W,WF71.png,,scored,,,,0,clothed→model,1%,full,0.766,,pass,0.0640,10.4,0.3695,31.629,15.68,19.13,19.43,21.63,vTaper+legTorso+symmetry,6.57,6.11–7.21,6.57,6.11–7.21,f,98%,model,"an arm covered part of your waist or hips, so that cue was skipped — arms a few inches out reads the full frame",,,
WF71-WF72,33.7272727272727,WF36,WF72,WF71,headswap,f,W,WF71-WF72.png,,scored,,,,0,clothed→model,0%,full,0.736,,pass,0.0210,6.8,0.0213,41.152,20.26,22.66,23.05,23.44,whr+vTaper+shoulderHip+legTorso+symmetry,7.47,6.73–10.00,7.47,6.73–10.00,f,97%,model,"an arm is by your waist, which can widen the silhouette — stand with arms slightly out",,,
WF72,33.5882352941176,WF36,WF72,WF72,original,f,W,WF72.png,,scored,,,,0,clothed→model,0%,full,0.746,,pass,0.0320,6.1,0.0292,44.209,20.01,22.32,22.80,23.10,whr+vTaper+shoulderHip+legTorso+symmetry,7.93,6.94–10.00,7.93,6.94–10.00,f,99%,model,"an arm is by your waist, which can widen the silhouette — stand with arms slightly out",,,
WF72-BF16,37.125,WF36,BF16,WF72,headswap,f,B,WF72-BF16.png,,scored,,,,0,clothed→model,0%,full,0.839,,pass,0.0178,3.0,0.0386,31.081,12.40,17.21,23.97,22.18,whr+vTaper+shoulderHip+legTorso+symmetry,6.51,6.06–7.11,6.51,6.06–7.11,f,79%,model,"an arm is by your waist, which can widen the silhouette — stand with arms slightly out",,,
WF72-BF61,38.25,WF36,BF61,WF72,headswap,f,B,WF72-BF61.png,,scored,,,,0,clothed→model,12%,full,0.799,,pass,0.0754,12.7,0.0667,30.426,21.97,30.69,20.23,23.17,whr+vTaper+shoulderHip+legTorso+symmetry,6.47,6.03–7.05,6.47,6.03–7.05,f,83%,model,"an arm is by your waist, which can widen the silhouette — stand with arms slightly out",,,
WF72-BF85,28.3571428571429,WF36,BF85,WF72,headswap,f,B,WF72-BF85.png,,scored,,,,0,clothed→model,1%,full,0.727,,pass,0.0211,5.3,0.2304,38.994,32.48,38.72,39.83,36.03,whr+vTaper+shoulderHip+legTorso+symmetry,7.28,6.62–10.00,7.28,6.62–10.00,f,99%,model,"an arm is by your waist, which can widen the silhouette — stand with arms slightly out",,,
WF72-WF3,39.7647058823529,WF36,WF3,WF72,headswap,f,W,WF72-WF3.png,,scored,,,,0,clothed→model,0%,full,0.736,,pass,0.0168,7.4,0.0376,41.750,19.75,25.12,40.42,36.84,whr+vTaper+shoulderHip+legTorso+symmetry,7.54,6.77–10.00,7.54,6.77–10.00,f,78%,model,"an arm is by your waist, which can widen the silhouette — stand with arms slightly out",,,
WF72-WF57,29.8181818181818,WF36,WF57,WF72,headswap,f,W,WF72-WF57.png,,scored,,,,0,clothed→model,0%,full,0.773,,pass,0.0376,18.2,0.0434,28.631,18.09,25.57,19.68,21.28,whr+vTaper+shoulderHip+legTorso+symmetry,6.33,5.90–6.86,6.33,5.90–6.86,f,99%,model,,,,
WF72-WF71,28.1666666666667,WF36,WF71,WF72,headswap,f,W,WF72-WF71.png,,scored,,,,0,clothed→model,0%,full,0.751,,pass,0.0426,19.7,0.3513,33.250,16.78,20.64,20.53,23.14,vTaper+legTorso+symmetry,6.78,6.28–7.57,6.78,6.28–7.57,f,95%,model,"an arm covered part of your waist or hips, so that cue was skipped — arms a few inches out reads the full frame",,,
WF73,53.3529411764706,WF73,WF73,WF73,original,f,W,WF73.png,,scored,,,,0,clothed→model,0%,full,0.729,,pass,0.0546,21.6,0.0966,31.891,34.37,50.32,30.86,42.82,whr+vTaper+shoulderHip+legTorso+symmetry,6.60,6.14–7.25,6.60,6.14–7.25,f,,guess,,,,
WF74,30.4,WF74,WF74,WF74,original,f,W,WF74.png,,scored,,,,0,clothed→model,0%,full,0.762,,pass,0.0684,3.7,0.0652,35.074,25.36,33.08,40.75,38.27,whr+vTaper+shoulderHip+legTorso+symmetry,6.91,6.37–7.84,6.91,6.37–7.84,f,100%,model,"an arm is by your waist, which can widen the silhouette — stand with arms slightly out",,,
WF75,62.0833333333333,WF80,WF75,WF75,original,f,W,WF75.png,,scored,,,,0,clothed→model,43%,full,0.742,,pass,0.0169,2.6,0.0218,35.089,40.02,51.28,46.88,55.86,vTaper+legTorso+symmetry,6.91,6.37–7.84,6.91,6.37–7.84,f,100%,model,"an arm covered part of your waist or hips, so that cue was skipped — arms a few inches out reads the full frame · the torso reads as borderline clothed/bare (43% skin), so the headline may be routed to the wrong instrument (model vs. silhouette) — if the score looks off, that is likely why",,,
WF76,67.6666666666667,WF76,WF76,WF76,original,f,W,WF76.png,,scored,,waist-occluded,,0,clothed→model,0%,full,0.720,,pass,0.0307,17.9,0.1009,42.081,33.83,35.66,33.83,35.66,legTorso+symmetry,7.60,6.80–10.00,7.60,6.80–10.00,f,100%,model,"an arm covered part of your waist or hips, so that cue was skipped — arms a few inches out reads the full frame",,,
WF77,45.5333333333333,WF77,WF77,WF77,original,f,W,WF77.png,,scored,,waist-occluded,,0,clothed→model,0%,full,0.806,,pass,0.0420,29.0,0.0576,44.864,84.90,79.04,84.90,79.04,legTorso+symmetry,8.02,6.97–10.00,8.02,6.97–10.00,m,95%,model,"an arm covered part of your waist or hips, so that cue was skipped — arms a few inches out reads the full frame",,,
WF79,32.625,WF79,WF79,WF79,original,f,W,WF79.png,,scored,,,,0,clothed→model,0%,full,0.724,,pass,0.0108,3.1,0.0145,33.657,12.97,17.44,36.71,30.01,whr+vTaper+shoulderHip+legTorso+symmetry,6.81,6.29–7.61,6.81,6.29–7.61,f,82%,model,"an arm is by your waist, which can widen the silhouette — stand with arms slightly out",,,
WF8,43.0769230769231,WF8,WF8,WF8,original,f,W,WF8.png,,scored,,waist-occluded,,0,bare→geometry,77%,full,0.712,outline,pass,0.0244,28.2,0.0249,,37.39,47.30,78.71,74.23,shoulderHip+legTorso+symmetry,7.28,5.67–10.00,7.28,5.67–10.00,f,,guess,"an arm covered part of your waist or hips, so that cue was skipped — arms a few inches out reads the full frame",,,
WF80,64.8421052631579,WF80,WF80,WF80,original,f,W,WF80.png,,scored,,,,0,bare→geometry,45%,full,0.785,,pass,0.0330,17.0,0.0289,,25.97,35.13,36.51,35.13,whr+vTaper+shoulderHip+legTorso+symmetry,4.89,1.00–6.16,4.89,1.00–6.16,f,,guess,"an arm is by your waist, which can widen the silhouette — stand with arms slightly out · the torso reads as borderline clothed/bare (45% skin), so the headline may be routed to the wrong instrument (model vs. silhouette) — if the score looks off, that is likely why",,,
WF81,42.4210526315789,WF81,WF81,WF81,original,f,W,WF81.png,,scored,,waist-occluded,,0,clothed→model,41%,full,0.741,,pass,0.0293,5.6,0.0323,38.495,36.94,49.29,46.58,55.57,shoulderHip+legTorso+symmetry,7.19,6.56–9.19,7.19,6.56–9.19,unknown,53%,unconfirmed,"an arm covered part of your waist or hips, so that cue was skipped — arms a few inches out reads the full frame · the torso reads as borderline clothed/bare (41% skin), so the headline may be routed to the wrong instrument (model vs. silhouette) — if the score looks off, that is likely why",,,
WF82,44.6190476190476,WF82,WF82,WF82,original,f,W,WF82.png,,scored,,,,0,clothed→model,11%,full,0.742,,pass,0.0102,15.8,0.0402,43.177,21.40,29.50,34.32,31.16,whr+vTaper+shoulderHip+legTorso+symmetry,7.82,6.90–10.00,7.82,6.90–10.00,f,100%,model,"an arm is by your waist, which can widen the silhouette — stand with arms slightly out",,,
WF83,24.6818181818182,WF83,WF83,WF83,original,f,W,WF83.png,,scored,,,,0,clothed→model,0%,full,0.740,,pass,0.0308,10.9,0.0527,21.501,15.09,19.31,40.60,33.23,whr+vTaper+shoulderHip+legTorso+symmetry,5.49,5.10–5.88,5.49,5.10–5.88,unknown,58%,unconfirmed,"an arm is by your waist, which can widen the silhouette — stand with arms slightly out",,,
WF84,24.6923076923077,WF36,WF84,WF84,original,f,W,WF84.png,,scored,,waist-occluded,,0,bare→geometry,98%,full,0.739,outline,pass,0.0126,2.6,0.0737,,24.98,34.64,26.40,35.56,shoulderHip+legTorso+symmetry,4.56,1.00–5.86,4.56,1.00–5.86,f,,guess,"an arm covered part of your waist or hips, so that cue was skipped — arms a few inches out reads the full frame",,,
WF85,21.7777777777778,WF85,WF85,WF85,original,f,W,WF85.png,,scored,,,,0,clothed→model,5%,full,0.722,,pass,0.0071,13.3,0.0308,35.087,16.56,23.95,22.13,21.48,whr+vTaper+shoulderHip+legTorso+symmetry,6.91,6.37–7.84,6.91,6.37–7.84,f,100%,model,"an arm is by your waist, which can widen the silhouette — stand with arms slightly out",,,
WF86,44.0666666666667,WF93,WF86,WF86,original,f,W,WF86.png,,scored,,,,0,clothed→model,0%,full,0.719,,pass,0.0045,0.8,0.0326,27.456,23.17,32.62,25.46,34.15,vTaper+legTorso+symmetry,6.17,5.76–6.64,6.17,5.76–6.64,f,98%,model,"an arm covered part of your waist or hips, so that cue was skipped — arms a few inches out reads the full frame",,,
WF87,59.25,WF87,WF87,WF87,original,f,W,WF87.png,,scored,,,,0,clothed→model,27%,full,0.731,,pass,0.0571,2.7,0.0648,34.958,25.77,34.28,41.08,37.69,whr+vTaper+shoulderHip+legTorso+symmetry,6.90,6.36–7.81,6.90,6.36–7.81,f,,guess,"an arm is by your waist, which can widen the silhouette — stand with arms slightly out",,,
WF88,32.8,WF88,WF88,WF88,original,f,W,WF88.png,,scored,,waist-occluded,,0,clothed→model,0%,full,0.829,,pass,0.0891,11.3,0.0677,24.001,31.62,42.12,53.34,56.27,shoulderHip+legTorso+symmetry,5.68,5.29–6.08,5.68,5.29–6.08,f,100%,model,"an arm covered part of your waist or hips, so that cue was skipped — arms a few inches out reads the full frame",,,
WF89,58.0526315789474,WF89,WF89,WF89,original,f,W,WF89.png,,scored,,,,0,clothed→model,4%,full,0.737,,pass,0.0364,9.9,0.0882,44.536,24.04,30.16,48.69,42.54,whr+vTaper+shoulderHip+legTorso+symmetry,7.97,6.96–10.00,7.97,6.96–10.00,f,,guess,"an arm is by your waist, which can widen the silhouette — stand with arms slightly out",,,
WF9,24,WF36,WF9,WF9,original,f,W,WF9.png,,scored,,,,0,clothed→model,0%,full,0.798,,pass,0.0785,28.0,0.0798,38.512,11.46,14.63,35.53,27.27,whr+vTaper+shoulderHip+legTorso+symmetry,7.19,6.56–9.26,7.19,6.56–9.26,f,,guess,"an arm is by your waist, which can widen the silhouette — stand with arms slightly out",,,
WF90,69.7058823529412,WF90,WF90,WF90,original,f,W,WF90.png,,scored,,waist-occluded,,0,clothed→model,7%,full,0.745,,pass,0.0200,9.1,0.0290,39.891,39.82,51.63,88.87,83.60,shoulderHip+legTorso+symmetry,7.41,6.70–10.00,7.41,6.70–10.00,f,,guess,"an arm covered part of your waist or hips, so that cue was skipped — arms a few inches out reads the full frame",,,
WF91,22.8125,WF91,WF91,WF91,original,f,W,WF91.png,,scored,,,,0,clothed→model,0%,full,0.750,,pass,0.0364,35.9,0.1684,24.024,19.24,19.58,15.64,13.94,whr+vTaper+shoulderHip+legTorso+symmetry,5.68,5.30–6.09,5.68,5.30–6.09,m,,guess,"an arm is by your waist, which can widen the silhouette — stand with arms slightly out",,,
WF93,30,WF93,WF93,WF93,original,f,W,WF93.png,,scored,,waist-occluded,,0,clothed→model,2%,full,0.729,,pass,0.0178,1.3,0.0611,24.726,67.48,64.45,67.48,64.45,legTorso+symmetry,5.84,5.45–6.26,5.84,5.45–6.26,unknown,,unknown,"an arm covered part of your waist or hips, so that cue was skipped — arms a few inches out reads the full frame",,,
WF94,31.3846153846154,WF94,WF94,WF94,original,f,W,WF94.png,,scored,,waist-occluded,,0,clothed→model,0%,full,0.806,,pass,0.0296,12.7,0.0277,32.051,26.81,29.45,14.66,21.53,shoulderHip+legTorso+symmetry,6.62,6.15–7.28,6.62,6.15–7.28,f,92%,model,"an arm covered part of your waist or hips, so that cue was skipped — arms a few inches out reads the full frame",,,
WF95,70.2142857142857,WF95,WF95,WF95,original,f,W,WF95.png,,scored,,waist-occluded,,0,clothed→model,24%,full,0.775,,pass,0.1449,2.5,0.3438,36.544,76.32,67.14,76.32,67.14,legTorso+symmetry,7.05,6.47–8.28,7.05,6.47–8.28,unknown,,unknown,"an arm covered part of your waist or hips, so that cue was skipped — arms a few inches out reads the full frame",,,
WF99,23.8,WF99,WF99,WF99,original,f,W,WF99.png,,scored,,,,0,clothed→model,3%,full,0.768,,pass,0.0285,40.7,0.0527,27.549,10.72,14.75,33.35,26.36,whr+vTaper+shoulderHip+legTorso+symmetry,6.17,5.76–6.65,6.17,5.76–6.65,f,100%,model,,,,
WM1,28.6902275769746,WM4,WM1,WM1,original,m,W,WM1.png,,scored,,,,0,clothed→model,0%,full,0.812,,pass,0.0421,41.2,0.0448,27.744,10.65,16.77,13.05,18.37,vTaper+legTorso+symmetry,6.19,5.78–6.67,6.19,5.78–6.67,f,,guess,"an arm covered part of your waist or hips, so that cue was skipped — arms a few inches out reads the full frame",,,
WM10,21.7142857142857,WM53,WM10,WM10,original,m,W,WM10.png,,scored,,,,0,clothed→model,4%,full,0.723,,pass,0.0289,27.0,0.0199,28.654,21.52,26.43,42.13,36.92,whr+vTaper+shoulderHip+legTorso+symmetry,6.33,5.91–6.86,6.33,5.91–6.86,m,100%,model,"an arm is by your waist, which can widen the silhouette — stand with arms slightly out",,,
WM100,38,WM100,WM100,WM100,original,m,W,WM100.png,,scored,,,,0,clothed→model,0%,full,0.729,,pass,0.0431,5.7,0.0438,30.084,13.77,20.43,21.63,19.52,whr+vTaper+shoulderHip+legTorso+symmetry,6.46,6.01–7.03,6.46,6.01–7.03,m,100%,model,"an arm is by your waist, which can widen the silhouette — stand with arms slightly out",,,
WM101,22.32,WM101,WM101,WM101,original,m,W,WM101.png,,scored,,,,0,clothed→model,0%,full,0.724,,pass,0.0203,7.1,0.0144,33.955,11.59,16.44,27.14,23.42,whr+vTaper+shoulderHip+legTorso+symmetry,6.82,6.31–7.65,6.82,6.31–7.65,f,,guess,,,,
WM102,18.8823529411765,WM102,WM102,WM102,original,m,W,WM102.png,,scored,,,,0,clothed→model,0%,full,0.739,,pass,0.0337,3.8,0.0661,28.618,19.48,26.58,31.90,29.17,whr+vTaper+shoulderHip+legTorso+symmetry,6.33,5.90–6.86,6.33,5.90–6.86,m,100%,model,,,,
WM103,53.35,WM53,WM103,WM103,original,m,W,WM103.png,,scored,,,,0,clothed→model,0%,full,0.737,,pass,0.0276,8.9,0.0240,34.774,22.02,28.32,40.33,37.67,whr+vTaper+shoulderHip+legTorso+symmetry,6.88,6.35–7.78,6.88,6.35–7.78,f,,guess,"an arm is by your waist, which can widen the silhouette — stand with arms slightly out",,,
WM103-BM6,43.5294117647059,WM53,BM6,WM103,headswap,m,B,WM103-BM6.png,,scored,,waist-occluded,,0,clothed→model,1%,full,0.821,,pass,0.0361,18.2,0.0301,35.962,20.39,23.71,20.12,23.53,shoulderHip+legTorso+symmetry,6.99,6.43–8.06,6.99,6.43–8.06,m,100%,model,"an arm covered part of your waist or hips, so that cue was skipped — arms a few inches out reads the full frame",,,
WM104,36.8732057416268,WM53,WM104,WM104,original,m,W,WM104.png,,scored,,,,0,clothed→model,0%,full,0.771,,pass,0.0347,11.3,0.0284,32.076,11.43,13.37,25.61,21.56,whr+vTaper+shoulderHip+legTorso+symmetry,6.62,6.15–7.29,6.62,6.15–7.29,m,100%,model,"an arm is by your waist, which can widen the silhouette — stand with arms slightly out",,,
WM105,24.6928263214671,WM53,WM105,WM105,original,m,W,WM105.png,,scored,,,,0,clothed→model,0%,full,0.724,,pass,0.0035,12.3,0.0143,33.146,8.88,12.95,25.34,21.15,whr+vTaper+shoulderHip+legTorso+symmetry,6.78,6.27–7.56,6.78,6.27–7.56,m,100%,model,,,,
WM105-BM29,20.6842105263158,WM53,BM29,WM105,headswap,m,B,WM105-BM29.png,,scored,,,,0,clothed→model,0%,full,0.802,,pass,0.0653,22.6,0.1310,24.509,10.00,13.75,10.74,13.24,whr+vTaper+shoulderHip+legTorso+symmetry,5.77,5.38–6.18,5.77,5.38–6.18,m,100%,model,"an arm is by your waist, which can widen the silhouette — stand with arms slightly out",,,
WM106,29.2777777777778,WM106,WM106,WM106,original,m,W,WM106.png,,scored,,,,0,clothed→model,0%,full,0.833,,pass,0.0114,17.0,0.0091,22.636,14.97,20.09,38.90,31.91,whr+vTaper+shoulderHip+legTorso+symmetry,5.59,5.21–5.99,5.59,5.21–5.99,m,100%,model,,,,
WM107,32.3469833469833,WM107,WM107,WM107,original,m,W,WM107.png,,scored,,,,0,clothed→model,0%,full,0.748,,pass,0.0357,21.6,0.0203,29.650,21.77,28.76,42.99,37.63,whr+vTaper+shoulderHip+legTorso+symmetry,6.44,6.00–7.00,6.44,6.00–7.00,f,,guess,"an arm is by your waist, which can widen the silhouette — stand with arms slightly out",,,
WM108,38.8666666666667,WM108,WM108,WM108,original,m,W,WM108.png,,scored,,,,0,clothed→model,3%,full,0.757,,pass,0.0392,10.2,0.0616,31.735,9.41,12.66,33.63,26.29,whr+vTaper+shoulderHip+legTorso+symmetry,6.59,6.12–7.23,6.59,6.12–7.23,m,100%,model,"an arm is by your waist, which can widen the silhouette — stand with arms slightly out",,,
WM109,35.0476190476191,WM109,WM109,WM109,original,m,W,WM109.png,,scored,,,,0,bare→geometry,66%,full,0.825,,pass,0.0333,40.8,0.1030,,14.10,18.95,30.51,26.23,whr+vTaper+shoulderHip+legTorso+symmetry,3.66,1.00–5.31,3.66,1.00–5.31,m,99%,model,"an arm is by your waist, which can widen the silhouette — stand with arms slightly out",,,
WM11,22.8349282296651,WM53,WM11,WM11,original,m,W,WM11.png,,scored,,,,0,clothed→model,0%,full,0.700,,pass,0.0389,10.2,0.0402,25.404,10.72,14.21,36.26,28.17,whr+vTaper+shoulderHip+legTorso+symmetry,5.90,5.51–6.33,5.90,5.51–6.33,m,100%,model,"an arm is by your waist, which can widen the silhouette — stand with arms slightly out",,,
WM110,31.0975609756098,WM110,WM110,WM110,original,m,W,WM110.png,,scored,,,,0,clothed→model,0%,full,0.718,,pass,0.0171,15.8,0.0122,33.163,10.89,14.04,36.92,29.48,whr+vTaper+shoulderHip+legTorso+symmetry,6.78,6.27–7.56,6.78,6.27–7.56,m,100%,model,"an arm is by your waist, which can widen the silhouette — stand with arms slightly out",,,
WM111,37.1,WM111,WM111,WM111,original,m,W,WM111.png,,scored,,,,0,clothed→model,0%,full,0.839,,pass,0.0466,18.7,0.0463,34.193,11.05,14.53,36.65,28.77,whr+vTaper+shoulderHip+legTorso+symmetry,6.83,6.31–7.67,6.83,6.31–7.67,f,,guess,"an arm is by your waist, which can widen the silhouette — stand with arms slightly out",,,
WM112,13.9230769230769,WM112,WM112,WM112,original,m,W,WM112.png,,scored,,,,0,clothed→model,30%,full,0.742,,pass,0.0178,5.7,0.0395,22.918,13.89,17.44,38.14,30.92,whr+vTaper+shoulderHip+legTorso+symmetry,5.61,5.22–6.01,5.61,5.22–6.01,f,,guess,"an arm is by your waist, which can widen the silhouette — stand with arms slightly out",,,
WM113,43.8666666666667,WM59,WM113,WM113,original,m,W,WM113.png,,scored,,,,0,clothed→model,0%,full,0.738,,pass,0.0095,7.1,0.0174,28.750,25.49,30.80,43.00,39.44,whr+vTaper+shoulderHip+legTorso+symmetry,6.34,5.91–6.87,6.34,5.91–6.87,f,,guess,"an arm is by your waist, which can widen the silhouette — stand with arms slightly out",,,
WM114,33.55,WM53,WM114,WM114,original,m,W,WM114.png,,scored,,waist-occluded,,0,clothed→model,0%,full,0.721,,pass,0.0172,1.6,0.0248,36.916,18.84,23.86,43.09,39.66,shoulderHip+legTorso+symmetry,7.08,6.49–8.41,7.08,6.49–8.41,m,100%,model,"an arm covered part of your waist or hips, so that cue was skipped — arms a few inches out reads the full frame",,,
WM114-BM29,26.6666666666667,WM53,BM29,WM114,headswap,m,B,WM114-BM29.png,,scored,,,,0,clothed→model,1%,full,0.803,,pass,0.0622,7.4,0.1523,19.404,10.62,14.68,10.06,12.83,whr+vTaper+shoulderHip+legTorso+symmetry,5.14,4.72–5.53,5.14,4.72–5.53,m,100%,model,,,,
WM114-BM51,35.1666666666667,WM53,BM51,WM114,headswap,m,B,WM114-BM51.png,,scored,,,,0,clothed→model,0%,full,0.741,,pass,0.0173,10.3,0.0230,34.704,21.83,29.22,41.68,36.45,whr+vTaper+shoulderHip+legTorso+symmetry,6.87,6.35–7.76,6.87,6.35–7.76,m,100%,model,,,,
WM114-BM93,29.6315789473684,WM53,BM93,WM114,headswap,m,B,WM114-BM93.png,,scored,,waist-occluded,,0,clothed→model,0%,full,0.735,,pass,0.0622,19.9,0.0660,42.580,20.11,25.53,55.19,48.40,shoulderHip+legTorso+symmetry,7.72,6.86–10.00,7.72,6.86–10.00,m,100%,model,"an arm covered part of your waist or hips, so that cue was skipped — arms a few inches out reads the full frame",,,
WM114-WM189,23.8125,WM53,WM189,WM114,headswap,m,W,WM114-WM189.png,,scored,,,,0,clothed→model,1%,full,0.706,,pass,0.0439,2.1,0.0324,26.598,15.12,22.15,17.28,18.11,whr+vTaper+shoulderHip+legTorso+symmetry,5.99,5.59–6.43,5.99,5.59–6.43,m,100%,model,,,,
WM114-WM26,32.3809523809524,WM53,WM26,WM114,headswap,m,W,WM114-WM26.png,,scored,,,,0,clothed→model,0%,full,0.738,,pass,0.0160,1.3,0.0253,31.410,21.03,26.56,42.33,35.94,whr+vTaper+shoulderHip+legTorso+symmetry,6.54,6.08–7.15,6.54,6.08–7.15,m,100%,model,"an arm is by your waist, which can widen the silhouette — stand with arms slightly out",,,
WM114-WM71,33.2,WM53,WM71,WM114,headswap,m,W,WM114-WM71.png,,scored,,,,0,clothed→model,0%,full,0.732,,pass,0.0515,3.9,0.0549,32.685,18.24,23.89,34.75,31.78,whr+vTaper+shoulderHip+legTorso+symmetry,6.73,6.24–7.47,6.73,6.24–7.47,m,100%,model,"an arm is by your waist, which can widen the silhouette — stand with arms slightly out",,,
WM115,25.5384615384615,WM180,WM115,WM115,original,m,W,WM115.png,,scored,,,,0,clothed→model,0%,full,0.734,,pass,0.0309,8.0,0.0441,43.682,16.19,21.68,35.83,30.79,whr+vTaper+shoulderHip+legTorso+symmetry,7.87,6.92–10.00,7.87,6.92–10.00,m,100%,model,,,,
WM116,17.0909090909091,WM116,WM116,WM116,original,m,W,WM116.png,,scored,,,,0,bare→geometry,100%,full,0.807,,pass,0.0289,5.8,0.0272,,18.29,25.03,35.59,31.02,whr+vTaper+shoulderHip+legTorso+symmetry,3.93,1.00–5.43,3.93,1.00–5.43,m,100%,model,"an arm is by your waist, which can widen the silhouette — stand with arms slightly out",,,
WM117,17.3846153846154,WM117,WM117,WM117,original,m,W,WM117.png,,scored,,,,0,clothed→model,0%,full,0.813,,pass,0.0225,22.8,0.0275,29.766,14.35,16.60,20.88,18.00,whr+vTaper+shoulderHip+legTorso+symmetry,6.45,6.00–7.02,6.45,6.00–7.02,m,100%,model,"an arm is by your waist, which can widen the silhouette — stand with arms slightly out",,,
WM118,31,WM53,WM118,WM118,original,m,W,WM118.png,,scored,,waist-occluded,,0,clothed→model,0%,full,0.820,,pass,0.0330,21.5,0.0604,24.641,18.32,26.30,32.42,35.49,shoulderHip+legTorso+symmetry,5.81,5.42–6.22,5.81,5.42–6.22,m,100%,model,"an arm covered part of your waist or hips, so that cue was skipped — arms a few inches out reads the full frame",,,
WM118-BM29,35.1428571428571,WM53,BM29,WM118,headswap,m,B,WM118-BM29.png,,scored,,,,0,clothed→model,0%,full,0.831,,pass,0.0699,20.8,0.1384,21.301,9.88,13.86,10.00,12.33,whr+vTaper+shoulderHip+legTorso+symmetry,5.46,5.06–5.85,5.46,5.06–5.85,m,100%,model,"an arm is by your waist, which can widen the silhouette — stand with arms slightly out",,,
WM119,17.9411764705882,WM119,WM119,WM119,original,m,W,WM119.png,,scored,,,,0,clothed→model,0%,full,0.709,,pass,0.0668,6.1,0.1050,30.457,11.08,15.28,32.98,25.46,whr+vTaper+shoulderHip+legTorso+symmetry,6.47,6.03–7.05,6.47,6.03–7.05,f,,guess,"an arm is by your waist, which can widen the silhouette — stand with arms slightly out",,,
WM12,34.1666666666667,WM180,WM12,WM12,original,m,W,WM12.png,,scored,,,,0,clothed→model,0%,full,0.704,,pass,0.0144,11.2,0.0297,22.870,23.29,29.07,48.54,42.58,whr+vTaper+shoulderHip+legTorso+symmetry,5.61,5.22–6.01,5.61,5.22–6.01,m,100%,model,"an arm is by your waist, which can widen the silhouette — stand with arms slightly out",,,
WM120,16.7777777777778,WM59,WM120,WM120,original,m,W,WM120.png,,scored,,,,0,clothed→model,0%,full,0.835,,pass,0.0320,4.7,0.0309,31.659,15.17,20.70,38.29,30.82,whr+vTaper+shoulderHip+legTorso+symmetry,6.58,6.11–7.21,6.58,6.11–7.21,m,100%,model,"an arm is by your waist, which can widen the silhouette — stand with arms slightly out",,,
WM121,18.6428571428571,WM121,WM121,WM121,original,m,W,WM121.png,,scored,,,,0,clothed→model,11%,full,0.697,,pass,0.0056,4.2,0.0119,28.938,9.97,14.43,17.99,17.64,whr+vTaper+shoulderHip+legTorso+symmetry,6.36,5.93–6.89,6.36,5.93–6.89,m,100%,model,"an arm is by your waist, which can widen the silhouette — stand with arms slightly out",,,
WM126,18.6666666666667,WM126,WM126,WM126,original,m,W,WM126.png,,scored,,,,0,clothed→model,0%,full,0.751,,pass,0.0350,25.9,0.0628,36.404,12.95,19.65,19.02,17.11,whr+vTaper+shoulderHip+legTorso+symmetry,7.04,6.46–8.22,7.04,6.46–8.22,f,,guess,"an arm is by your waist, which can widen the silhouette — stand with arms slightly out",,,
WM13,37.2142857142857,WM13,WM13,WM13,original,m,W,WM13.png,,scored,,,,0,clothed→model,29%,full,0.719,,pass,0.0226,12.3,0.0148,35.829,23.28,33.28,25.00,34.42,vTaper+legTorso+symmetry,6.98,6.42–8.02,6.98,6.42–8.02,m,100%,model,"an arm covered part of your waist or hips, so that cue was skipped — arms a few inches out reads the full frame",,,
WM131,43.2666666666667,WM131,WM131,WM131,original,m,W,WM131.png,,scored,,,,0,clothed→model,0%,full,0.726,,pass,0.0283,1.8,0.0241,33.913,9.90,13.05,35.65,27.63,whr+vTaper+shoulderHip+legTorso+symmetry,6.82,6.30–7.64,6.82,6.30–7.64,m,100%,model,"an arm is by your waist, which can widen the silhouette — stand with arms slightly out",,,
WM132,45.4210526315789,WM132,WM132,WM132,original,m,W,WM132.png,,scored,,,,0,clothed→model,18%,full,0.737,,pass,0.0628,14.3,0.0785,31.466,13.55,18.03,37.20,28.43,whr+vTaper+shoulderHip+legTorso+symmetry,6.55,6.09–7.16,6.55,6.09–7.16,m,100%,model,"an arm is by your waist, which can widen the silhouette — stand with arms slightly out",,,
WM133,30.8888888888889,WM133,WM133,WM133,original,m,W,WM133.png,,scored,,,,0,clothed→model,14%,full,0.768,,pass,0.0188,11.3,0.0171,28.453,16.13,22.90,27.94,25.19,whr+vTaper+shoulderHip+legTorso+symmetry,6.32,5.89–6.84,6.32,5.89–6.84,m,100%,model,,,,
WM134,39.6603174603175,WM134,WM134,WM134,original,m,W,WM134.png,,scored,,,,0,clothed→model,14%,full,0.747,,pass,0.0125,6.6,0.0183,35.006,16.33,22.16,37.79,31.65,whr+vTaper+shoulderHip+legTorso+symmetry,6.90,6.36–7.82,6.90,6.36–7.82,f,,guess,"an arm is by your waist, which can widen the silhouette — stand with arms slightly out",,,
WM135,40.5714285714286,WM135,WM135,WM135,original,m,W,WM135.png,,scored,,,,0,clothed→model,14%,full,0.784,,pass,0.0098,4.0,0.0094,36.622,11.08,16.27,25.83,21.85,whr+vTaper+shoulderHip+legTorso+symmetry,7.06,6.48–8.32,7.06,6.48–8.32,m,99%,model,"an arm is by your waist, which can widen the silhouette — stand with arms slightly out",,,
WM136,46.3076923076923,WM136,WM136,WM136,original,m,W,WM136.png,,scored,,,,0,clothed→model,3%,full,0.725,,pass,0.0183,14.7,0.0286,30.640,17.60,23.32,24.23,27.74,vTaper+legTorso+symmetry,6.48,6.03–7.06,6.48,6.03–7.06,m,98%,model,"an arm covered part of your waist or hips, so that cue was skipped — arms a few inches out reads the full frame",,,
WM137,62.4666666666667,WM137,WM137,WM137,original,m,W,WM137.png,,scored,,,,0,clothed→model,0%,full,0.703,,pass,0.0183,5.2,0.0314,22.993,13.58,19.26,18.42,22.49,vTaper+legTorso+symmetry,5.61,5.23–6.01,5.61,5.23–6.01,unknown,65%,unconfirmed,"an arm covered part of your waist or hips, so that cue was skipped — arms a few inches out reads the full frame",,,
WM138,49.4949494949495,WM138,WM138,WM138,original,m,W,WM138.png,,scored,,,,0,clothed→model,0%,full,0.734,,pass,0.0353,10.4,0.0282,38.174,18.68,22.82,34.28,29.48,whr+vTaper+shoulderHip+legTorso+symmetry,7.14,6.53–8.71,7.14,6.53–8.71,f,,guess,"an arm is by your waist, which can widen the silhouette — stand with arms slightly out",,,
WM14,63.8125,WM14,WM14,WM14,original,m,W,WM14.png,,scored,,waist-occluded,,0,clothed→model,6%,full,0.694,,pass,0.0546,20.9,0.0549,42.630,48.26,57.37,49.92,58.44,shoulderHip+legTorso+symmetry,7.73,6.86–10.00,7.73,6.86–10.00,unknown,,unknown,"an arm covered part of your waist or hips, so that cue was skipped — arms a few inches out reads the full frame",,,
WM145,20.4688346883469,WM145,WM145,WM145,original,m,W,WM145.png,,scored,,,,0,bare→geometry,58%,full,0.734,,pass,0.0427,13.0,0.0538,,12.41,16.96,30.95,26.06,whr+vTaper+shoulderHip+legTorso+symmetry,3.61,1.00–5.28,3.61,1.00–5.28,m,100%,model,"an arm is by your waist, which can widen the silhouette — stand with arms slightly out",,,
WM15,38.1988304093567,WM15,WM15,WM15,original,m,W,WM15.png,,scored,,,,0,clothed→model,5%,full,0.800,,pass,0.0110,13.9,0.0367,27.635,11.97,16.52,30.23,25.51,whr+vTaper+shoulderHip+legTorso+symmetry,6.18,5.77–6.66,6.18,5.77–6.66,m,100%,model,"an arm is by your waist, which can widen the silhouette — stand with arms slightly out",,,
WM155,64.0462962962963,WM155,WM155,WM155,original,m,W,WM155.png,,scored,,waist-occluded,,0,clothed→model,0%,full,0.795,,pass,0.0439,13.3,0.0563,50.347,38.15,50.46,47.89,56.81,shoulderHip+legTorso+symmetry,8.88,7.16–10.00,8.88,7.16–10.00,f,,guess,"an arm covered part of your waist or hips, so that cue was skipped — arms a few inches out reads the full frame",,,
WM157,53.3593380614657,WM53,WM157,WM157,original,m,W,WM157.png,,scored,,waist-occluded,,0,clothed→model,0%,full,0.798,,pass,0.0026,34.4,0.0271,38.292,27.05,35.94,78.52,69.49,shoulderHip+legTorso+symmetry,7.14,6.53–8.75,7.14,6.53–8.75,f,,guess,"an arm covered part of your waist or hips, so that cue was skipped — arms a few inches out reads the full frame",,,
WM157-BM81,54.52,WM53,BM81,WM157,headswap,m,B,WM157-BM81.png,,scored,,waist-occluded,,0,clothed→model,9%,full,0.793,,pass,0.0451,12.8,0.0812,39.579,27.57,34.42,63.50,57.85,shoulderHip+legTorso+symmetry,7.39,6.69–10.00,7.39,6.69–10.00,f,,guess,"an arm covered part of your waist or hips, so that cue was skipped — arms a few inches out reads the full frame",,,
WM158,65.0510510510511,WM158,WM158,WM158,original,m,W,WM158.png,,scored,,waist-occluded,,0,clothed→model,0%,full,0.727,,pass,0.0245,2.2,0.0145,36.658,46.99,55.82,44.57,54.24,shoulderHip+legTorso+symmetry,7.07,6.48–8.34,7.07,6.48–8.34,unknown,,unknown,"an arm covered part of your waist or hips, so that cue was skipped — arms a few inches out reads the full frame",,,
WM16,17.5555555555556,WM16,WM16,WM16,original,m,W,WM16.png,,scored,,,,0,clothed→model,0%,full,0.738,,pass,0.0068,0.5,0.0280,31.663,22.39,30.29,43.17,36.68,whr+vTaper+shoulderHip+legTorso+symmetry,6.58,6.11–7.22,6.58,6.11–7.22,m,92%,model,"an arm is by your waist, which can widen the silhouette — stand with arms slightly out",,,
WM165,42.3106060606061,WM53,WM165,WM165,original,m,W,WM165.png,,scored,,waist-occluded,,0,clothed→model,2%,full,0.713,,pass,0.0262,52.1,0.0406,36.618,33.69,44.86,58.80,61.23,shoulderHip+legTorso+symmetry,7.06,6.48–8.32,7.06,6.48–8.32,f,,guess,"an arm covered part of your waist or hips, so that cue was skipped — arms a few inches out reads the full frame",,,
WM167,63.5263157894737,WM53,WM167,WM167,original,m,W,WM167.png,,scored,,waist-occluded,,0,clothed→model,0%,full,0.756,,pass,0.0166,5.1,0.0248,40.036,32.89,43.86,66.78,65.96,shoulderHip+legTorso+symmetry,7.41,6.70–10.00,7.41,6.70–10.00,f,,guess,"an arm covered part of your waist or hips, so that cue was skipped — arms a few inches out reads the full frame",,,
WM167-BM6,40,WM53,BM6,WM167,headswap,m,B,WM167-BM6.png,,scored,,waist-occluded,,0,clothed→model,1%,full,0.824,,pass,0.0360,4.3,0.0305,33.720,20.95,23.91,17.14,21.43,shoulderHip+legTorso+symmetry,6.81,6.30–7.62,6.81,6.30–7.62,unknown,,unknown,"an arm covered part of your waist or hips, so that cue was skipped — arms a few inches out reads the full frame",,,
WM167-WM193,20.8888888888889,WM53,WM193,WM167,headswap,m,W,WM167-WM193.png,,scored,,,,0,clothed→model,0%,full,0.695,,pass,0.0099,26.8,0.0256,33.217,17.02,19.17,18.58,16.94,whr+vTaper+shoulderHip+legTorso+symmetry,6.78,6.28–7.57,6.78,6.28–7.57,f,,guess,"an arm is by your waist, which can widen the silhouette — stand with arms slightly out",,,
WM17,27.6923076923077,WM17,WM17,WM17,original,m,W,WM17.png,,scored,,,,0,clothed→model,0%,full,0.739,,pass,0.0182,11.2,0.0131,30.658,20.92,26.07,45.73,39.69,whr+vTaper+shoulderHip+legTorso+symmetry,6.48,6.03–7.07,6.48,6.03–7.07,m,100%,model,"an arm is by your waist, which can widen the silhouette — stand with arms slightly out",,,
WM172,63.3333333333333,WM172,WM172,WM172,original,m,W,WM172.png,,scored,,waist-occluded,,0,clothed→model,10%,full,0.740,,pass,0.0388,67.3,0.0511,39.411,45.03,54.21,54.39,60.32,shoulderHip+legTorso+symmetry,7.38,6.68–10.00,7.38,6.68–10.00,m,96%,model,"an arm covered part of your waist or hips, so that cue was skipped — arms a few inches out reads the full frame",,,
WM175,75.9309309309309,WM53,WM175,WM175,original,m,W,WM175.png,,scored,,,,0,clothed→model,0%,full,0.819,,pass,0.0287,7.9,0.0355,46.564,19.53,25.05,30.13,30.95,whr+vTaper+shoulderHip+legTorso+symmetry,8.29,7.06–10.00,8.29,7.06–10.00,m,100%,model,"an arm is by your waist, which can widen the silhouette — stand with arms slightly out",,,
WM176,20.8695652173913,WM176,WM176,WM176,original,m,W,WM176.png,,scored,,,,0,clothed→model,4%,full,0.727,,pass,0.0235,5.4,0.0363,41.297,19.54,25.45,26.50,30.10,vTaper+legTorso+symmetry,7.49,6.74–10.00,7.49,6.74–10.00,f,,guess,"an arm covered part of your waist or hips, so that cue was skipped — arms a few inches out reads the full frame",,,
WM177,32.5294117647059,WM177,WM177,WM177,original,m,W,WM177.png,,scored,,waist-occluded,,0,clothed→model,0%,full,0.831,,pass,0.0087,5.2,0.0132,29.750,46.39,49.07,23.57,34.20,shoulderHip+legTorso+symmetry,6.45,6.00–7.01,6.45,6.00–7.01,m,,guess,"an arm covered part of your waist or hips, so that cue was skipped — arms a few inches out reads the full frame",,,
WM178,26.6031746031746,WM178,WM178,WM178,original,m,W,WM178.png,,scored,,,,0,clothed→model,0%,full,0.814,,pass,0.0136,17.6,0.0327,34.532,13.13,19.60,23.30,20.26,whr+vTaper+shoulderHip+legTorso+symmetry,6.86,6.33–7.73,6.86,6.33–7.73,m,96%,model,"an arm is by your waist, which can widen the silhouette — stand with arms slightly out",,,
WM179,25.0625,WM179,WM179,WM179,original,m,W,WM179.png,,scored,,,,0,clothed→model,27%,full,0.811,,pass,0.0135,5.6,0.0109,37.841,10.40,13.51,36.49,28.94,whr+vTaper+shoulderHip+legTorso+symmetry,7.12,6.52–8.62,7.12,6.52–8.62,m,100%,model,"an arm is by your waist, which can widen the silhouette — stand with arms slightly out",,,
WM18,59.2307692307692,WM53,WM18,WM18,original,m,W,WM18.png,,scored,,,,0,clothed→model,0%,full,0.733,,pass,0.0163,7.2,0.0180,39.982,19.43,25.54,39.96,35.37,whr+vTaper+shoulderHip+legTorso+symmetry,7.41,6.70–10.00,7.41,6.70–10.00,m,100%,model,"an arm is by your waist, which can widen the silhouette — stand with arms slightly out",,,
WM180,45.7333333333333,WM180,WM180,WM180,original,m,W,WM180.png,,scored,,,,0,clothed→model,0%,full,0.730,,pass,0.0281,8.9,0.0323,39.898,11.80,14.64,32.29,25.68,whr+vTaper+shoulderHip+legTorso+symmetry,7.41,6.70–10.00,7.41,6.70–10.00,m,100%,model,"an arm is by your waist, which can widen the silhouette — stand with arms slightly out",,,
WM181,24.0833333333333,WM181,WM181,WM181,original,m,W,WM181.png,,scored,,,,0,clothed→model,0%,full,0.742,,pass,0.0127,17.8,0.0191,32.525,14.32,22.12,15.82,15.83,whr+vTaper+shoulderHip+legTorso+symmetry,6.71,6.22–7.43,6.71,6.22–7.43,m,98%,model,"an arm is by your waist, which can widen the silhouette — stand with arms slightly out",,,
WM182,12.25,WM182,WM182,WM182,original,m,W,WM182.png,,scored,,,,0,clothed→model,3%,full,0.824,,pass,0.0183,17.7,0.0479,25.768,11.56,16.20,31.59,25.49,whr+vTaper+shoulderHip+legTorso+symmetry,5.93,5.53–6.36,5.93,5.53–6.36,f,,guess,"an arm is by your waist, which can widen the silhouette — stand with arms slightly out",,,
WM183,21.5013550135501,WM53,WM183,WM183,original,m,W,WM183.png,,scored,,,,0,clothed→model,0%,full,0.801,,pass,0.0246,9.2,0.0505,21.483,12.55,18.49,27.47,22.41,whr+vTaper+shoulderHip+legTorso+symmetry,5.48,5.09–5.88,5.48,5.09–5.88,m,100%,model,"an arm is by your waist, which can widen the silhouette — stand with arms slightly out",,,
WM183-BM29,24.3703703703704,WM53,BM29,WM183,headswap,m,B,WM183-BM29.png,,scored,,,,0,clothed→model,0%,full,0.801,,pass,0.0591,13.8,0.1295,22.433,9.54,13.43,9.40,12.00,whr+vTaper+shoulderHip+legTorso+symmetry,5.58,5.19–5.97,5.58,5.19–5.97,f,,guess,"an arm is by your waist, which can widen the silhouette — stand with arms slightly out",,,
WM184,17.8823529411765,WM53,WM184,WM184,original,m,W,WM184.png,,scored,,,,0,clothed→model,4%,full,0.716,,pass,0.0122,4.0,0.0228,28.794,10.83,15.55,19.34,18.63,whr+vTaper+shoulderHip+legTorso+symmetry,6.34,5.92–6.87,6.34,5.92–6.87,m,100%,model,"an arm is by your waist, which can widen the silhouette — stand with arms slightly out",,,
WM185,17.8,WM185,WM185,WM185,original,m,W,WM185.png,,scored,,,,0,clothed→model,0%,full,0.758,,pass,0.0017,17.4,0.0149,28.117,17.97,26.39,29.55,25.50,whr+vTaper+shoulderHip+legTorso+symmetry,6.25,5.84–6.75,6.25,5.84–6.75,f,,guess,"an arm is by your waist, which can widen the silhouette — stand with arms slightly out",,,
WM186,23.7385620915033,WM53,WM186,WM186,original,m,W,WM186.png,,scored,,,,0,clothed→model,0%,full,0.798,,pass,0.0200,34.4,0.0562,29.616,10.63,15.77,21.62,18.62,whr+vTaper+shoulderHip+legTorso+symmetry,6.44,5.99–7.00,6.44,5.99–7.00,f,,guess,"an arm is by your waist, which can widen the silhouette — stand with arms slightly out",,,
WM187,28.7407407407407,WM187,WM187,WM187,original,m,W,WM187.png,,scored,,,,0,clothed→model,0%,full,0.758,,pass,0.0653,6.7,0.0749,25.513,8.83,13.04,16.73,15.42,whr+vTaper+shoulderHip+legTorso+symmetry,5.91,5.52–6.34,5.91,5.52–6.34,m,100%,model,,,,
WM188,34.6,WM188,WM188,WM188,original,m,W,WM188.png,,scored,,waist-occluded,,0,clothed→model,43%,full,0.706,,pass,0.0274,1.3,0.0474,34.568,27.60,32.14,26.69,31.55,shoulderHip+legTorso+symmetry,6.86,6.34–7.74,6.86,6.34–7.74,unknown,,unknown,"an arm covered part of your waist or hips, so that cue was skipped — arms a few inches out reads the full frame · the torso reads as borderline clothed/bare (43% skin), so the headline may be routed to the wrong instrument (model vs. silhouette) — if the score looks off, that is likely why",,,
WM189,20.5175438596491,WM53,WM189,WM189,original,m,W,WM189.png,,scored,,,,0,clothed→model,1%,full,0.719,,pass,0.0470,1.3,0.0468,27.166,14.10,20.80,17.32,17.44,whr+vTaper+shoulderHip+legTorso+symmetry,6.12,5.71–6.59,6.12,5.71–6.59,f,,guess,"an arm is by your waist, which can widen the silhouette — stand with arms slightly out",,,
WM189-WM114,28.5714285714286,WM53,WM114,WM189,headswap,m,W,WM189-WM114.png,,scored,,,,0,clothed→model,0%,full,0.709,,pass,0.0139,9.7,0.0177,35.852,12.99,15.40,28.90,24.72,whr+vTaper+shoulderHip+legTorso+symmetry,6.98,6.42–8.03,6.98,6.42–8.03,f,,guess,"an arm is by your waist, which can widen the silhouette — stand with arms slightly out",,,
WM19,31.3684210526316,WM19,WM19,WM19,original,m,W,WM19.png,,scored,,,,0,clothed→model,8%,full,0.744,,pass,0.0072,23.6,0.0187,28.651,19.79,23.78,37.49,33.39,whr+vTaper+shoulderHip+legTorso+symmetry,6.33,5.91–6.86,6.33,5.91–6.86,m,100%,model,"an arm is by your waist, which can widen the silhouette — stand with arms slightly out",,,
WM190,43.5625,WM190,WM190,WM190,original,m,W,WM190.png,,scored,,,,0,clothed→model,0%,full,0.744,,pass,0.0444,34.3,0.0799,38.799,25.08,31.38,32.89,36.59,vTaper+legTorso+symmetry,7.24,6.60–10.00,7.24,6.60–10.00,f,,guess,"an arm covered part of your waist or hips, so that cue was skipped — arms a few inches out reads the full frame",,,
WM191,26.8645833333333,WM191,WM191,WM191,original,m,W,WM191.png,,scored,,,,0,clothed→model,0%,full,0.791,,pass,0.0480,39.1,0.0547,35.930,12.44,17.42,30.73,25.28,whr+vTaper+shoulderHip+legTorso+symmetry,6.99,6.43–8.05,6.99,6.43–8.05,m,100%,model,"an arm is by your waist, which can widen the silhouette — stand with arms slightly out",,,
WM192,36.6666666666667,WM53,WM192,WM192,original,m,W,WM192.png,,scored,,,,0,clothed→model,1%,full,0.852,,pass,0.0538,29.9,0.0602,32.297,14.64,23.24,10.59,12.03,whr+vTaper+shoulderHip+legTorso+symmetry,6.67,6.19–7.36,6.67,6.19–7.36,m,100%,model,"an arm is by your waist, which can widen the silhouette — stand with arms slightly out",,,
WM192-BM6,24.0714285714286,WM53,BM6,WM192,headswap,m,B,WM192-BM6.png,,scored,,waist-occluded,,0,clothed→model,1%,full,0.824,,pass,0.0378,9.9,0.0279,34.548,21.82,24.60,15.43,20.44,shoulderHip+legTorso+symmetry,6.86,6.34–7.73,6.86,6.34–7.73,m,100%,model,"an arm covered part of your waist or hips, so that cue was skipped — arms a few inches out reads the full frame",,,
WM192-BM81,46.8421052631579,WM53,BM81,WM192,headswap,m,B,WM192-BM81.png,,scored,,waist-occluded,,0,clothed→model,9%,full,0.805,,pass,0.0582,13.9,0.0861,35.532,29.55,36.26,56.72,53.97,shoulderHip+legTorso+symmetry,6.95,6.40–7.94,6.95,6.40–7.94,m,100%,model,"an arm covered part of your waist or hips, so that cue was skipped — arms a few inches out reads the full frame",,,
WM193,21.6574074074074,WM53,WM193,WM193,original,m,W,WM193.png,,scored,,,,0,clothed→model,0%,full,0.701,,pass,0.0124,20.9,0.0107,32.692,17.99,20.84,21.15,19.17,whr+vTaper+shoulderHip+legTorso+symmetry,6.73,6.24–7.47,6.73,6.24–7.47,f,,guess,"an arm is by your waist, which can widen the silhouette — stand with arms slightly out",,,
WM193-BM18,21.75,WM53,BM18,WM193,headswap,m,B,WM193-BM18.png,,scored,,,,0,bare→geometry,47%,full,0.817,,pass,0.0138,6.5,0.0277,,13.91,17.29,34.54,28.11,whr+vTaper+shoulderHip+legTorso+symmetry,4.58,1.00–5.87,4.58,1.00–5.87,f,,guess,"an arm is by your waist, which can widen the silhouette — stand with arms slightly out · the torso reads as borderline clothed/bare (47% skin), so the headline may be routed to the wrong instrument (model vs. silhouette) — if the score looks off, that is likely why",,,
WM193-BM81,50.4615384615385,WM53,BM81,WM193,headswap,m,B,WM193-BM81.png,,scored,,waist-occluded,,0,clothed→model,9%,full,0.801,,pass,0.0342,6.1,0.0688,41.593,28.47,35.17,55.64,52.88,shoulderHip+legTorso+symmetry,7.52,6.76–10.00,7.52,6.76–10.00,f,,guess,"an arm covered part of your waist or hips, so that cue was skipped — arms a few inches out reads the full frame",,,
WM193-BM9,24.9333333333333,WM53,BM9,WM193,headswap,m,B,WM193-BM9.png,,scored,,,,0,clothed→model,0%,full,0.781,,pass,0.0137,12.1,0.0119,32.212,14.93,19.47,39.77,33.27,whr+vTaper+shoulderHip+legTorso+symmetry,6.65,6.17–7.33,6.65,6.17–7.33,f,,guess,"an arm is by your waist, which can widen the silhouette — stand with arms slightly out",,,
WM193-WM167,37.3888888888889,WM53,WM167,WM193,headswap,m,W,WM193-WM167.png,,scored,,waist-occluded,,0,clothed→model,0%,full,0.755,,pass,0.0140,9.0,0.0238,39.548,34.64,46.00,68.54,68.09,shoulderHip+legTorso+symmetry,7.39,6.69–10.00,7.39,6.69–10.00,f,,guess,"an arm covered part of your waist or hips, so that cue was skipped — arms a few inches out reads the full frame",,,
WM193-WM200,28.3157894736842,WM53,WM200,WM193,headswap,m,W,WM193-WM200.png,,scored,,waist-occluded,,0,clothed→model,0%,full,0.779,,pass,0.0220,7.1,0.0350,29.594,16.83,21.30,40.89,36.98,shoulderHip+legTorso+symmetry,6.43,5.99–7.00,6.43,5.99–7.00,f,,guess,"an arm covered part of your waist or hips, so that cue was skipped — arms a few inches out reads the full frame",,,
WM193-WM23,28.1428571428571,WM53,WM23,WM193,headswap,m,W,WM193-WM23.png,,scored,,,,0,clothed→model,0%,full,0.736,,pass,0.0321,6.5,0.0303,24.932,18.48,24.17,41.68,35.60,whr+vTaper+shoulderHip+legTorso+symmetry,5.87,5.48–6.29,5.87,5.48–6.29,f,,guess,"an arm is by your waist, which can widen the silhouette — stand with arms slightly out",,,
WM194,21.2,WM53,WM194,WM194,original,m,W,WM194.png,,scored,,,,0,clothed→model,11%,full,0.786,,pass,0.0242,9.8,0.0244,22.950,18.32,24.38,35.91,32.27,whr+vTaper+shoulderHip+legTorso+symmetry,5.61,5.22–6.01,5.61,5.22–6.01,f,,guess,"an arm is by your waist, which can widen the silhouette — stand with arms slightly out",,,
WM195,20.2820512820513,WM195,WM195,WM195,original,m,W,WM195.png,,scored,,,,0,clothed→model,16%,full,0.760,,pass,0.0222,38.6,0.0380,29.083,15.34,23.59,15.52,15.77,whr+vTaper+shoulderHip+legTorso+symmetry,6.38,5.94–6.92,6.38,5.94–6.92,f,,guess,"an arm is by your waist, which can widen the silhouette — stand with arms slightly out",,,
WM196,67.9444444444445,WM53,WM196,WM196,original,m,W,WM196.png,,scored,,waist-occluded,,0,clothed→model,4%,full,0.803,,pass,0.0219,41.1,0.0562,46.369,35.55,47.04,56.20,60.50,shoulderHip+legTorso+symmetry,8.25,7.05–10.00,8.25,7.05–10.00,f,,guess,"an arm covered part of your waist or hips, so that cue was skipped — arms a few inches out reads the full frame",,,
WM197,40.7647058823529,WM197,WM197,WM197,original,m,W,WM197.png,,scored,,,,0,clothed→model,0%,full,0.719,,pass,0.0435,11.9,0.0615,39.963,17.57,23.72,40.57,32.53,whr+vTaper+shoulderHip+legTorso+symmetry,7.41,6.70–10.00,7.41,6.70–10.00,f,,guess,"an arm is by your waist, which can widen the silhouette — stand with arms slightly out",,,
WM198,24.9090909090909,WM53,WM198,WM198,original,m,W,WM198.png,,scored,,waist-occluded,,0,clothed→model,6%,full,0.797,,pass,0.0099,7.5,0.0253,27.749,29.81,31.95,13.85,21.55,shoulderHip+legTorso+symmetry,6.19,5.78–6.67,6.19,5.78–6.67,m,,guess,"an arm covered part of your waist or hips, so that cue was skipped — arms a few inches out reads the full frame",,,
WM198-WM77,40.2777777777778,WM53,WM77,WM198,headswap,m,W,WM198-WM77.png,,scored,,waist-occluded,,0,clothed→model,0%,full,0.853,,pass,0.0141,12.2,0.0227,37.589,28.51,30.38,12.48,19.93,shoulderHip+legTorso+symmetry,7.11,6.51–8.55,7.11,6.51–8.55,m,,guess,"an arm covered part of your waist or hips, so that cue was skipped — arms a few inches out reads the full frame",,,
WM199,19.7588075880759,WM199,WM199,WM199,original,m,W,WM199.png,,scored,,,,0,clothed→model,0%,full,0.793,,pass,0.0583,7.4,0.0481,32.002,17.54,26.10,22.21,20.69,whr+vTaper+shoulderHip+legTorso+symmetry,6.62,6.14–7.27,6.62,6.14–7.27,f,,guess,"an arm is by your waist, which can widen the silhouette — stand with arms slightly out",,,
WM2,72.9011164274322,WM53,WM2,WM2,original,m,W,WM2.png,,scored,,waist-occluded,,0,clothed→model,0%,full,0.737,,pass,0.0257,18.9,0.0741,34.281,42.31,52.88,87.06,82.05,shoulderHip+legTorso+symmetry,6.84,6.32–7.69,6.84,6.32–7.69,f,,guess,"an arm covered part of your waist or hips, so that cue was skipped — arms a few inches out reads the full frame",,,
WM20,31.5238095238095,WM20,WM20,WM20,original,m,W,WM20.png,,scored,,,,0,clothed→model,12%,full,0.728,,pass,0.0336,8.7,0.0297,26.952,16.91,22.05,40.56,34.44,whr+vTaper+shoulderHip+legTorso+symmetry,6.07,5.67–6.53,6.07,5.67–6.53,m,76%,model,"an arm is by your waist, which can widen the silhouette — stand with arms slightly out",,,
WM200,21.2006172839506,WM53,WM200,WM200,original,m,W,WM200.png,,scored,,waist-occluded,,0,clothed→model,0%,full,0.756,,pass,0.0220,3.9,0.0456,34.406,19.61,23.67,30.89,31.02,shoulderHip+legTorso+symmetry,6.85,6.33–7.71,6.85,6.33–7.71,f,,guess,"an arm covered part of your waist or hips, so that cue was skipped — arms a few inches out reads the full frame",,,
WM200-WM193,33.6428571428571,WM53,WM193,WM200,headswap,m,W,WM200-WM193.png,,scored,,,,0,clothed→model,0%,full,0.673,,pass,0.0056,19.4,0.0193,34.712,18.45,20.79,20.17,19.06,whr+vTaper+shoulderHip+legTorso+symmetry,6.88,6.35–7.76,6.88,6.35–7.76,m,100%,model,"an arm is by your waist, which can widen the silhouette — stand with arms slightly out",,,
WM201,24.7368421052632,WM53,WM201,WM201,original,m,W,WM201.png,,scored,,,,0,clothed→model,0%,full,0.781,,pass,0.0174,0.1,0.0101,31.512,8.60,11.72,33.86,26.60,whr+vTaper+shoulderHip+legTorso+symmetry,6.56,6.09–7.18,6.56,6.09–7.18,f,,guess,"an arm is by your waist, which can widen the silhouette — stand with arms slightly out",,,
WM21,53.8,WM21,WM21,WM21,original,m,W,WM21.png,,scored,,,,0,clothed→model,0%,full,0.750,,pass,0.0214,0.2,0.0320,29.398,16.46,21.97,37.23,31.88,whr+vTaper+shoulderHip+legTorso+symmetry,6.41,5.98–6.97,6.41,5.98–6.97,m,100%,model,"an arm is by your waist, which can widen the silhouette — stand with arms slightly out",,,
WM22,42.1904761904762,WM53,WM22,WM22,original,m,W,WM22.png,,scored,,,,0,clothed→model,0%,full,0.802,,pass,0.0523,7.6,0.0624,31.426,16.99,23.29,21.60,26.36,vTaper+legTorso+symmetry,6.54,6.08–7.16,6.54,6.08–7.16,m,100%,model,"an arm covered part of your waist or hips, so that cue was skipped — arms a few inches out reads the full frame",,,
WM22-BM81,26.5384615384615,WM53,BM81,WM22,headswap,m,B,WM22-BM81.png,,scored,,waist-occluded,,0,clothed→model,9%,full,0.801,,pass,0.0383,19.8,0.0792,39.489,30.36,37.82,66.29,61.25,shoulderHip+legTorso+symmetry,7.39,6.68–10.00,7.39,6.68–10.00,m,100%,model,"an arm covered part of your waist or hips, so that cue was skipped — arms a few inches out reads the full frame",,,
WM23,34.6111111111111,WM53,WM23,WM23,original,m,W,WM23.png,,scored,,,,0,clothed→model,0%,full,0.736,,pass,0.0428,9.2,0.0395,24.782,18.80,24.14,43.65,36.99,whr+vTaper+shoulderHip+legTorso+symmetry,5.86,5.47–6.28,5.86,5.47–6.28,m,100%,model,"an arm is by your waist, which can widen the silhouette — stand with arms slightly out",,,
WM23-WM193,25.6875,WM53,WM193,WM23,headswap,m,W,WM23-WM193.png,,scored,,,,0,clothed→model,0%,full,0.693,,pass,0.0080,23.5,0.0169,35.457,17.62,20.24,20.97,19.14,whr+vTaper+shoulderHip+legTorso+symmetry,6.94,6.39–7.92,6.94,6.39–7.92,m,100%,model,"an arm is by your waist, which can widen the silhouette — stand with arms slightly out",,,
WM24,23.7,WM4,WM24,WM24,original,m,W,WM24.png,,scored,,,,0,clothed→model,22%,full,0.677,,pass,0.0393,1.1,0.0495,20.372,20.13,25.57,44.77,38.72,whr+vTaper+shoulderHip+legTorso+symmetry,5.29,4.89–5.68,5.29,4.89–5.68,m,100%,model,"an arm is by your waist, which can widen the silhouette — stand with arms slightly out",,,
WM25,25.3125,WM25,WM25,WM25,original,m,W,WM25.png,,scored,,,,0,clothed→model,0%,full,0.724,,pass,0.0470,21.4,0.0468,32.199,10.53,13.71,36.37,28.37,whr+vTaper+shoulderHip+legTorso+symmetry,6.65,6.17–7.32,6.65,6.17–7.32,m,100%,model,"an arm is by your waist, which can widen the silhouette — stand with arms slightly out",,,
WM26,30.7,WM53,WM26,WM26,original,m,W,WM26.png,,scored,,,,0,clothed→model,0%,full,0.744,,pass,0.0146,3.2,0.0181,35.417,21.26,27.07,42.23,35.70,whr+vTaper+shoulderHip+legTorso+symmetry,6.94,6.39–7.91,6.94,6.39–7.91,m,100%,model,"an arm is by your waist, which can widen the silhouette — stand with arms slightly out",,,
WM26-WM114,29.1428571428571,WM53,WM114,WM26,headswap,m,W,WM26-WM114.png,,scored,,waist-occluded,,0,clothed→model,0%,full,0.707,,pass,0.0077,2.2,0.0111,35.857,20.01,25.77,49.88,45.24,shoulderHip+legTorso+symmetry,6.98,6.42–8.03,6.98,6.42–8.03,m,100%,model,"an arm covered part of your waist or hips, so that cue was skipped — arms a few inches out reads the full frame",,,
WM27,42,WM27,WM27,WM27,original,m,W,WM27.png,,scored,,,,0,clothed→model,0%,full,0.746,,pass,0.0072,44.2,0.0272,38.228,15.78,22.53,19.76,25.18,vTaper+legTorso+symmetry,7.14,6.53–8.73,7.14,6.53–8.73,m,100%,model,"an arm covered part of your waist or hips, so that cue was skipped — arms a few inches out reads the full frame",,,
WM28,48.5384615384615,WM28,WM28,WM28,original,m,W,WM28.png,,scored,,,,0,clothed→model,0%,full,0.730,,pass,0.0167,8.0,0.0270,33.540,16.68,23.17,25.51,24.64,whr+vTaper+shoulderHip+legTorso+symmetry,6.80,6.29–7.60,6.80,6.29–7.60,m,100%,model,,,,
WM29,38.2857142857143,WM29,WM29,WM29,original,m,W,WM29.png,,scored,,,,0,clothed→model,2%,full,0.709,,pass,0.0043,20.7,0.0341,29.956,16.48,23.12,20.83,26.02,vTaper+legTorso+symmetry,6.45,6.01–7.03,6.45,6.01–7.03,m,100%,model,"an arm covered part of your waist or hips, so that cue was skipped — arms a few inches out reads the full frame",,,
WM3,25.1875,WM3,WM3,WM3,original,m,W,WM3.png,,scored,,,,0,clothed→model,0%,full,0.718,,pass,0.0648,2.3,0.0665,35.677,16.75,23.73,25.51,23.51,whr+vTaper+shoulderHip+legTorso+symmetry,6.96,6.41–7.98,6.96,6.41–7.98,m,100%,model,,,,
WM30,46.6844229217111,WM53,WM30,WM30,original,m,W,WM30.png,,scored,,,,0,clothed→model,1%,full,0.818,,pass,0.0157,5.3,0.0199,40.723,18.66,24.23,34.42,32.62,whr+vTaper+shoulderHip+legTorso+symmetry,7.45,6.72–10.00,7.45,6.72–10.00,f,,guess,"an arm is by your waist, which can widen the silhouette — stand with arms slightly out",,,
WM31,27.6672060409924,WM31,WM31,WM31,original,m,W,WM31.png,,scored,,,,0,clothed→model,0%,full,0.830,,pass,0.0281,3.7,0.0231,31.520,13.58,16.54,35.23,29.41,whr+vTaper+shoulderHip+legTorso+symmetry,6.56,6.10–7.18,6.56,6.10–7.18,f,,guess,"an arm is by your waist, which can widen the silhouette — stand with arms slightly out",,,
WM32,60.5,WM32,WM32,WM32,original,m,W,WM32.png,,scored,,,,0,clothed→model,4%,full,0.730,,pass,0.0048,34.7,0.0503,45.331,26.52,31.44,41.18,38.64,whr+vTaper+shoulderHip+legTorso+symmetry,8.08,7.00–10.00,8.08,7.00–10.00,f,,guess,"an arm is by your waist, which can widen the silhouette — stand with arms slightly out",,,
WM33,76.1904761904762,WM33,WM33,WM33,original,m,W,WM33.png,,scored,,waist-occluded,,0,bare→geometry,72%,full,0.719,outline,pass,0.0450,13.7,0.0441,,43.76,50.46,34.62,44.50,shoulderHip+legTorso+symmetry,5.16–5.71,3.25–7.38,5.16–5.71,3.25–7.38,unknown,,unknown,"an arm covered part of your waist or hips, so that cue was skipped — arms a few inches out reads the full frame",,,
WM34,49.4117647058824,WM53,WM34,WM34,original,m,W,WM34.png,,scored,,waist-occluded,,0,clothed→model,0%,full,0.815,,pass,0.0293,19.4,0.1046,38.209,17.70,22.12,52.25,44.64,shoulderHip+legTorso+symmetry,7.14,6.53–8.72,7.14,6.53–8.72,f,,guess,"an arm covered part of your waist or hips, so that cue was skipped — arms a few inches out reads the full frame",,,
WM35,29.2777777777778,WM35,WM35,WM35,original,m,W,WM35.png,,scored,,,,0,clothed→model,0%,full,0.799,,pass,0.0144,0.2,0.0126,19.190,19.23,26.18,41.39,34.31,whr+vTaper+shoulderHip+legTorso+symmetry,5.13,4.70–5.52,5.13,4.70–5.52,m,100%,model,"an arm is by your waist, which can widen the silhouette — stand with arms slightly out",,,
WM36,26.1111111111111,WM36,WM36,WM36,original,m,W,WM36.png,,scored,,,,0,clothed→model,0%,full,0.724,,pass,0.0220,11.1,0.0260,30.744,12.30,15.86,38.33,30.99,whr+vTaper+shoulderHip+legTorso+symmetry,6.48,6.04–7.07,6.48,6.04–7.07,m,100%,model,"an arm is by your waist, which can widen the silhouette — stand with arms slightly out",,,
WM37,17.3525745257452,WM37,WM37,WM37,original,m,W,WM37.png,,scored,,,,0,clothed→model,2%,full,0.746,,pass,0.0515,9.1,0.0602,22.220,21.31,30.75,25.73,24.62,whr+vTaper+shoulderHip+legTorso+symmetry,5.56,5.17–5.96,5.56,5.17–5.96,m,99%,model,"an arm is by your waist, which can widen the silhouette — stand with arms slightly out",,,
WM38,43.8333333333333,WM38,WM38,WM38,original,m,W,WM38.png,,scored,,,,0,clothed→model,0%,full,0.716,,pass,0.0237,10.3,0.0383,29.436,14.09,16.69,27.82,23.51,whr+vTaper+shoulderHip+legTorso+symmetry,6.42,5.98–6.98,6.42,5.98–6.98,m,100%,model,"an arm is by your waist, which can widen the silhouette — stand with arms slightly out",,,
WM39,33.1818181818182,WM39,WM39,WM39,original,m,W,WM39.png,,scored,,,,0,clothed→model,0%,full,0.719,,pass,0.0189,4.7,0.0140,31.404,12.01,16.44,34.61,28.18,whr+vTaper+shoulderHip+legTorso+symmetry,6.54,6.08–7.15,6.54,6.08–7.15,f,,guess,"an arm is by your waist, which can widen the silhouette — stand with arms slightly out",,,
WM4,32.4444444444444,WM4,WM4,WM4,original,m,W,WM4.png,,scored,,,,0,clothed→model,0%,full,0.745,,pass,0.0098,23.4,0.0186,24.259,12.31,17.40,31.91,26.10,whr+vTaper+shoulderHip+legTorso+symmetry,5.71,5.32–6.11,5.71,5.32–6.11,f,,guess,"an arm is by your waist, which can widen the silhouette — stand with arms slightly out",,,
WM40,55.1538461538462,WM40,WM40,WM40,original,m,W,WM40.png,,scored,,,,0,clothed→model,27%,full,0.731,,pass,0.0267,16.3,0.0205,36.731,19.56,24.54,44.63,38.17,whr+vTaper+shoulderHip+legTorso+symmetry,7.08,6.49–8.37,7.08,6.49–8.37,m,100%,model,"an arm is by your waist, which can widen the silhouette — stand with arms slightly out",,,
WM41,71.5714285714286,WM41,WM41,WM41,original,m,W,WM41.png,,scored,,waist-occluded,,0,clothed→model,0%,full,0.744,,pass,0.0128,10.5,0.0242,38.579,45.05,50.99,30.83,41.72,shoulderHip+legTorso+symmetry,7.21,6.57–9.64,7.21,6.57–9.64,m,,guess,"an arm covered part of your waist or hips, so that cue was skipped — arms a few inches out reads the full frame",,,
WM42,32.0526315789474,WM56,WM42,WM42,original,m,W,WM42.png,,scored,,,,0,clothed→model,0%,full,0.733,,pass,0.0204,0.5,0.0227,28.699,12.74,16.39,38.78,31.54,whr+vTaper+shoulderHip+legTorso+symmetry,6.34,5.91–6.86,6.34,5.91–6.86,m,100%,model,"an arm is by your waist, which can widen the silhouette — stand with arms slightly out",,,
WM43,45.7222222222222,WM43,WM43,WM43,original,m,W,WM43.png,,scored,,,,0,clothed→model,0%,full,0.738,,pass,0.0174,8.7,0.0301,36.037,17.64,23.30,36.98,32.71,whr+vTaper+shoulderHip+legTorso+symmetry,7.00,6.43–8.09,7.00,6.43–8.09,m,100%,model,"an arm is by your waist, which can widen the silhouette — stand with arms slightly out",,,
WM44,37.4782608695652,WM44,WM44,WM44,original,m,W,WM44.png,,scored,,,,0,clothed→model,1%,full,0.781,,pass,0.0094,4.1,0.0240,32.433,14.49,19.79,34.05,28.87,whr+vTaper+shoulderHip+legTorso+symmetry,6.69,6.21–7.40,6.69,6.21–7.40,f,,guess,"an arm is by your waist, which can widen the silhouette — stand with arms slightly out",,,
WM45,30.5454545454545,WM56,WM45,WM45,original,m,W,WM45.png,,scored,,waist-occluded,,0,clothed→model,17%,full,0.710,,pass,0.0754,3.7,0.0745,17.986,29.32,38.55,75.10,68.39,shoulderHip+legTorso+symmetry,5.00,4.56–5.40,5.00,4.56–5.40,m,100%,model,"an arm covered part of your waist or hips, so that cue was skipped — arms a few inches out reads the full frame",,,
WM46,17.6153846153846,WM53,WM46,WM46,original,m,W,WM46.png,,scored,,,,0,clothed→model,0%,full,0.817,,pass,0.0153,10.8,0.0410,25.236,15.63,22.33,21.17,20.93,whr+vTaper+shoulderHip+legTorso+symmetry,5.89,5.50–6.31,5.89,5.50–6.31,m,100%,model,"an arm is by your waist, which can widen the silhouette — stand with arms slightly out",,,
WM46-WM77,32.695652173913,WM53,WM77,WM46,headswap,m,W,WM46-WM77.png,,scored,,waist-occluded,,0,clothed→model,0%,full,0.845,,pass,0.0193,21.0,0.0312,40.577,31.12,33.47,15.16,23.07,shoulderHip+legTorso+symmetry,7.44,6.71–10.00,7.44,6.71–10.00,m,,guess,"an arm covered part of your waist or hips, so that cue was skipped — arms a few inches out reads the full frame",,,
WM47,20.75,WM53,WM47,WM47,original,m,W,WM47.png,,scored,,,,0,clothed→model,8%,full,0.726,,pass,0.0071,7.9,0.0268,28.407,10.61,14.26,34.88,27.98,whr+vTaper+shoulderHip+legTorso+symmetry,6.31,5.89–6.83,6.31,5.89–6.83,m,100%,model,"an arm is by your waist, which can widen the silhouette — stand with arms slightly out",,,
WM48,34.2222222222222,WM48,WM48,WM48,original,m,W,WM48.png,,scored,,,,0,clothed→model,33%,full,0.735,,pass,0.0242,8.1,0.0337,29.092,12.61,17.59,30.72,25.75,whr+vTaper+shoulderHip+legTorso+symmetry,6.38,5.95–6.92,6.38,5.95–6.92,m,100%,model,"an arm is by your waist, which can widen the silhouette — stand with arms slightly out",,,
WM49,26.0526315789474,WM49,WM49,WM49,original,m,W,WM49.png,,scored,,,,0,clothed→model,0%,full,0.728,,pass,0.0221,4.7,0.0324,24.756,25.13,33.23,30.80,37.01,vTaper+legTorso+symmetry,5.85,5.46–6.27,5.85,5.46–6.27,m,100%,model,"an arm covered part of your waist or hips, so that cue was skipped — arms a few inches out reads the full frame",,,
WM5,53.8181818181818,WM5,WM5,WM5,original,m,W,WM5.png,,scored,,,,0,clothed→model,7%,full,0.738,,pass,0.0290,19.8,0.0269,38.037,13.17,18.30,31.01,26.31,whr+vTaper+shoulderHip+legTorso+symmetry,7.13,6.53–8.67,7.13,6.53–8.67,f,,guess,"an arm is by your waist, which can widen the silhouette — stand with arms slightly out",,,
WM50,24.8823529411765,WM50,WM50,WM50,original,m,W,WM50.png,,scored,,,,0,clothed→model,0%,full,0.728,,pass,0.0465,15.7,0.0362,27.185,15.43,17.74,25.08,22.57,whr+vTaper+shoulderHip+legTorso+symmetry,6.12,5.72–6.59,6.12,5.72–6.59,m,100%,model,"an arm is by your waist, which can widen the silhouette — stand with arms slightly out",,,
WM51,26.0454545454545,WM51,WM51,WM51,original,m,W,WM51.png,,scored,,,,0,bare→geometry,81%,full,0.735,,pass,0.0312,4.0,0.0436,,26.24,36.32,26.34,28.66,whr+vTaper+shoulderHip+legTorso+symmetry,4.58,1.00–5.87,4.58,1.00–5.87,m,100%,model,,,,
WM52,32.2340987067828,WM52,WM52,WM52,original,m,W,WM52.png,,scored,,,,0,clothed→model,0%,full,0.791,,pass,0.0350,25.3,0.0279,31.185,21.99,26.13,39.10,35.86,whr+vTaper+shoulderHip+legTorso+symmetry,6.52,6.06–7.12,6.52,6.06–7.12,f,,guess,"an arm is by your waist, which can widen the silhouette — stand with arms slightly out",,,
WM53,56.8350736278447,WM53,WM53,WM53,original,m,W,WM53.png,,scored,,waist-occluded,,0,bare→geometry,60%,full,0.787,outline,pass,0.0267,7.4,0.0335,,44.39,54.29,62.41,66.04,shoulderHip+legTorso+symmetry,6.59,5.26–10.00,6.59,5.26–10.00,f,,guess,"an arm covered part of your waist or hips, so that cue was skipped — arms a few inches out reads the full frame",,,
WM54,26.1428571428571,WM54,WM54,WM54,original,m,W,WM54.png,,scored,,waist-occluded,,0,clothed→model,4%,full,0.734,,pass,0.0275,16.5,0.0487,31.662,39.76,49.70,78.00,74.63,shoulderHip+legTorso+symmetry,6.58,6.11–7.21,6.58,6.11–7.21,m,100%,model,"an arm covered part of your waist or hips, so that cue was skipped — arms a few inches out reads the full frame",,,
WM55,37.3333333333333,WM55,WM55,WM55,original,m,W,WM55.png,,scored,,waist-occluded,,0,clothed→model,24%,full,0.720,,pass,0.0244,38.0,0.0171,35.398,43.15,53.18,64.14,66.86,shoulderHip+legTorso+symmetry,6.93,6.39–7.91,6.93,6.39–7.91,m,100%,model,"an arm covered part of your waist or hips, so that cue was skipped — arms a few inches out reads the full frame",,,
WM56,38.3333333333333,WM56,WM56,WM56,original,m,W,WM56.png,,scored,,,,0,clothed→model,0%,full,0.733,,pass,0.0137,8.5,0.0180,31.718,18.47,25.60,25.59,25.53,whr+vTaper+shoulderHip+legTorso+symmetry,6.59,6.12–7.23,6.59,6.12–7.23,f,,guess,"an arm is by your waist, which can widen the silhouette — stand with arms slightly out",,,
WM57,46.3076923076923,WM57,WM57,WM57,original,m,W,WM57.png,,scored,,,,0,clothed→model,35%,full,0.736,,pass,0.0224,21.3,0.0359,35.302,31.83,43.25,34.39,44.96,vTaper+legTorso+symmetry,6.93,6.38–7.88,6.93,6.38–7.88,f,,guess,"an arm covered part of your waist or hips, so that cue was skipped — arms a few inches out reads the full frame",,,
WM58,45.7647058823529,WM58,WM58,WM58,original,m,W,WM58.png,,scored,,,,0,clothed→model,0%,full,0.703,,pass,0.0174,5.6,0.0119,33.815,16.44,22.71,23.77,24.01,whr+vTaper+shoulderHip+legTorso+symmetry,6.81,6.30–7.63,6.81,6.30–7.63,m,100%,model,"an arm is by your waist, which can widen the silhouette — stand with arms slightly out",,,
WM59,28.2988133764833,WM59,WM59,WM59,original,m,W,WM59.png,,scored,,,,0,clothed→model,0%,full,0.805,,pass,0.0074,30.1,0.0158,34.304,16.07,21.29,36.30,31.76,whr+vTaper+shoulderHip+legTorso+symmetry,6.84,6.32–7.69,6.84,6.32–7.69,f,,guess,"an arm is by your waist, which can widen the silhouette — stand with arms slightly out",,,
WM6,56.2666666666667,WM6,WM6,WM6,original,m,W,WM6.png,,scored,,no-outline,segmentation outline failed plausibility checks,0,clothed→model,1%,full,0.788,,pass,0.0136,13.8,0.0275,43.703,59.29,58.26,59.29,58.26,legTorso+symmetry,7.87,6.92–10.00,7.87,6.92–10.00,unknown,,unknown,"the traced outline came back an implausible body shape — usually loose or draped clothing, a busy background, or a second person in frame · an arm is by your waist, which can widen the silhouette — stand with arms slightly out",,,
WM60,24.35,WM60,WM60,WM60,original,m,W,WM60.png,,scored,,,,0,clothed→model,0%,full,0.736,,pass,0.0285,10.0,0.0355,31.826,15.78,21.43,25.29,24.75,whr+vTaper+shoulderHip+legTorso+symmetry,6.60,6.13–7.24,6.60,6.13–7.24,m,100%,model,"an arm is by your waist, which can widen the silhouette — stand with arms slightly out",,,
WM61,53.1,WM61,WM61,WM61,original,m,W,WM61.png,,scored,,,,0,clothed→model,0%,full,0.767,,pass,0.0244,8.5,0.0229,32.117,15.19,19.13,41.25,34.45,whr+vTaper+shoulderHip+legTorso+symmetry,6.63,6.16–7.29,6.63,6.16–7.29,m,100%,model,"an arm is by your waist, which can widen the silhouette — stand with arms slightly out",,,
WM62,31.6363636363636,WM62,WM62,WM62,original,m,W,WM62.png,,scored,,,,0,clothed→model,0%,full,0.715,,pass,0.0783,2.1,0.0638,30.253,22.29,30.98,24.90,32.72,vTaper+legTorso+symmetry,6.47,6.02–7.04,6.47,6.02–7.04,f,,guess,"an arm covered part of your waist or hips, so that cue was skipped — arms a few inches out reads the full frame",,,
WM63,17.2435793457691,WM63,WM63,WM63,original,m,W,WM63.png,,scored,,,,0,clothed→model,0%,full,0.772,,pass,0.0160,8.6,0.0116,22.282,10.07,13.32,36.07,28.61,whr+vTaper+shoulderHip+legTorso+symmetry,5.57,5.18–5.96,5.57,5.18–5.96,m,100%,model,"an arm is by your waist, which can widen the silhouette — stand with arms slightly out",,,
WM64,33.6,WM53,WM64,WM64,original,m,W,WM64.png,,scored,,,,0,clothed→model,5%,full,0.735,,pass,0.0278,6.9,0.0571,26.455,15.85,21.27,26.05,25.26,whr+vTaper+shoulderHip+legTorso+symmetry,5.97,5.57–6.41,5.97,5.57–6.41,m,100%,model,"an arm is by your waist, which can widen the silhouette — stand with arms slightly out",,,
WM65,14,WM65,WM65,WM65,original,m,W,WM65.png,,scored,,waist-occluded,,0,clothed→model,7%,full,0.737,,pass,0.0461,6.4,0.0438,27.539,13.71,20.59,40.91,38.33,shoulderHip+legTorso+symmetry,6.17,5.76–6.65,6.17,5.76–6.65,m,100%,model,"an arm covered part of your waist or hips, so that cue was skipped — arms a few inches out reads the full frame",,,
WM66,51.125,WM66,WM66,WM66,original,m,W,WM66.png,,scored,,,,0,clothed→model,1%,full,0.744,,pass,0.0041,21.8,0.0272,27.579,14.16,19.75,32.64,27.35,whr+vTaper+shoulderHip+legTorso+symmetry,6.18,5.77–6.65,6.18,5.77–6.65,unknown,56%,unconfirmed,"an arm is by your waist, which can widen the silhouette — stand with arms slightly out",,,
WM67,51.4,WM67,WM67,WM67,original,m,W,WM67.png,,scored,,,,0,clothed→model,0%,full,0.762,,pass,0.0098,1.0,0.0141,39.506,29.67,40.00,33.71,42.69,vTaper+legTorso+symmetry,7.39,6.68–10.00,7.39,6.68–10.00,m,100%,model,"an arm covered part of your waist or hips, so that cue was skipped — arms a few inches out reads the full frame",,,
WM68,31.2941176470588,WM68,WM68,WM68,original,m,W,WM68.png,,scored,,,,0,clothed→model,10%,full,0.719,,pass,0.0198,10.1,0.0217,26.409,14.96,21.17,27.83,24.79,whr+vTaper+shoulderHip+legTorso+symmetry,5.96,5.57–6.40,5.96,5.57–6.40,f,,guess,"an arm is by your waist, which can widen the silhouette — stand with arms slightly out",,,
WM69,19.8421052631579,WM69,WM69,WM69,original,m,W,WM69.png,,scored,,,,0,clothed→model,0%,full,0.728,,pass,0.0798,15.3,0.1319,37.391,9.70,14.92,8.77,9.93,whr+vTaper+shoulderHip+legTorso+symmetry,7.10,6.51–8.51,7.10,6.51–8.51,m,100%,model,,,,
WM7,23.25,WM7,WM7,WM7,original,m,W,WM7.png,,scored,,,,0,clothed→model,29%,full,0.737,,pass,0.0476,0.6,0.0497,22.288,13.99,15.91,23.56,20.92,whr+vTaper+shoulderHip+legTorso+symmetry,5.57,5.18–5.96,5.57,5.18–5.96,unknown,55%,unconfirmed,"an arm is by your waist, which can widen the silhouette — stand with arms slightly out",,,
WM70,48,WM70,WM70,WM70,original,m,W,WM70.png,,scored,,,,0,clothed→model,0%,full,0.740,,pass,0.0203,8.9,0.0289,39.179,21.17,28.30,33.62,32.07,whr+vTaper+shoulderHip+legTorso+symmetry,7.33,6.65–10.00,7.33,6.65–10.00,m,100%,model,"an arm is by your waist, which can widen the silhouette — stand with arms slightly out",,,
WM71,29.4285714285714,WM53,WM71,WM71,original,m,W,WM71.png,,scored,,,,0,clothed→model,0%,full,0.736,,pass,0.0531,7.7,0.0560,32.902,16.53,21.27,38.31,33.37,whr+vTaper+shoulderHip+legTorso+symmetry,6.75,6.25–7.51,6.75,6.25–7.51,m,100%,model,"an arm is by your waist, which can widen the silhouette — stand with arms slightly out",,,
WM71-WM114,25.7333333333333,WM53,WM114,WM71,headswap,m,W,WM71-WM114.png,,scored,,,,0,clothed→model,0%,full,0.700,,pass,0.0179,1.2,0.0189,35.385,12.29,14.71,30.29,25.47,whr+vTaper+shoulderHip+legTorso+symmetry,6.93,6.39–7.90,6.93,6.39–7.90,m,100%,model,"an arm is by your waist, which can widen the silhouette — stand with arms slightly out",,,
WM71-WM77,25.2222222222222,WM53,WM77,WM71,headswap,m,W,WM71-WM77.png,,scored,,waist-occluded,,0,clothed→model,0%,full,0.833,,pass,0.0087,6.9,0.0137,39.696,29.35,31.53,13.39,21.13,shoulderHip+legTorso+symmetry,7.40,6.69–10.00,7.40,6.69–10.00,m,100%,model,"an arm covered part of your waist or hips, so that cue was skipped — arms a few inches out reads the full frame",,,
WM72,31.1725997842503,WM72,WM72,WM72,original,m,W,WM72.png,,scored,,waist-occluded,,0,clothed→model,24%,full,0.738,,pass,0.0378,19.0,0.1200,36.747,38.71,43.62,30.43,38.22,shoulderHip+legTorso+symmetry,7.08,6.49–8.38,7.08,6.49–8.38,m,100%,model,"an arm covered part of your waist or hips, so that cue was skipped — arms a few inches out reads the full frame",,,
WM73,32.4,WM73,WM73,WM73,original,m,W,WM73.png,,scored,,waist-occluded,,0,clothed→model,0%,full,0.726,,pass,0.0530,9.9,0.0496,34.088,31.12,37.35,39.95,43.11,shoulderHip+legTorso+symmetry,6.83,6.31–7.66,6.83,6.31–7.66,m,100%,model,"an arm covered part of your waist or hips, so that cue was skipped — arms a few inches out reads the full frame",,,
WM74,36.6190476190476,WM74,WM74,WM74,original,m,W,WM74.png,,scored,,waist-occluded,,0,clothed→model,25%,full,0.722,,pass,0.0075,49.4,0.0338,31.853,17.24,24.80,51.91,47.39,shoulderHip+legTorso+symmetry,6.60,6.13–7.25,6.60,6.13–7.25,f,,guess,"an arm covered part of your waist or hips, so that cue was skipped — arms a few inches out reads the full frame",,,
WM75,55.3809523809524,WM75,WM75,WM75,original,m,W,WM75.png,,scored,,,,0,clothed→model,16%,full,0.735,,pass,0.0140,10.9,0.0106,33.471,12.12,16.25,36.18,29.54,whr+vTaper+shoulderHip+legTorso+symmetry,6.80,6.29–7.59,6.80,6.29–7.59,f,,guess,"an arm is by your waist, which can widen the silhouette — stand with arms slightly out",,,
WM76,43.7272727272727,WM76,WM76,WM76,original,m,W,WM76.png,,scored,,,,0,clothed→model,0%,full,0.745,,pass,0.0250,3.9,0.0177,37.223,16.92,23.34,25.40,25.00,whr+vTaper+shoulderHip+legTorso+symmetry,7.10,6.50–8.47,7.10,6.50–8.47,f,,guess,"an arm is by your waist, which can widen the silhouette — stand with arms slightly out",,,
WM77,32.0555555555556,WM53,WM77,WM77,original,m,W,WM77.png,,scored,,,,0,clothed→model,0%,full,0.821,,pass,0.0098,11.5,0.0171,42.255,17.99,17.76,11.65,13.50,whr+vTaper+shoulderHip+legTorso+symmetry,7.65,6.83–10.00,7.65,6.83–10.00,m,100%,model,"an arm is by your waist, which can widen the silhouette — stand with arms slightly out",,,
WM77-BM29,20.25,WM53,BM29,WM77,headswap,m,B,WM77-BM29.png,,scored,,,,0,clothed→model,0%,full,0.785,,pass,0.0694,9.5,0.1268,22.289,12.79,17.25,12.81,15.95,whr+vTaper+shoulderHip+legTorso+symmetry,5.57,5.18–5.96,5.57,5.18–5.96,m,99%,model,"an arm is by your waist, which can widen the silhouette — stand with arms slightly out",,,
WM77-BM51,32.7692307692308,WM53,BM51,WM77,headswap,m,B,WM77-BM51.png,,scored,,,,0,clothed→model,0%,full,0.742,,pass,0.0117,0.2,0.0289,31.633,15.88,21.39,37.85,31.58,whr+vTaper+shoulderHip+legTorso+symmetry,6.57,6.11–7.21,6.57,6.11–7.21,f,,guess,,,,
WM77-BM60,35.7272727272727,WM53,BM60,WM77,headswap,m,B,WM77-BM60.png,,scored,,,,0,clothed→model,38%,full,0.701,,pass,0.0242,8.4,0.0454,35.882,23.73,30.44,46.66,41.30,whr+vTaper+shoulderHip+legTorso+symmetry,6.98,6.42–8.04,6.98,6.42–8.04,m,100%,model,"an arm is by your waist, which can widen the silhouette — stand with arms slightly out · the torso reads as borderline clothed/bare (38% skin), so the headline may be routed to the wrong instrument (model vs. silhouette) — if the score looks off, that is likely why",,,
WM77-WM198,34.6428571428571,WM53,WM198,WM77,headswap,m,W,WM77-WM198.png,,scored,,waist-occluded,,0,clothed→model,5%,full,0.781,,pass,0.0219,11.0,0.0335,23.254,29.28,32.03,15.88,23.30,shoulderHip+legTorso+symmetry,5.63,5.24–6.02,5.63,5.24–6.02,m,100%,model,"an arm covered part of your waist or hips, so that cue was skipped — arms a few inches out reads the full frame",,,
WM77-WM46,39.5384615384615,WM53,WM46,WM77,headswap,m,W,WM77-WM46.png,,scored,,,,0,clothed→model,0%,full,0.810,,pass,0.0289,2.1,0.0525,27.538,15.95,22.78,18.40,19.42,whr+vTaper+shoulderHip+legTorso+symmetry,6.17,5.76–6.65,6.17,5.76–6.65,f,,guess,"an arm is by your waist, which can widen the silhouette — stand with arms slightly out",,,
WM77-WM71,28.9333333333333,WM53,WM71,WM77,headswap,m,W,WM77-WM71.png,,scored,,,,0,clothed→model,0%,full,0.733,,pass,0.0470,0.2,0.0506,33.522,16.83,21.66,38.62,33.76,whr+vTaper+shoulderHip+legTorso+symmetry,6.80,6.29–7.60,6.80,6.29–7.60,m,100%,model,"an arm is by your waist, which can widen the silhouette — stand with arms slightly out",,,
WM78,32.3846153846154,WM78,WM78,WM78,original,m,W,WM78.png,,scored,,waist-occluded,,0,clothed→model,0%,full,0.698,,pass,0.0048,4.7,0.0836,34.314,34.45,45.30,58.59,61.03,shoulderHip+legTorso+symmetry,6.84,6.32–7.69,6.84,6.32–7.69,f,,guess,"an arm covered part of your waist or hips, so that cue was skipped — arms a few inches out reads the full frame",,,
WM79,25.2727272727273,WM79,WM79,WM79,original,m,W,WM79.png,,scored,,,,0,clothed→model,0%,full,0.736,,pass,0.0114,13.8,0.0063,28.217,17.61,24.87,21.92,27.74,vTaper+legTorso+symmetry,6.27,5.85–6.78,6.27,5.85–6.78,f,,guess,"an arm covered part of your waist or hips, so that cue was skipped — arms a few inches out reads the full frame",,,
WM8,34.25,WM8,WM8,WM8,original,m,W,WM8.png,,scored,,,,0,clothed→model,0%,full,0.747,,pass,0.0131,11.8,0.0183,31.024,15.37,22.69,18.29,24.63,vTaper+legTorso+symmetry,6.50,6.05–7.10,6.50,6.05–7.10,unknown,54%,unconfirmed,"an arm covered part of your waist or hips, so that cue was skipped — arms a few inches out reads the full frame",,,
WM80,44.0714285714286,WM80,WM80,WM80,original,m,W,WM80.png,,scored,,waist-occluded,,0,clothed→model,0%,full,0.756,,pass,0.0499,50.9,0.0842,25.521,12.94,17.66,63.17,50.40,shoulderHip+legTorso+symmetry,5.91,5.52–6.34,5.91,5.52–6.34,m,100%,model,"an arm covered part of your waist or hips, so that cue was skipped — arms a few inches out reads the full frame",,,
WM81,24.9565217391304,WM53,WM81,WM81,original,m,W,WM81.png,,scored,,,,0,clothed→model,0%,full,0.741,,pass,0.0159,27.3,0.0242,32.332,11.97,16.57,36.25,27.85,whr+vTaper+shoulderHip+legTorso+symmetry,6.68,6.19–7.37,6.68,6.19–7.37,m,100%,model,"an arm is by your waist, which can widen the silhouette — stand with arms slightly out",,,
WM82,45.9444444444444,WM82,WM82,WM82,original,m,W,WM82.png,,scored,,,,0,clothed→model,0%,full,0.719,,pass,0.0482,29.6,0.0487,41.683,24.29,32.92,28.28,35.57,vTaper+legTorso+symmetry,7.53,6.77–10.00,7.53,6.77–10.00,m,100%,model,"an arm covered part of your waist or hips, so that cue was skipped — arms a few inches out reads the full frame",,,
WM83,60.7222222222222,WM83,WM83,WM83,original,m,W,WM83.png,,scored,,,,0,bare→geometry,94%,full,0.722,,pass,0.0114,11.7,0.0129,,14.77,19.56,39.64,32.06,whr+vTaper+shoulderHip+legTorso+symmetry,4.89,1.00–6.16,4.89,1.00–6.16,f,,guess,"an arm is by your waist, which can widen the silhouette — stand with arms slightly out",,,
WM84,38.1666666666667,WM53,WM84,WM84,original,m,W,WM84.png,,scored,,waist-occluded,,0,clothed→model,0%,full,0.752,,pass,0.0221,8.0,0.0174,43.937,32.90,43.92,68.59,67.18,shoulderHip+legTorso+symmetry,7.90,6.93–10.00,7.90,6.93–10.00,f,,guess,"an arm covered part of your waist or hips, so that cue was skipped — arms a few inches out reads the full frame",,,
WM85,32.7916666666667,WM85,WM85,WM85,original,m,W,WM85.png,,scored,,,,0,clothed→model,0%,full,0.759,,pass,0.0293,34.2,0.0641,30.952,11.12,15.73,31.09,24.62,whr+vTaper+shoulderHip+legTorso+symmetry,6.50,6.05–7.09,6.50,6.05–7.09,f,,guess,,,,
WM86,16.7,WM86,WM86,WM86,original,m,W,WM86.png,,scored,,waist-occluded,,0,clothed→model,0%,full,0.689,,pass,0.0329,32.6,0.0636,20.277,23.81,25.76,13.16,18.81,shoulderHip+legTorso+symmetry,5.28,4.88–5.67,5.28,4.88–5.67,m,100%,model,"an arm covered part of your waist or hips, so that cue was skipped — arms a few inches out reads the full frame",,,
WM87,31.2,WM87,WM87,WM87,original,m,W,WM87.png,,scored,,,,0,clothed→model,41%,full,0.745,,pass,0.0273,21.2,0.0297,34.756,11.84,17.58,21.22,19.02,whr+vTaper+shoulderHip+legTorso+symmetry,6.88,6.35–7.77,6.88,6.35–7.77,m,100%,model,"an arm is by your waist, which can widen the silhouette — stand with arms slightly out · the torso reads as borderline clothed/bare (41% skin), so the headline may be routed to the wrong instrument (model vs. silhouette) — if the score looks off, that is likely why",,,
WM88,27.5882352941176,WM88,WM88,WM88,original,m,W,WM88.png,,scored,,,,0,bare→geometry,50%,full,0.741,,pass,0.0463,5.7,0.0608,,8.96,12.17,33.71,25.84,whr+vTaper+shoulderHip+legTorso+symmetry,3.31,1.00–5.18,3.31,1.00–5.18,m,98%,model,"an arm is by your waist, which can widen the silhouette — stand with arms slightly out · the torso reads as borderline clothed/bare (50% skin), so the headline may be routed to the wrong instrument (model vs. silhouette) — if the score looks off, that is likely why",,,
WM89,18.6037940379404,WM53,WM89,WM89,original,m,W,WM89.png,,scored,,,,0,clothed→model,0%,full,0.730,,pass,0.0229,16.0,0.0235,23.597,9.79,13.75,33.36,25.94,whr+vTaper+shoulderHip+legTorso+symmetry,5.64,5.25–6.04,5.64,5.25–6.04,m,100%,model,"an arm is by your waist, which can widen the silhouette — stand with arms slightly out",,,
WM9,30.4166666666667,WM53,WM9,WM9,original,m,W,WM9.png,,scored,,,,0,clothed→model,0%,full,0.707,,pass,0.0385,2.0,0.0441,31.086,15.25,20.57,31.53,27.98,whr+vTaper+shoulderHip+legTorso+symmetry,6.51,6.06–7.11,6.51,6.06–7.11,m,100%,model,"an arm is by your waist, which can widen the silhouette — stand with arms slightly out",,,
WM90,63.4,WM90,WM90,WM90,original,m,W,WM90.png,,scored,,waist-occluded,,0,bare→geometry,93%,full,0.711,outline,pass,0.0239,20.0,0.0194,,45.21,39.79,8.30,15.73,shoulderHip+legTorso+symmetry,5.43,3.92–6.83,5.43,3.92–6.83,m,,guess,"an arm covered part of your waist or hips, so that cue was skipped — arms a few inches out reads the full frame",,,
WM91,39.3888888888889,WM91,WM91,WM91,original,m,W,WM91.png,,scored,,waist-occluded,,0,bare→geometry,45%,full,0.700,outline,pass,0.0154,26.3,0.0371,,14.11,21.49,27.80,30.41,shoulderHip+legTorso+symmetry,4.44,1.00–5.77,4.44,1.00–5.77,f,,guess,"an arm covered part of your waist or hips, so that cue was skipped — arms a few inches out reads the full frame · the torso reads as borderline clothed/bare (45% skin), so the headline may be routed to the wrong instrument (model vs. silhouette) — if the score looks off, that is likely why",,,
WM92,37.875,WM92,WM92,WM92,original,m,W,WM92.png,,scored,,,,0,clothed→model,0%,full,0.742,,pass,0.0403,7.8,0.0418,36.653,20.62,28.99,23.52,30.93,vTaper+legTorso+symmetry,7.07,6.48–8.34,7.07,6.48–8.34,m,100%,model,"an arm covered part of your waist or hips, so that cue was skipped — arms a few inches out reads the full frame",,,
WM93,29.2727272727273,WM93,WM93,WM93,original,m,W,WM93.png,,scored,,,,0,clothed→model,3%,full,0.691,,pass,0.0505,0.6,0.0438,25.062,14.17,18.57,37.31,31.25,whr+vTaper+shoulderHip+legTorso+symmetry,5.88,5.49–6.30,5.88,5.49–6.30,m,100%,model,"an arm is by your waist, which can widen the silhouette — stand with arms slightly out",,,
WM94,24.2857142857143,WM94,WM94,WM94,original,m,W,WM94.png,,scored,,waist-occluded,,0,clothed→model,1%,full,0.816,,pass,0.0099,29.1,0.0384,26.489,27.45,37.02,64.97,61.47,shoulderHip+legTorso+symmetry,5.97,5.58–6.41,5.97,5.58–6.41,f,,guess,"an arm covered part of your waist or hips, so that cue was skipped — arms a few inches out reads the full frame",,,
WM95,25.0625,WM95,WM95,WM95,original,m,W,WM95.png,,scored,,,,0,clothed→model,0%,full,0.744,,pass,0.0272,13.9,0.0304,21.752,10.62,16.03,18.70,17.03,whr+vTaper+shoulderHip+legTorso+symmetry,5.53,5.14–5.93,5.53,5.14–5.93,m,100%,model,,,,
WM96,22.0833333333333,WM96,WM96,WM96,original,m,W,WM96.png,,scored,,,,0,clothed→model,0%,full,0.728,,pass,0.0441,23.5,0.0336,30.854,9.97,12.43,33.46,26.33,whr+vTaper+shoulderHip+legTorso+symmetry,6.49,6.04–7.08,6.49,6.04–7.08,f,,guess,"an arm is by your waist, which can widen the silhouette — stand with arms slightly out",,,
WM97,31.2173913043478,WM53,WM97,WM97,original,m,W,WM97.png,,scored,,,,0,clothed→model,41%,full,0.725,,pass,0.0099,3.1,0.0203,25.995,15.28,21.64,33.68,27.87,whr+vTaper+shoulderHip+legTorso+symmetry,5.94,5.55–6.37,5.94,5.55–6.37,m,100%,model,"an arm is by your waist, which can widen the silhouette — stand with arms slightly out · the torso reads as borderline clothed/bare (41% skin), so the headline may be routed to the wrong instrument (model vs. silhouette) — if the score looks off, that is likely why",,,
WM98,24.3,WM98,WM98,WM98,original,m,W,WM98.png,,scored,,,,0,clothed→model,0%,full,0.719,,pass,0.0580,13.7,0.0575,27.069,14.34,17.20,31.46,26.08,whr+vTaper+shoulderHip+legTorso+symmetry,6.10,5.69–6.56,6.10,5.69–6.56,m,99%,model,"an arm is by your waist, which can widen the silhouette — stand with arms slightly out",,,
WM99,48.6875,WM99,WM99,WM99,original,m,W,WM99.png,,scored,,,,0,bare→geometry,55%,full,0.751,,pass,0.0116,3.5,0.0420,,10.97,13.39,31.05,24.69,whr+vTaper+shoulderHip+legTorso+symmetry,3.48,1.00–5.23,3.48,1.00–5.23,m,100%,model,"an arm is by your waist, which can widen the silhouette — stand with arms slightly out · the torso reads as borderline clothed/bare (55% skin), so the headline may be routed to the wrong instrument (model vs. silhouette) — if the score looks off, that is likely why",,,
