identity_id,expected_looks,expected_sex,editorial_ethnicity,split,image_id,relative_path,filename,timestamp,outcome,refusal_reason,model_raw,bp,cv,sex,sex_conf,sex_source,reliability
adele,6.5,f,white,train,adele/4.jpg,images/roster/adele/4.jpg,4.jpg,2026-08-18T10:57:27.151Z,refused,"No face found — try a clearer, front-facing shot.",,,,,,,
adele,6.5,f,white,train,adele/8.jpg,images/roster/adele/8.jpg,8.jpg,2026-08-18T10:57:27.851Z,refused,This angle is too far off to measure — head turned (~27°); head tilted sideways (~13°). Retake facing the camera square-on.,,,,,,,
adele,6.5,f,white,train,adele/9.jpg,images/roster/adele/9.jpg,9.jpg,2026-08-18T10:57:28.409Z,scored,,4.081,7.54,7.54,f,100%,model,
adele,6.5,f,white,train,adele/10.jpg,images/roster/adele/10.jpg,10.jpg,2026-08-18T10:57:28.626Z,scored,,3.960,7.11,7.11,f,100%,model,non-standard framing (head turned (~17°)) — scored on your override; expect a rougher read.
aerith-gainsborough,8.5,f,other,train,aerith-gainsborough/1.jpg,images/roster/aerith-gainsborough/1.jpg,1.jpg,2026-08-18T10:57:28.855Z,scored,,3.859,6.90,6.90,f,100%,model,non-standard framing (head turned (~20°); head tilted sideways (~17°)) — scored on your override; expect a rougher read.
aerith-gainsborough,8.5,f,other,train,aerith-gainsborough/2.jpg,images/roster/aerith-gainsborough/2.jpg,2.jpg,2026-08-18T10:57:29.042Z,scored,,3.886,6.95,6.95,f,100%,model,non-standard framing (head turned (~16°); head tilted sideways (~16°)) — scored on your override; expect a rougher read.
aerith-gainsborough,8.5,f,other,train,aerith-gainsborough/3.jpg,images/roster/aerith-gainsborough/3.jpg,3.jpg,2026-08-18T10:57:29.240Z,refused,This angle is too far off to measure — head turned (~18°); head tilted sideways (~34°). Retake facing the camera square-on.,,,,,,,
aerith-gainsborough,8.5,f,other,train,aerith-gainsborough/4.jpg,images/roster/aerith-gainsborough/4.jpg,4.jpg,2026-08-18T10:57:29.788Z,scored,,2.804,5.34,5.34,f,100%,model,non-standard framing (head turned (~13°); head tilted sideways (~22°)) — scored on your override; expect a rougher read.
aerith-gainsborough,8.5,f,other,train,aerith-gainsborough/5.jpg,images/roster/aerith-gainsborough/5.jpg,5.jpg,2026-08-18T10:57:29.972Z,scored,,3.459,6.39,6.39,f,100%,model,non-standard framing (head turned (~23°)) — scored on your override; expect a rougher read.
alice-lane,8.5,f,white,train,alice-lane/2.jpg,images/roster/alice-lane/2.jpg,2.jpg,2026-08-18T10:57:30.150Z,scored,,3.551,6.47,6.47,f,100%,model,non-standard framing (head turned (~15°); head tilted sideways (~22°)) — scored on your override; expect a rougher read.
alice-lane,8.5,f,white,train,alice-lane/3.jpg,images/roster/alice-lane/3.jpg,3.jpg,2026-08-18T10:57:30.355Z,scored,,3.808,6.80,6.80,f,100%,model,"small/distant face (~107px of real detail) — score is rougher than a tight, sharp headshot."
alice-lane,8.5,f,white,train,alice-lane/4.jpg,images/roster/alice-lane/4.jpg,4.jpg,2026-08-18T10:57:30.542Z,scored,,3.561,6.48,6.48,f,100%,model,"small/distant face (~189px of real detail) — score is rougher than a tight, sharp headshot. · non-standard framing (head turned (~22°); head tilted sideways (~22°)) — scored on your override; expect a rougher read."
alissa-white-gluz,7.8,f,white,train,alissa-white-gluz/1.jpg,images/roster/alissa-white-gluz/1.jpg,1.jpg,2026-08-18T10:57:30.762Z,refused,"No face found — try a clearer, front-facing shot.",,,,,,,
alissa-white-gluz,7.8,f,white,train,alissa-white-gluz/2.jpg,images/roster/alissa-white-gluz/2.jpg,2.jpg,2026-08-18T10:57:31.300Z,scored,,4.111,7.65,7.65,f,98%,model,
amber-heard,8.5,f,white,train,amber-heard/2.jpg,images/roster/amber-heard/2.jpg,2.jpg,2026-08-18T10:57:31.494Z,scored,,3.451,6.38,6.38,f,100%,model,non-standard framing (head turned (~22°); head tilted sideways (~11°)) — scored on your override; expect a rougher read.
amber-heard,8.5,f,white,train,amber-heard/3.jpg,images/roster/amber-heard/3.jpg,3.jpg,2026-08-18T10:57:31.693Z,scored,,4.261,8.35,8.35,f,100%,model,non-standard framing (head turned (~18°)) — scored on your override; expect a rougher read.
amber-heard,8.5,f,white,train,amber-heard/5.jpg,images/roster/amber-heard/5.jpg,5.jpg,2026-08-18T10:57:31.884Z,refused,"No face found — try a clearer, front-facing shot.",,,,,,,
amber-heard,8.5,f,white,train,amber-heard/6.jpg,images/roster/amber-heard/6.jpg,6.jpg,2026-08-18T10:57:32.431Z,scored,,3.861,6.90,6.90,f,100%,model,
amber-heard,8.5,f,white,train,amber-heard/7.jpg,images/roster/amber-heard/7.jpg,7.jpg,2026-08-18T10:57:32.608Z,scored,,4.195,8.04,8.04,f,100%,model,
amelia-dimoldenberg,7.2,f,white,holdout,amelia-dimoldenberg/1.jpg,images/roster/amelia-dimoldenberg/1.jpg,1.jpg,2026-08-18T10:57:32.808Z,scored,,2.923,5.72,5.72,f,100%,model,non-standard framing (head turned (~16°)) — scored on your override; expect a rougher read.
amelia-dimoldenberg,7.2,f,white,holdout,amelia-dimoldenberg/2.jpg,images/roster/amelia-dimoldenberg/2.jpg,2.jpg,2026-08-18T10:57:32.991Z,scored,,4.132,7.74,7.74,f,100%,model,non-standard framing (head turned (~13°)) — scored on your override; expect a rougher read.
amelia-dimoldenberg,7.2,f,white,holdout,amelia-dimoldenberg/3.jpg,images/roster/amelia-dimoldenberg/3.jpg,3.jpg,2026-08-18T10:57:33.174Z,scored,,4.046,7.42,7.42,f,100%,model,
amelia-dimoldenberg,7.2,f,white,holdout,amelia-dimoldenberg/4.jpg,images/roster/amelia-dimoldenberg/4.jpg,4.jpg,2026-08-18T10:57:33.381Z,scored,,3.424,6.36,6.36,f,100%,model,
amelia-dimoldenberg,7.2,f,white,holdout,amelia-dimoldenberg/5.jpg,images/roster/amelia-dimoldenberg/5.jpg,5.jpg,2026-08-18T10:57:33.566Z,scored,,4.032,7.37,7.37,f,100%,model,
amy-schumer,4.5,f,white,train,amy-schumer/2.jpg,images/roster/amy-schumer/2.jpg,2.jpg,2026-08-18T10:57:33.761Z,scored,,3.989,7.20,7.20,f,100%,model,non-standard framing (head turned (~22°)) — scored on your override; expect a rougher read.
amy-schumer,4.5,f,white,train,amy-schumer/4.jpg,images/roster/amy-schumer/4.jpg,4.jpg,2026-08-18T10:57:33.941Z,scored,,2.945,5.77,5.77,f,97%,model,"small/distant face (~70px of real detail) — score is rougher than a tight, sharp headshot. · non-standard framing (head turned (~23°)) — scored on your override; expect a rougher read."
amy-schumer,4.5,f,white,train,amy-schumer/5.jpg,images/roster/amy-schumer/5.jpg,5.jpg,2026-08-18T10:57:34.127Z,scored,,3.717,6.67,6.67,f,100%,model,non-standard framing (head turned (~18°)) — scored on your override; expect a rougher read.
amy-schumer,4.5,f,white,train,amy-schumer/6.jpg,images/roster/amy-schumer/6.jpg,6.jpg,2026-08-18T10:57:34.324Z,scored,,4.046,7.42,7.42,f,100%,model,
amy-schumer,4.5,f,white,train,amy-schumer/7.jpg,images/roster/amy-schumer/7.jpg,7.jpg,2026-08-18T10:57:34.513Z,scored,,3.384,6.32,6.32,f,100%,model,
ana-de-armas,9.4,f,latino,train,ana-de-armas/1.jpg,images/roster/ana-de-armas/1.jpg,1.jpg,2026-08-18T10:57:34.712Z,scored,,3.284,6.22,6.22,f,100%,model,non-standard framing (head tilted sideways (~12°)) — scored on your override; expect a rougher read.
ana-de-armas,9.4,f,latino,train,ana-de-armas/2.jpg,images/roster/ana-de-armas/2.jpg,2.jpg,2026-08-18T10:57:34.894Z,scored,,3.188,6.13,6.13,f,100%,model,
ana-de-armas,9.4,f,latino,train,ana-de-armas/3.jpg,images/roster/ana-de-armas/3.jpg,3.jpg,2026-08-18T10:57:35.087Z,scored,,3.948,7.08,7.08,f,99%,model,
ana-de-armas,9.4,f,latino,train,ana-de-armas/4.jpg,images/roster/ana-de-armas/4.jpg,4.jpg,2026-08-18T10:57:35.281Z,scored,,3.311,6.25,6.25,f,100%,model,non-standard framing (head turned (~15°)) — scored on your override; expect a rougher read.
ana-de-armas,9.4,f,latino,train,ana-de-armas/5.jpg,images/roster/ana-de-armas/5.jpg,5.jpg,2026-08-18T10:57:35.489Z,scored,,4.153,7.83,7.83,f,99%,model,
andrew-tate,6.5,m,mixed,train,andrew-tate/1.jpg,images/roster/andrew-tate/1.jpg,1.jpg,2026-08-18T10:57:35.689Z,scored,,3.439,6.37,6.37,m,100%,model,non-standard framing (head turned (~21°)) — scored on your override; expect a rougher read.
andrew-tate,6.5,m,mixed,train,andrew-tate/2.jpg,images/roster/andrew-tate/2.jpg,2.jpg,2026-08-18T10:57:35.876Z,scored,,4.126,7.71,7.71,m,100%,model,
angela-deem,2.5,f,white,train,angela-deem/1.jpg,images/roster/angela-deem/1.jpg,1.jpg,2026-08-18T10:57:36.068Z,scored,,3.229,6.17,6.17,f,100%,model,
angela-deem,2.5,f,white,train,angela-deem/2.jpg,images/roster/angela-deem/2.jpg,2.jpg,2026-08-18T10:57:36.273Z,scored,,3.910,6.99,6.99,f,100%,model,
angela-deem,2.5,f,white,train,angela-deem/3.jpg,images/roster/angela-deem/3.jpg,3.jpg,2026-08-18T10:57:36.457Z,scored,,3.260,6.20,6.20,f,100%,model,
angela-deem,2.5,f,white,train,angela-deem/4.jpg,images/roster/angela-deem/4.jpg,4.jpg,2026-08-18T10:57:36.649Z,scored,,3.180,6.12,6.12,f,100%,model,
anna-henrietta,7.5,f,white,holdout,anna-henrietta/1.jpg,images/roster/anna-henrietta/1.jpg,1.jpg,2026-08-18T10:57:36.847Z,scored,,3.679,6.62,6.62,f,100%,model,non-standard framing (head turned (~22°)) — scored on your override; expect a rougher read.
anna-henrietta,7.5,f,white,holdout,anna-henrietta/2.jpg,images/roster/anna-henrietta/2.jpg,2.jpg,2026-08-18T10:57:37.041Z,refused,This angle is too far off to measure — head turned (~32°); head tilted sideways (~12°). Retake facing the camera square-on.,,,,,,,
anna-henrietta,7.5,f,white,holdout,anna-henrietta/3.jpg,images/roster/anna-henrietta/3.jpg,3.jpg,2026-08-18T10:57:37.593Z,refused,This angle is too far off to measure — head turned (~28°); head tilted sideways (~21°). Retake facing the camera square-on.,,,,,,,
anna-henrietta,7.5,f,white,holdout,anna-henrietta/4.jpg,images/roster/anna-henrietta/4.jpg,4.jpg,2026-08-18T10:57:38.137Z,refused,This angle is too far off to measure — head turned (~33°). Retake facing the camera square-on.,,,,,,,
anna-henrietta,7.5,f,white,holdout,anna-henrietta/5.jpg,images/roster/anna-henrietta/5.jpg,5.jpg,2026-08-18T10:57:38.693Z,scored,,3.683,6.63,6.63,f,100%,model,non-standard framing (head turned (~14°); head tilted sideways (~22°)) — scored on your override; expect a rougher read.
anna-sorokin,5.5,f,white,holdout,anna-sorokin/1.jpg,images/roster/anna-sorokin/1.jpg,1.jpg,2026-08-18T10:57:38.884Z,scored,,3.718,6.67,6.67,f,100%,model,non-standard framing (head turned (~12°)) — scored on your override; expect a rougher read.
anna-sorokin,5.5,f,white,holdout,anna-sorokin/2.jpg,images/roster/anna-sorokin/2.jpg,2.jpg,2026-08-18T10:57:39.094Z,scored,,3.476,6.41,6.41,f,100%,model,
anna-sorokin,5.5,f,white,holdout,anna-sorokin/3.jpg,images/roster/anna-sorokin/3.jpg,3.jpg,2026-08-18T10:57:39.311Z,refused,"No face found — try a clearer, front-facing shot.",,,,,,,
anna-sorokin,5.5,f,white,holdout,anna-sorokin/4.jpg,images/roster/anna-sorokin/4.jpg,4.jpg,2026-08-18T10:57:39.871Z,scored,,4.189,8.01,8.01,f,100%,model,
anne-hathaway,8.3,f,white,train,anne-hathaway/2.jpg,images/roster/anne-hathaway/2.jpg,2.jpg,2026-08-18T10:57:40.063Z,scored,,3.798,6.78,6.78,f,100%,model,"small/distant face (~97px of real detail) — score is rougher than a tight, sharp headshot."
anne-hathaway,8.3,f,white,train,anne-hathaway/4.jpg,images/roster/anne-hathaway/4.jpg,4.jpg,2026-08-18T10:57:40.315Z,scored,,3.912,6.99,6.99,f,100%,model,
anne-hathaway,8.3,f,white,train,anne-hathaway/5.jpg,images/roster/anne-hathaway/5.jpg,5.jpg,2026-08-18T10:57:40.517Z,scored,,3.762,6.73,6.73,f,100%,model,non-standard framing (head turned (~13°)) — scored on your override; expect a rougher read.
anne-hathaway,8.3,f,white,train,anne-hathaway/6.jpg,images/roster/anne-hathaway/6.jpg,6.jpg,2026-08-18T10:57:40.732Z,scored,,3.699,6.65,6.65,f,99%,model,
anne-hathaway,8.3,f,white,train,anne-hathaway/7.jpg,images/roster/anne-hathaway/7.jpg,7.jpg,2026-08-18T10:57:40.933Z,scored,,4.400,8.97,8.97,f,100%,model,
armie-hammer,8.0,m,white,train,armie-hammer/1.jpg,images/roster/armie-hammer/1.jpg,1.jpg,2026-08-18T10:57:41.124Z,scored,,4.074,7.52,7.52,m,100%,model,non-standard framing (head turned (~23°)) — scored on your override; expect a rougher read.
armie-hammer,8.0,m,white,train,armie-hammer/3.jpg,images/roster/armie-hammer/3.jpg,3.jpg,2026-08-18T10:57:41.319Z,scored,,3.278,6.22,6.22,m,100%,model,
armie-hammer,8.0,m,white,train,armie-hammer/4.jpg,images/roster/armie-hammer/4.jpg,4.jpg,2026-08-18T10:57:41.504Z,scored,,4.044,7.42,7.42,m,100%,model,"small/distant face (~61px of real detail) — score is rougher than a tight, sharp headshot."
armie-hammer,8.0,m,white,train,armie-hammer/5.jpg,images/roster/armie-hammer/5.jpg,5.jpg,2026-08-18T10:57:41.696Z,scored,,3.378,6.31,6.31,m,99%,model,non-standard framing (head tilted sideways (~10°)) — scored on your override; expect a rougher read.
armie-hammer,8.0,m,white,train,armie-hammer/6.jpg,images/roster/armie-hammer/6.jpg,6.jpg,2026-08-18T10:57:41.880Z,scored,,3.858,6.89,6.89,m,100%,model,
asmr-darling,7.4,f,white,train,asmr-darling/1.jpg,images/roster/asmr-darling/1.jpg,1.jpg,2026-08-18T10:57:42.071Z,scored,,3.440,6.37,6.37,f,99%,model,non-standard framing (head turned (~17°)) — scored on your override; expect a rougher read.
asmr-darling,7.4,f,white,train,asmr-darling/2.jpg,images/roster/asmr-darling/2.jpg,2.jpg,2026-08-18T10:57:42.287Z,scored,,3.303,6.24,6.24,f,100%,model,non-standard framing (head tilted sideways (~23°)) — scored on your override; expect a rougher read.
asmr-darling,7.4,f,white,train,asmr-darling/5.jpg,images/roster/asmr-darling/5.jpg,5.jpg,2026-08-18T10:57:42.474Z,scored,,2.288,3.09,3.09,f,100%,model,non-standard framing (head turned (~18°); head tilted sideways (~11°)) — scored on your override; expect a rougher read.
aubrey-oday,5.5,f,white,validation,aubrey-oday/2.jpg,images/roster/aubrey-oday/2.jpg,2.jpg,2026-08-18T10:57:42.674Z,scored,,3.913,6.99,6.99,f,100%,model,non-standard framing (head turned (~13°)) — scored on your override; expect a rougher read.
aubrey-oday,5.5,f,white,validation,aubrey-oday/4.jpg,images/roster/aubrey-oday/4.jpg,4.jpg,2026-08-18T10:57:42.883Z,scored,,4.247,8.28,8.28,f,100%,model,
aubrey-oday,5.5,f,white,validation,aubrey-oday/5.jpg,images/roster/aubrey-oday/5.jpg,5.jpg,2026-08-18T10:57:43.081Z,scored,,4.214,8.15,8.15,f,100%,model,
awkwafina,5.4,f,east-asian,validation,awkwafina/1.jpg,images/roster/awkwafina/1.jpg,1.jpg,2026-08-18T10:57:43.273Z,scored,,2.971,5.82,5.82,f,100%,model,
awkwafina,5.4,f,east-asian,validation,awkwafina/2.jpg,images/roster/awkwafina/2.jpg,2.jpg,2026-08-18T10:57:43.475Z,scored,,2.608,4.31,4.31,f,100%,model,non-standard framing (head turned (~12°)) — scored on your override; expect a rougher read.
azealia-banks,6.0,f,black,validation,azealia-banks/2.jpg,images/roster/azealia-banks/2.jpg,2.jpg,2026-08-18T10:57:43.675Z,scored,,2.895,5.65,5.65,f,100%,model,
azealia-banks,6.0,f,black,validation,azealia-banks/3.jpg,images/roster/azealia-banks/3.jpg,3.jpg,2026-08-18T10:57:43.886Z,scored,,3.392,6.33,6.33,f,100%,model,"small/distant face (~134px of real detail) — score is rougher than a tight, sharp headshot."
azealia-banks,6.0,f,black,validation,azealia-banks/4.jpg,images/roster/azealia-banks/4.jpg,4.jpg,2026-08-18T10:57:44.078Z,scored,,2.355,3.31,3.31,f,100%,model,
azealia-banks,6.0,f,black,validation,azealia-banks/5.jpg,images/roster/azealia-banks/5.jpg,5.jpg,2026-08-18T10:57:44.273Z,refused,This angle is too far off to measure — head turned (~29°); head tilted sideways (~11°). Retake facing the camera square-on.,,,,,,,
azealia-banks,6.0,f,black,validation,azealia-banks/6.jpg,images/roster/azealia-banks/6.jpg,6.jpg,2026-08-18T10:57:44.821Z,scored,,2.638,4.47,4.47,f,100%,model,
bad-bunny,6.5,m,latino,train,bad-bunny/1.jpg,images/roster/bad-bunny/1.jpg,1.jpg,2026-08-18T10:57:45.024Z,scored,,3.666,6.61,6.61,m,100%,model,
bad-bunny,6.5,m,latino,train,bad-bunny/2.jpg,images/roster/bad-bunny/2.jpg,2.jpg,2026-08-18T10:57:45.219Z,scored,,3.505,6.43,6.43,m,100%,model,non-standard framing (head turned (~13°)) — scored on your override; expect a rougher read.
bad-bunny,6.5,m,latino,train,bad-bunny/3.jpg,images/roster/bad-bunny/3.jpg,3.jpg,2026-08-18T10:57:45.417Z,scored,,3.908,6.98,6.98,m,100%,model,
bad-bunny,6.5,m,latino,train,bad-bunny/4.jpg,images/roster/bad-bunny/4.jpg,4.jpg,2026-08-18T10:57:45.612Z,scored,,4.261,8.35,8.35,m,100%,model,
bad-bunny,6.5,m,latino,train,bad-bunny/5.jpg,images/roster/bad-bunny/5.jpg,5.jpg,2026-08-18T10:57:45.814Z,refused,This angle is too far off to measure — head turned (~34°). Retake facing the camera square-on.,,,,,,,
barack-obama,7.1,m,mixed,train,barack-obama/1.jpg,images/roster/barack-obama/1.jpg,1.jpg,2026-08-18T10:57:46.376Z,scored,,3.260,6.20,6.20,m,100%,model,
barack-obama,7.1,m,mixed,train,barack-obama/2.jpg,images/roster/barack-obama/2.jpg,2.jpg,2026-08-18T10:57:46.563Z,scored,,2.810,5.37,5.37,m,100%,model,non-standard framing (head tilted sideways (~12°)) — scored on your override; expect a rougher read.
barack-obama,7.1,m,mixed,train,barack-obama/3.jpg,images/roster/barack-obama/3.jpg,3.jpg,2026-08-18T10:57:46.759Z,scored,,3.218,6.16,6.16,m,100%,model,
bella-hadid,9.3,f,mixed,train,bella-hadid/1.jpg,images/roster/bella-hadid/1.jpg,1.jpg,2026-08-18T10:57:46.963Z,scored,,3.789,6.77,6.77,f,100%,model,"small/distant face (~70px of real detail) — score is rougher than a tight, sharp headshot."
bella-hadid,9.3,f,mixed,train,bella-hadid/2.jpg,images/roster/bella-hadid/2.jpg,2.jpg,2026-08-18T10:57:47.155Z,refused,This angle is too far off to measure — head turned (~26°). Retake facing the camera square-on.,,,,,,,
bella-thorne,7.5,f,latino,train,bella-thorne/5.jpg,images/roster/bella-thorne/5.jpg,5.jpg,2026-08-18T10:57:47.724Z,scored,,3.729,6.69,6.69,f,100%,model,"small/distant face (~171px of real detail) — score is rougher than a tight, sharp headshot. · non-standard framing (head turned (~13°)) — scored on your override; expect a rougher read."
bella-thorne,7.5,f,latino,train,bella-thorne/6.jpg,images/roster/bella-thorne/6.jpg,6.jpg,2026-08-18T10:57:47.927Z,scored,,3.714,6.67,6.67,f,100%,model,
bella-thorne,7.5,f,latino,train,bella-thorne/7.jpg,images/roster/bella-thorne/7.jpg,7.jpg,2026-08-18T10:57:48.141Z,refused,This angle is too far off to measure — head turned (~26°). Retake facing the camera square-on.,,,,,,,
bella-thorne,7.5,f,latino,train,bella-thorne/8.jpg,images/roster/bella-thorne/8.jpg,8.jpg,2026-08-18T10:57:48.716Z,scored,,4.285,8.49,8.49,f,100%,model,
bella-thorne,7.5,f,latino,train,bella-thorne/9.jpg,images/roster/bella-thorne/9.jpg,9.jpg,2026-08-18T10:57:48.916Z,scored,,3.038,5.93,5.93,f,100%,model,
ben-shapiro,5.0,m,white,validation,ben-shapiro/1.jpg,images/roster/ben-shapiro/1.jpg,1.jpg,2026-08-18T10:57:49.117Z,scored,,3.978,7.17,7.17,m,100%,model,
ben-shapiro,5.0,m,white,validation,ben-shapiro/2.jpg,images/roster/ben-shapiro/2.jpg,2.jpg,2026-08-18T10:57:49.309Z,scored,,3.016,5.90,5.90,m,100%,model,"small/distant face (~106px of real detail) — score is rougher than a tight, sharp headshot."
ben-shapiro,5.0,m,white,validation,ben-shapiro/4.jpg,images/roster/ben-shapiro/4.jpg,4.jpg,2026-08-18T10:57:49.501Z,refused,This angle is too far off to measure — head turned (~38°). Retake facing the camera square-on.,,,,,,,
ben-shapiro,5.0,m,white,validation,ben-shapiro/5.jpg,images/roster/ben-shapiro/5.jpg,5.jpg,2026-08-18T10:57:50.056Z,scored,,4.060,7.48,7.48,m,100%,model,
ben-shapiro,5.0,m,white,validation,ben-shapiro/6.jpg,images/roster/ben-shapiro/6.jpg,6.jpg,2026-08-18T10:57:50.248Z,scored,,4.265,8.37,8.37,m,100%,model,
beyonce,8.9,f,black,validation,beyonce/1.jpg,images/roster/beyonce/1.jpg,1.jpg,2026-08-18T10:57:50.486Z,scored,,3.101,6.02,6.02,f,100%,model,
beyonce,8.9,f,black,validation,beyonce/2.jpg,images/roster/beyonce/2.jpg,2.jpg,2026-08-18T10:57:50.707Z,scored,,3.665,6.61,6.61,f,100%,model,
beyonce,8.9,f,black,validation,beyonce/3.jpg,images/roster/beyonce/3.jpg,3.jpg,2026-08-18T10:57:50.923Z,refused,"No face found — try a clearer, front-facing shot.",,,,,,,
beyonce,8.9,f,black,validation,beyonce/4.jpg,images/roster/beyonce/4.jpg,4.jpg,2026-08-18T10:57:51.497Z,refused,"No face found — try a clearer, front-facing shot.",,,,,,,
bill-gates,3.4,m,white,train,bill-gates/1.jpg,images/roster/bill-gates/1.jpg,1.jpg,2026-08-18T10:57:52.030Z,scored,,2.648,4.53,4.53,m,100%,model,non-standard framing (head tilted sideways (~10°)) — scored on your override; expect a rougher read.
bill-gates,3.4,m,white,train,bill-gates/2.jpg,images/roster/bill-gates/2.jpg,2.jpg,2026-08-18T10:57:52.222Z,scored,,2.885,5.62,5.62,m,100%,model,
bill-gates,3.4,m,white,train,bill-gates/3.jpg,images/roster/bill-gates/3.jpg,3.jpg,2026-08-18T10:57:52.413Z,scored,,3.161,6.10,6.10,m,100%,model,
bill-gates,3.4,m,white,train,bill-gates/4.jpg,images/roster/bill-gates/4.jpg,4.jpg,2026-08-18T10:57:52.601Z,scored,,3.496,6.42,6.42,m,100%,model,non-standard framing (head turned (~15°)) — scored on your override; expect a rougher read.
billie-eilish,7.8,f,white,train,billie-eilish/1.jpg,images/roster/billie-eilish/1.jpg,1.jpg,2026-08-18T10:57:52.801Z,scored,,3.066,5.97,5.97,f,83%,model,
billie-eilish,7.8,f,white,train,billie-eilish/2.jpg,images/roster/billie-eilish/2.jpg,2.jpg,2026-08-18T10:57:52.995Z,refused,"No face found — try a clearer, front-facing shot.",,,,,,,
billie-eilish,7.8,f,white,train,billie-eilish/3.jpg,images/roster/billie-eilish/3.jpg,3.jpg,2026-08-18T10:57:53.556Z,scored,,3.776,6.75,6.75,f,99%,model,non-standard framing (head turned (~22°)) — scored on your override; expect a rougher read.
billie-eilish,7.8,f,white,train,billie-eilish/4.jpg,images/roster/billie-eilish/4.jpg,4.jpg,2026-08-18T10:57:53.759Z,refused,This angle is too far off to measure — head tilted sideways (~35°). Retake facing the camera square-on.,,,,,,,
billy-mcfarland,5.5,m,white,train,billy-mcfarland/2.jpg,images/roster/billy-mcfarland/2.jpg,2.jpg,2026-08-18T10:57:54.315Z,scored,,3.744,6.71,6.71,m,100%,model,
billy-mcfarland,5.5,m,white,train,billy-mcfarland/3.jpg,images/roster/billy-mcfarland/3.jpg,3.jpg,2026-08-18T10:57:54.504Z,refused,This angle is too far off to measure — head turned (~28°). Retake facing the camera square-on.,,,,,,,
blaire-white,7.0,f,white,train,blaire-white/2.jpg,images/roster/blaire-white/2.jpg,2.jpg,2026-08-18T10:57:55.058Z,scored,,3.283,6.22,6.22,f,100%,model,
blaire-white,7.0,f,white,train,blaire-white/4.jpg,images/roster/blaire-white/4.jpg,4.jpg,2026-08-18T10:57:55.248Z,scored,,2.435,3.59,3.59,f,100%,model,
blaire-white,7.0,f,white,train,blaire-white/5.jpg,images/roster/blaire-white/5.jpg,5.jpg,2026-08-18T10:57:55.453Z,scored,,2.898,5.66,5.66,f,100%,model,
brad-pitt,9.5,m,white,train,brad-pitt/1.jpg,images/roster/brad-pitt/1.jpg,1.jpg,2026-08-18T10:57:55.660Z,scored,,2.534,4.01,4.01,m,100%,model,
brad-pitt,9.5,m,white,train,brad-pitt/6.jpg,images/roster/brad-pitt/6.jpg,6.jpg,2026-08-18T10:57:55.861Z,scored,,2.757,5.11,5.11,m,100%,model,
brad-pitt,9.5,m,white,train,brad-pitt/7.jpg,images/roster/brad-pitt/7.jpg,7.jpg,2026-08-18T10:57:56.064Z,scored,,2.848,5.52,5.52,m,100%,model,
brad-pitt,9.5,m,white,train,brad-pitt/5.jpg,images/roster/brad-pitt/5.jpg,5.jpg,2026-08-18T10:57:56.256Z,scored,,4.177,7.94,7.94,m,100%,model,"small/distant face (~94px of real detail) — score is rougher than a tight, sharp headshot. · non-standard framing (head turned (~15°)) — scored on your override; expect a rougher read."
brad-pitt,9.5,m,white,train,brad-pitt/8.jpg,images/roster/brad-pitt/8.jpg,8.jpg,2026-08-18T10:57:56.457Z,scored,,2.927,5.73,5.73,m,100%,model,
bruno-mars,7.1,m,mixed,validation,bruno-mars/1.jpg,images/roster/bruno-mars/1.jpg,1.jpg,2026-08-18T10:57:56.657Z,refused,This angle is too far off to measure — head turned (~37°). Retake facing the camera square-on.,,,,,,,
bruno-mars,7.1,m,mixed,validation,bruno-mars/2.jpg,images/roster/bruno-mars/2.jpg,2.jpg,2026-08-18T10:57:57.223Z,scored,,3.589,6.52,6.52,m,99%,model,
bruno-mars,7.1,m,mixed,validation,bruno-mars/3.jpg,images/roster/bruno-mars/3.jpg,3.jpg,2026-08-18T10:57:57.421Z,refused,"No face found — try a clearer, front-facing shot.",,,,,,,
bruno-mars,7.1,m,mixed,validation,bruno-mars/4.jpg,images/roster/bruno-mars/4.jpg,4.jpg,2026-08-18T10:57:57.984Z,scored,,2.844,5.51,5.51,f,58%,model,non-standard framing (head turned (~16°); head tilted sideways (~21°)) — scored on your override; expect a rougher read.
callan-exorcist,8.6,f,white,holdout,callan-exorcist/1.jpg,images/roster/callan-exorcist/1.jpg,1.jpg,2026-08-18T10:57:58.180Z,scored,,3.208,6.15,6.15,f,100%,model,non-standard framing (head tilted sideways (~17°)) — scored on your override; expect a rougher read.
callan-exorcist,8.6,f,white,holdout,callan-exorcist/2.jpg,images/roster/callan-exorcist/2.jpg,2.jpg,2026-08-18T10:57:58.388Z,scored,,4.260,8.35,8.35,f,100%,model,"small/distant face (~91px of real detail) — score is rougher than a tight, sharp headshot."
callan-exorcist,8.6,f,white,holdout,callan-exorcist/4.jpg,images/roster/callan-exorcist/4.jpg,4.jpg,2026-08-18T10:57:58.587Z,scored,,4.012,7.29,7.29,f,100%,model,
callan-exorcist,8.6,f,white,holdout,callan-exorcist/5.jpg,images/roster/callan-exorcist/5.jpg,5.jpg,2026-08-18T10:57:58.790Z,refused,This angle is too far off to measure — head turned (~25°); head tilted sideways (~18°). Retake facing the camera square-on.,,,,,,,
casey-anthony,4.4,f,white,train,casey-anthony/1.jpg,images/roster/casey-anthony/1.jpg,1.jpg,2026-08-18T10:57:59.348Z,refused,This angle is too far off to measure — head tilted sideways (~33°). Retake facing the camera square-on.,,,,,,,
casey-anthony,4.4,f,white,train,casey-anthony/2.jpg,images/roster/casey-anthony/2.jpg,2.jpg,2026-08-18T10:57:59.905Z,scored,,3.743,6.71,6.71,f,100%,model,
chloe-grace-moretz,7.4,f,white,train,chloe-grace-moretz/1.jpg,images/roster/chloe-grace-moretz/1.jpg,1.jpg,2026-08-18T10:58:00.114Z,scored,,2.745,5.03,5.03,f,100%,model,
chloe-grace-moretz,7.4,f,white,train,chloe-grace-moretz/4.jpg,images/roster/chloe-grace-moretz/4.jpg,4.jpg,2026-08-18T10:58:00.336Z,scored,,3.375,6.31,6.31,f,100%,model,non-standard framing (head turned (~14°)) — scored on your override; expect a rougher read.
chloe-grace-moretz,7.4,f,white,train,chloe-grace-moretz/6.jpg,images/roster/chloe-grace-moretz/6.jpg,6.jpg,2026-08-18T10:58:00.548Z,scored,,3.530,6.45,6.45,f,100%,model,
chloe-grace-moretz,7.4,f,white,train,chloe-grace-moretz/7.jpg,images/roster/chloe-grace-moretz/7.jpg,7.jpg,2026-08-18T10:58:00.766Z,scored,,4.213,8.14,8.14,f,100%,model,non-standard framing (head turned (~16°)) — scored on your override; expect a rougher read.
chloe-grace-moretz,7.4,f,white,train,chloe-grace-moretz/8.jpg,images/roster/chloe-grace-moretz/8.jpg,8.jpg,2026-08-18T10:58:00.980Z,scored,,4.294,8.55,8.55,f,100%,model,
chris-brown,7.5,m,black,train,chris-brown/1.jpg,images/roster/chris-brown/1.jpg,1.jpg,2026-08-18T10:58:01.198Z,refused,"No face found — try a clearer, front-facing shot.",,,,,,,
chris-brown,7.5,m,black,train,chris-brown/2.jpg,images/roster/chris-brown/2.jpg,2.jpg,2026-08-18T10:58:01.765Z,scored,,2.409,3.50,3.50,m,97%,model,
chris-brown,7.5,m,black,train,chris-brown/3.jpg,images/roster/chris-brown/3.jpg,3.jpg,2026-08-18T10:58:01.960Z,scored,,2.229,2.84,2.84,f,68%,model,non-standard framing (head turned (~17°)) — scored on your override; expect a rougher read.
chris-brown,7.5,m,black,train,chris-brown/4.jpg,images/roster/chris-brown/4.jpg,4.jpg,2026-08-18T10:58:02.159Z,refused,"No face found — try a clearer, front-facing shot.",,,,,,,
chris-hemsworth,9.5,m,white,holdout,chris-hemsworth/3.jpg,images/roster/chris-hemsworth/3.jpg,3.jpg,2026-08-18T10:58:02.709Z,scored,,3.298,6.24,6.24,m,100%,model,
chris-hemsworth,9.5,m,white,holdout,chris-hemsworth/4.jpg,images/roster/chris-hemsworth/4.jpg,4.jpg,2026-08-18T10:58:02.919Z,scored,,2.716,4.86,4.86,m,100%,model,"small/distant face (~144px of real detail) — score is rougher than a tight, sharp headshot. · non-standard framing (head turned (~18°)) — scored on your override; expect a rougher read."
chris-hemsworth,9.5,m,white,holdout,chris-hemsworth/5.jpg,images/roster/chris-hemsworth/5.jpg,5.jpg,2026-08-18T10:58:03.129Z,scored,,3.838,6.85,6.85,m,100%,model,"small/distant face (~110px of real detail) — score is rougher than a tight, sharp headshot. · non-standard framing (head turned (~21°)) — scored on your override; expect a rougher read."
chris-hemsworth,9.5,m,white,holdout,chris-hemsworth/6.jpg,images/roster/chris-hemsworth/6.jpg,6.jpg,2026-08-18T10:58:03.339Z,scored,,2.804,5.34,5.34,m,100%,model,
chris-hemsworth,9.5,m,white,holdout,chris-hemsworth/7.jpg,images/roster/chris-hemsworth/7.jpg,7.jpg,2026-08-18T10:58:03.580Z,scored,,3.266,6.21,6.21,m,100%,model,
conor-mcgregor,7.0,m,white,train,conor-mcgregor/1.jpg,images/roster/conor-mcgregor/1.jpg,1.jpg,2026-08-18T10:58:03.807Z,scored,,3.664,6.61,6.61,m,100%,model,
conor-mcgregor,7.0,m,white,train,conor-mcgregor/2.jpg,images/roster/conor-mcgregor/2.jpg,2.jpg,2026-08-18T10:58:04.017Z,scored,,3.301,6.24,6.24,m,100%,model,
conor-mcgregor,7.0,m,white,train,conor-mcgregor/3.jpg,images/roster/conor-mcgregor/3.jpg,3.jpg,2026-08-18T10:58:04.230Z,scored,,2.897,5.66,5.66,m,100%,model,non-standard framing (head tilted sideways (~13°)) — scored on your override; expect a rougher read.
conor-mcgregor,7.0,m,white,train,conor-mcgregor/5.jpg,images/roster/conor-mcgregor/5.jpg,5.jpg,2026-08-18T10:58:04.437Z,scored,,3.478,6.41,6.41,m,100%,model,non-standard framing (head tilted sideways (~10°)) — scored on your override; expect a rougher read.
courtney-clenney,7.9,f,white,holdout,courtney-clenney/1.jpg,images/roster/courtney-clenney/1.jpg,1.jpg,2026-08-18T10:58:04.657Z,scored,,4.013,7.29,7.29,f,100%,model,non-standard framing (head tilted sideways (~15°)) — scored on your override; expect a rougher read.
courtney-clenney,7.9,f,white,holdout,courtney-clenney/2.jpg,images/roster/courtney-clenney/2.jpg,2.jpg,2026-08-18T10:58:04.865Z,scored,,3.200,6.14,6.14,f,100%,model,"small/distant face (~133px of real detail) — score is rougher than a tight, sharp headshot. · non-standard framing (head tilted sideways (~18°)) — scored on your override; expect a rougher read."
cristiano-ronaldo,9.0,m,white,holdout,cristiano-ronaldo/1.jpg,images/roster/cristiano-ronaldo/1.jpg,1.jpg,2026-08-18T10:58:05.074Z,scored,,3.222,6.16,6.16,m,100%,model,
cristiano-ronaldo,9.0,m,white,holdout,cristiano-ronaldo/2.jpg,images/roster/cristiano-ronaldo/2.jpg,2.jpg,2026-08-18T10:58:05.285Z,scored,,3.474,6.40,6.40,m,100%,model,non-standard framing (head turned (~22°)) — scored on your override; expect a rougher read.
cristiano-ronaldo,9.0,m,white,holdout,cristiano-ronaldo/3.jpg,images/roster/cristiano-ronaldo/3.jpg,3.jpg,2026-08-18T10:58:05.500Z,refused,This angle is too far off to measure — head turned (~35°). Retake facing the camera square-on.,,,,,,,
cristiano-ronaldo,9.0,m,white,holdout,cristiano-ronaldo/4.jpg,images/roster/cristiano-ronaldo/4.jpg,4.jpg,2026-08-18T10:58:06.063Z,scored,,3.658,6.60,6.60,m,100%,model,
cristiano-ronaldo,9.0,m,white,holdout,cristiano-ronaldo/5.jpg,images/roster/cristiano-ronaldo/5.jpg,5.jpg,2026-08-18T10:58:06.287Z,scored,,3.694,6.64,6.64,m,100%,model,non-standard framing (head turned (~22°)) — scored on your override; expect a rougher read.
dan-bilzerian,6.0,m,white,train,dan-bilzerian/1.jpg,images/roster/dan-bilzerian/1.jpg,1.jpg,2026-08-18T10:58:06.505Z,scored,,3.870,6.92,6.92,m,100%,model,
dan-bilzerian,6.0,m,white,train,dan-bilzerian/2.jpg,images/roster/dan-bilzerian/2.jpg,2.jpg,2026-08-18T10:58:06.720Z,refused,This angle is too far off to measure — head turned (~27°). Retake facing the camera square-on.,,,,,,,
danny-devito,2.5,m,white,train,danny-devito/1.jpg,images/roster/danny-devito/1.jpg,1.jpg,2026-08-18T10:58:07.298Z,scored,,3.380,6.31,6.31,m,96%,model,
danny-devito,2.5,m,white,train,danny-devito/4.jpg,images/roster/danny-devito/4.jpg,4.jpg,2026-08-18T10:58:07.513Z,scored,,2.602,4.28,4.28,m,94%,model,non-standard framing (head turned (~20°)) — scored on your override; expect a rougher read.
danny-devito,2.5,m,white,train,danny-devito/5.jpg,images/roster/danny-devito/5.jpg,5.jpg,2026-08-18T10:58:07.728Z,scored,,2.821,5.41,5.41,m,100%,model,
danny-devito,2.5,m,white,train,danny-devito/6.jpg,images/roster/danny-devito/6.jpg,6.jpg,2026-08-18T10:58:07.934Z,scored,,2.677,4.68,4.68,m,100%,model,
danny-devito,2.5,m,white,train,danny-devito/7.jpg,images/roster/danny-devito/7.jpg,7.jpg,2026-08-18T10:58:08.137Z,scored,,2.831,5.46,5.46,m,100%,model,non-standard framing (head turned (~13°)) — scored on your override; expect a rougher read.
denzel-washington,8.8,m,black,holdout,denzel-washington/1.jpg,images/roster/denzel-washington/1.jpg,1.jpg,2026-08-18T10:58:08.356Z,scored,,1.862,2.08,2.08,m,100%,model,
denzel-washington,8.8,m,black,holdout,denzel-washington/2.jpg,images/roster/denzel-washington/2.jpg,2.jpg,2026-08-18T10:58:08.571Z,scored,,2.352,3.30,3.30,m,100%,model,non-standard framing (head turned (~19°)) — scored on your override; expect a rougher read.
denzel-washington,8.8,m,black,holdout,denzel-washington/3.jpg,images/roster/denzel-washington/3.jpg,3.jpg,2026-08-18T10:58:08.792Z,refused,This angle is too far off to measure — head turned (~29°). Retake facing the camera square-on.,,,,,,,
denzel-washington,8.8,m,black,holdout,denzel-washington/4.jpg,images/roster/denzel-washington/4.jpg,4.jpg,2026-08-18T10:58:09.415Z,scored,,2.201,2.75,2.75,m,100%,model,
dev-patel,8.0,m,south-asian,train,dev-patel/3.jpg,images/roster/dev-patel/3.jpg,3.jpg,2026-08-18T10:58:09.619Z,scored,,2.829,5.45,5.45,m,100%,model,non-standard framing (head turned (~24°)) — scored on your override; expect a rougher read.
dev-patel,8.0,m,south-asian,train,dev-patel/6.jpg,images/roster/dev-patel/6.jpg,6.jpg,2026-08-18T10:58:09.841Z,scored,,3.260,6.20,6.20,m,100%,model,non-standard framing (head tilted sideways (~22°)) — scored on your override; expect a rougher read.
dev-patel,8.0,m,south-asian,train,dev-patel/7.jpg,images/roster/dev-patel/7.jpg,7.jpg,2026-08-18T10:58:10.051Z,scored,,3.682,6.62,6.62,m,100%,model,
dev-patel,8.0,m,south-asian,train,dev-patel/8.jpg,images/roster/dev-patel/8.jpg,8.jpg,2026-08-18T10:58:10.249Z,scored,,3.963,7.12,7.12,m,100%,model,non-standard framing (head turned (~13°); head tilted sideways (~17°)) — scored on your override; expect a rougher read.
dev-patel,8.0,m,south-asian,train,dev-patel/9.jpg,images/roster/dev-patel/9.jpg,9.jpg,2026-08-18T10:58:10.459Z,scored,,3.685,6.63,6.63,m,100%,model,
dizzykitten,7.2,f,white,train,dizzykitten/1.jpg,images/roster/dizzykitten/1.jpg,1.jpg,2026-08-18T10:58:10.663Z,scored,,3.239,6.18,6.18,f,100%,model,non-standard framing (head turned (~24°)) — scored on your override; expect a rougher read.
dizzykitten,7.2,f,white,train,dizzykitten/2.jpg,images/roster/dizzykitten/2.jpg,2.jpg,2026-08-18T10:58:10.887Z,refused,This angle is too far off to measure — head turned (~29°); head tilted sideways (~12°). Retake facing the camera square-on.,,,,,,,
dizzykitten,7.2,f,white,train,dizzykitten/4.jpg,images/roster/dizzykitten/4.jpg,4.jpg,2026-08-18T10:58:11.473Z,scored,,2.730,4.93,4.93,f,100%,model,non-standard framing (head turned (~24°); head tilted sideways (~19°)) — scored on your override; expect a rougher read.
dizzykitten,7.2,f,white,train,dizzykitten/5.jpg,images/roster/dizzykitten/5.jpg,5.jpg,2026-08-18T10:58:11.685Z,refused,This angle is too far off to measure — head turned (~25°). Retake facing the camera square-on.,,,,,,,
dolly-parton,8.0,f,white,train,dolly-parton/1.jpg,images/roster/dolly-parton/1.jpg,1.jpg,2026-08-18T10:58:12.255Z,scored,,2.450,3.64,3.64,f,100%,model,
dolly-parton,8.0,f,white,train,dolly-parton/2.jpg,images/roster/dolly-parton/2.jpg,2.jpg,2026-08-18T10:58:12.461Z,scored,,3.376,6.31,6.31,f,100%,model,
dolly-parton,8.0,f,white,train,dolly-parton/3.jpg,images/roster/dolly-parton/3.jpg,3.jpg,2026-08-18T10:58:12.670Z,scored,,2.635,4.45,4.45,f,100%,model,non-standard framing (head turned (~12°)) — scored on your override; expect a rougher read.
dolly-parton,8.0,f,white,train,dolly-parton/4.jpg,images/roster/dolly-parton/4.jpg,4.jpg,2026-08-18T10:58:12.876Z,scored,,3.119,6.04,6.04,f,100%,model,"small/distant face (~103px of real detail) — score is rougher than a tight, sharp headshot. · non-standard framing (head turned (~18°)) — scored on your override; expect a rougher read."
drake,7.0,m,mixed,validation,drake/2.jpg,images/roster/drake/2.jpg,2.jpg,2026-08-18T10:58:13.084Z,scored,,3.199,6.14,6.14,m,100%,model,"small/distant face (~109px of real detail) — score is rougher than a tight, sharp headshot. · non-standard framing (head turned (~13°)) — scored on your override; expect a rougher read."
drake,7.0,m,mixed,validation,drake/4.jpg,images/roster/drake/4.jpg,4.jpg,2026-08-18T10:58:13.292Z,scored,,3.227,6.17,6.17,m,100%,model,
drake,7.0,m,mixed,validation,drake/5.jpg,images/roster/drake/5.jpg,5.jpg,2026-08-18T10:58:13.522Z,scored,,3.511,6.43,6.43,m,100%,model,
drake,7.0,m,mixed,validation,drake/6.jpg,images/roster/drake/6.jpg,6.jpg,2026-08-18T10:58:13.746Z,scored,,3.469,6.40,6.40,m,100%,model,non-standard framing (head tilted sideways (~16°)) — scored on your override; expect a rougher read.
dwayne-johnson,7.5,m,mixed,holdout,dwayne-johnson/1.jpg,images/roster/dwayne-johnson/1.jpg,1.jpg,2026-08-18T10:58:13.986Z,scored,,3.720,6.67,6.67,m,100%,model,non-standard framing (head turned (~16°)) — scored on your override; expect a rougher read.
dwayne-johnson,7.5,m,mixed,holdout,dwayne-johnson/2.jpg,images/roster/dwayne-johnson/2.jpg,2.jpg,2026-08-18T10:58:14.219Z,scored,,3.805,6.80,6.80,m,100%,model,
dwayne-johnson,7.5,m,mixed,holdout,dwayne-johnson/3.jpg,images/roster/dwayne-johnson/3.jpg,3.jpg,2026-08-18T10:58:14.428Z,scored,,2.889,5.64,5.64,m,100%,model,
dwayne-johnson,7.5,m,mixed,holdout,dwayne-johnson/4.jpg,images/roster/dwayne-johnson/4.jpg,4.jpg,2026-08-18T10:58:14.633Z,scored,,4.047,7.43,7.43,m,100%,model,
dwayne-johnson,7.5,m,mixed,holdout,dwayne-johnson/5.jpg,images/roster/dwayne-johnson/5.jpg,5.jpg,2026-08-18T10:58:14.841Z,scored,,3.418,6.35,6.35,m,100%,model,
ed-sheeran,4.5,m,white,validation,ed-sheeran/1.jpg,images/roster/ed-sheeran/1.jpg,1.jpg,2026-08-18T10:58:15.046Z,scored,,3.912,6.99,6.99,f,54%,model,
ed-sheeran,4.5,m,white,validation,ed-sheeran/2.jpg,images/roster/ed-sheeran/2.jpg,2.jpg,2026-08-18T10:58:15.256Z,scored,,3.688,6.63,6.63,m,78%,model,
ed-sheeran,4.5,m,white,validation,ed-sheeran/3.jpg,images/roster/ed-sheeran/3.jpg,3.jpg,2026-08-18T10:58:15.459Z,scored,,4.058,7.47,7.47,m,85%,model,non-standard framing (head tilted sideways (~10°)) — scored on your override; expect a rougher read.
ed-sheeran,4.5,m,white,validation,ed-sheeran/4.jpg,images/roster/ed-sheeran/4.jpg,4.jpg,2026-08-18T10:58:15.671Z,scored,,3.847,6.87,6.87,m,95%,model,non-standard framing (head turned (~21°)) — scored on your override; expect a rougher read.
ed-sheeran,4.5,m,white,validation,ed-sheeran/5.jpg,images/roster/ed-sheeran/5.jpg,5.jpg,2026-08-18T10:58:15.885Z,scored,,3.864,6.91,6.91,m,67%,model,
elizabeth-holmes,5.0,f,white,train,elizabeth-holmes/1.jpg,images/roster/elizabeth-holmes/1.jpg,1.jpg,2026-08-18T10:58:16.110Z,scored,,3.685,6.63,6.63,f,100%,model,non-standard framing (head turned (~14°); head tilted sideways (~11°)) — scored on your override; expect a rougher read.
elizabeth-holmes,5.0,f,white,train,elizabeth-holmes/2.jpg,images/roster/elizabeth-holmes/2.jpg,2.jpg,2026-08-18T10:58:16.335Z,scored,,3.605,6.54,6.54,f,100%,model,
elizabeth-holmes,5.0,f,white,train,elizabeth-holmes/3.jpg,images/roster/elizabeth-holmes/3.jpg,3.jpg,2026-08-18T10:58:16.541Z,scored,,4.434,9.09,9.09,f,100%,model,
elizabeth-holmes,5.0,f,white,train,elizabeth-holmes/4.jpg,images/roster/elizabeth-holmes/4.jpg,4.jpg,2026-08-18T10:58:16.750Z,refused,This angle is too far off to measure — head turned (~44°). Retake facing the camera square-on.,,,,,,,
elizabeth-holmes,5.0,f,white,train,elizabeth-holmes/5.jpg,images/roster/elizabeth-holmes/5.jpg,5.jpg,2026-08-18T10:58:17.333Z,scored,,3.637,6.58,6.58,f,100%,model,
elizabeth-olsen,8.0,f,white,holdout,elizabeth-olsen/1.jpg,images/roster/elizabeth-olsen/1.jpg,1.jpg,2026-08-18T10:58:17.541Z,refused,This angle is too far off to measure — head turned (~31°); head tilted sideways (~10°). Retake facing the camera square-on.,,,,,,,
elizabeth-olsen,8.0,f,white,holdout,elizabeth-olsen/4.jpg,images/roster/elizabeth-olsen/4.jpg,4.jpg,2026-08-18T10:58:18.125Z,scored,,3.083,5.99,5.99,f,100%,model,
elizabeth-olsen,8.0,f,white,holdout,elizabeth-olsen/6.jpg,images/roster/elizabeth-olsen/6.jpg,6.jpg,2026-08-18T10:58:18.356Z,scored,,3.344,6.28,6.28,f,99%,model,
elizabeth-olsen,8.0,f,white,holdout,elizabeth-olsen/7.jpg,images/roster/elizabeth-olsen/7.jpg,7.jpg,2026-08-18T10:58:18.571Z,scored,,2.603,4.28,4.28,f,100%,model,
elizabeth-olsen,8.0,f,white,holdout,elizabeth-olsen/8.jpg,images/roster/elizabeth-olsen/8.jpg,8.jpg,2026-08-18T10:58:18.781Z,refused,"No face found — try a clearer, front-facing shot.",,,,,,,
elon-musk,5.5,m,white,train,elon-musk/1.jpg,images/roster/elon-musk/1.jpg,1.jpg,2026-08-18T10:58:19.349Z,refused,This angle is too far off to measure — head turned (~24°); head tilted sideways (~29°). Retake facing the camera square-on.,,,,,,,
elon-musk,5.5,m,white,train,elon-musk/2.jpg,images/roster/elon-musk/2.jpg,2.jpg,2026-08-18T10:58:19.925Z,scored,,2.735,4.96,4.96,m,100%,model,non-standard framing (head turned (~16°)) — scored on your override; expect a rougher read.
elon-musk,5.5,m,white,train,elon-musk/5.jpg,images/roster/elon-musk/5.jpg,5.jpg,2026-08-18T10:58:20.142Z,scored,,3.143,6.08,6.08,m,100%,model,non-standard framing (head turned (~13°)) — scored on your override; expect a rougher read.
elon-musk,5.5,m,white,train,elon-musk/3.jpg,images/roster/elon-musk/3.jpg,3.jpg,2026-08-18T10:58:20.384Z,scored,,2.888,5.63,5.63,m,99%,model,
elon-musk,5.5,m,white,train,elon-musk/6.jpg,images/roster/elon-musk/6.jpg,6.jpg,2026-08-18T10:58:20.605Z,scored,,2.806,5.35,5.35,m,100%,model,non-standard framing (head turned (~14°)) — scored on your override; expect a rougher read.
eminem,6.6,m,white,validation,eminem/1.jpg,images/roster/eminem/1.jpg,1.jpg,2026-08-18T10:58:20.830Z,scored,,3.223,6.16,6.16,m,100%,model,non-standard framing (head turned (~14°)) — scored on your override; expect a rougher read.
eminem,6.6,m,white,validation,eminem/2.jpg,images/roster/eminem/2.jpg,2.jpg,2026-08-18T10:58:21.037Z,refused,"No face found — try a clearer, front-facing shot.",,,,,,,
eminem,6.6,m,white,validation,eminem/3.jpg,images/roster/eminem/3.jpg,3.jpg,2026-08-18T10:58:21.614Z,refused,"No face found — try a clearer, front-facing shot.",,,,,,,
eminem,6.6,m,white,validation,eminem/4.jpg,images/roster/eminem/4.jpg,4.jpg,2026-08-18T10:58:22.197Z,refused,"No face found — try a clearer, front-facing shot.",,,,,,,
emma-blackery,6.5,f,white,train,emma-blackery/1.jpg,images/roster/emma-blackery/1.jpg,1.jpg,2026-08-18T10:58:22.761Z,scored,,4.293,8.55,8.55,f,100%,model,non-standard framing (head turned (~16°)) — scored on your override; expect a rougher read.
emma-blackery,6.5,f,white,train,emma-blackery/2.jpg,images/roster/emma-blackery/2.jpg,2.jpg,2026-08-18T10:58:22.995Z,scored,,3.612,6.55,6.55,f,100%,model,non-standard framing (head tilted sideways (~18°)) — scored on your override; expect a rougher read.
emma-blackery,6.5,f,white,train,emma-blackery/3.jpg,images/roster/emma-blackery/3.jpg,3.jpg,2026-08-18T10:58:23.244Z,refused,This angle is too far off to measure — head turned (~46°). Retake facing the camera square-on.,,,,,,,
emma-blackery,6.5,f,white,train,emma-blackery/4.jpg,images/roster/emma-blackery/4.jpg,4.jpg,2026-08-18T10:58:23.863Z,scored,,4.110,7.65,7.65,f,100%,model,
emma-stone,8.0,f,white,holdout,emma-stone/1.jpg,images/roster/emma-stone/1.jpg,1.jpg,2026-08-18T10:58:24.066Z,scored,,3.017,5.90,5.90,f,100%,model,
emma-stone,8.0,f,white,holdout,emma-stone/3.jpg,images/roster/emma-stone/3.jpg,3.jpg,2026-08-18T10:58:24.290Z,scored,,3.815,6.81,6.81,f,100%,model,
emma-stone,8.0,f,white,holdout,emma-stone/4.jpg,images/roster/emma-stone/4.jpg,4.jpg,2026-08-18T10:58:24.501Z,scored,,3.419,6.36,6.36,f,99%,model,
emma-stone,8.0,f,white,holdout,emma-stone/5.jpg,images/roster/emma-stone/5.jpg,5.jpg,2026-08-18T10:58:24.741Z,scored,,3.067,5.97,5.97,f,100%,model,non-standard framing (head turned (~14°); head tilted sideways (~12°)) — scored on your override; expect a rougher read.
emma-stone,8.0,f,white,holdout,emma-stone/6.jpg,images/roster/emma-stone/6.jpg,6.jpg,2026-08-18T10:58:24.971Z,scored,,3.599,6.53,6.53,f,100%,model,"small/distant face (~148px of real detail) — score is rougher than a tight, sharp headshot."
emma-watson,8.0,f,white,holdout,emma-watson/2.jpg,images/roster/emma-watson/2.jpg,2.jpg,2026-08-18T10:58:25.197Z,scored,,4.127,7.72,7.72,f,100%,model,
emma-watson,8.0,f,white,holdout,emma-watson/3.jpg,images/roster/emma-watson/3.jpg,3.jpg,2026-08-18T10:58:25.430Z,scored,,3.798,6.78,6.78,f,100%,model,
emma-watson,8.0,f,white,holdout,emma-watson/5.jpg,images/roster/emma-watson/5.jpg,5.jpg,2026-08-18T10:58:25.666Z,scored,,3.913,7.00,7.00,f,100%,model,
emma-watson,8.0,f,white,holdout,emma-watson/6.jpg,images/roster/emma-watson/6.jpg,6.jpg,2026-08-18T10:58:25.883Z,scored,,4.144,7.79,7.79,f,100%,model,
emma-watson,8.0,f,white,holdout,emma-watson/7.jpg,images/roster/emma-watson/7.jpg,7.jpg,2026-08-18T10:58:26.130Z,scored,,4.208,8.12,8.12,f,100%,model,
emmy-rossum,8.0,f,white,validation,emmy-rossum/2.jpg,images/roster/emmy-rossum/2.jpg,2.jpg,2026-08-18T10:58:26.363Z,scored,,3.359,6.29,6.29,f,100%,model,
emmy-rossum,8.0,f,white,validation,emmy-rossum/3.jpg,images/roster/emmy-rossum/3.jpg,3.jpg,2026-08-18T10:58:26.572Z,scored,,4.156,7.84,7.84,f,100%,model,
emmy-rossum,8.0,f,white,validation,emmy-rossum/6.jpg,images/roster/emmy-rossum/6.jpg,6.jpg,2026-08-18T10:58:26.779Z,scored,,4.061,7.48,7.48,f,97%,model,non-standard framing (head turned (~18°)) — scored on your override; expect a rougher read.
emmy-rossum,8.0,f,white,validation,emmy-rossum/7.jpg,images/roster/emmy-rossum/7.jpg,7.jpg,2026-08-18T10:58:26.991Z,scored,,4.272,8.41,8.41,f,100%,model,
emmy-rossum,8.0,f,white,validation,emmy-rossum/8.jpg,images/roster/emmy-rossum/8.jpg,8.jpg,2026-08-18T10:58:27.210Z,scored,,3.523,6.44,6.44,f,100%,model,
evil-addams,7.8,f,white,holdout,evil-addams/1.jpg,images/roster/evil-addams/1.jpg,1.jpg,2026-08-18T10:58:27.417Z,scored,,4.194,8.04,8.04,f,100%,model,
evil-addams,7.8,f,white,holdout,evil-addams/2.jpg,images/roster/evil-addams/2.jpg,2.jpg,2026-08-18T10:58:27.622Z,refused,This angle is too far off to measure — head turned (~29°); head tilted sideways (~12°). Retake facing the camera square-on.,,,,,,,
evil-addams,7.8,f,white,holdout,evil-addams/3.jpg,images/roster/evil-addams/3.jpg,3.jpg,2026-08-18T10:58:28.194Z,scored,,3.104,6.02,6.02,f,100%,model,non-standard framing (head tilted sideways (~17°)) — scored on your override; expect a rougher read.
evil-addams,7.8,f,white,holdout,evil-addams/4.jpg,images/roster/evil-addams/4.jpg,4.jpg,2026-08-18T10:58:28.416Z,scored,,4.266,8.37,8.37,f,100%,model,non-standard framing (head turned (~13°); head tilted sideways (~17°)) — scored on your override; expect a rougher read.
evil-addams,7.8,f,white,holdout,evil-addams/5.jpg,images/roster/evil-addams/5.jpg,5.jpg,2026-08-18T10:58:28.674Z,scored,,3.651,6.59,6.59,f,100%,model,"small/distant face (~70px of real detail) — score is rougher than a tight, sharp headshot. · non-standard framing (head tilted sideways (~11°)) — scored on your override; expect a rougher read."
farrah-abraham,5.8,f,white,validation,farrah-abraham/1.jpg,images/roster/farrah-abraham/1.jpg,1.jpg,2026-08-18T10:58:28.929Z,scored,,3.574,6.50,6.50,f,100%,model,
farrah-abraham,5.8,f,white,validation,farrah-abraham/2.jpg,images/roster/farrah-abraham/2.jpg,2.jpg,2026-08-18T10:58:29.182Z,refused,"No face found — try a clearer, front-facing shot.",,,,,,,
frivolousfox,7.2,f,white,holdout,frivolousfox/1.jpg,images/roster/frivolousfox/1.jpg,1.jpg,2026-08-18T10:58:29.741Z,scored,,3.902,6.97,6.97,f,100%,model,non-standard framing (head tilted sideways (~15°)) — scored on your override; expect a rougher read.
frivolousfox,7.2,f,white,holdout,frivolousfox/2.jpg,images/roster/frivolousfox/2.jpg,2.jpg,2026-08-18T10:58:29.963Z,scored,,3.747,6.71,6.71,f,100%,model,non-standard framing (head tilted sideways (~13°)) — scored on your override; expect a rougher read.
frivolousfox,7.2,f,white,holdout,frivolousfox/3.jpg,images/roster/frivolousfox/3.jpg,3.jpg,2026-08-18T10:58:30.172Z,scored,,3.827,6.83,6.83,f,100%,model,non-standard framing (head tilted sideways (~15°)) — scored on your override; expect a rougher read.
frivolousfox,7.2,f,white,holdout,frivolousfox/4.jpg,images/roster/frivolousfox/4.jpg,4.jpg,2026-08-18T10:58:30.404Z,scored,,3.584,6.51,6.51,f,100%,model,non-standard framing (head turned (~13°); head tilted sideways (~13°)) — scored on your override; expect a rougher read.
gab-smolders,6.5,f,white,train,gab-smolders/1.jpg,images/roster/gab-smolders/1.jpg,1.jpg,2026-08-18T10:58:30.615Z,scored,,3.597,6.53,6.53,f,100%,model,non-standard framing (head turned (~18°)) — scored on your override; expect a rougher read.
gab-smolders,6.5,f,white,train,gab-smolders/2.jpg,images/roster/gab-smolders/2.jpg,2.jpg,2026-08-18T10:58:30.837Z,scored,,3.668,6.61,6.61,f,100%,model,non-standard framing (head tilted sideways (~22°)) — scored on your override; expect a rougher read.
gab-smolders,6.5,f,white,train,gab-smolders/3.jpg,images/roster/gab-smolders/3.jpg,3.jpg,2026-08-18T10:58:31.059Z,refused,This angle is too far off to measure — head turned (~28°); head tilted sideways (~15°). Retake facing the camera square-on.,,,,,,,
gab-smolders,6.5,f,white,train,gab-smolders/5.jpg,images/roster/gab-smolders/5.jpg,5.jpg,2026-08-18T10:58:31.654Z,scored,,3.833,6.84,6.84,f,100%,model,"small/distant face (~102px of real detail) — score is rougher than a tight, sharp headshot. · non-standard framing (head turned (~22°); head tilted sideways (~17°)) — scored on your override; expect a rougher read."
gal-gadot,9.0,f,middle-eastern,train,gal-gadot/1.jpg,images/roster/gal-gadot/1.jpg,1.jpg,2026-08-18T10:58:31.857Z,scored,,3.667,6.61,6.61,f,99%,model,
gal-gadot,9.0,f,middle-eastern,train,gal-gadot/3.jpg,images/roster/gal-gadot/3.jpg,3.jpg,2026-08-18T10:58:32.083Z,scored,,3.866,6.91,6.91,f,100%,model,
gal-gadot,9.0,f,middle-eastern,train,gal-gadot/4.jpg,images/roster/gal-gadot/4.jpg,4.jpg,2026-08-18T10:58:32.302Z,refused,This angle is too far off to measure — head turned (~29°); head tilted sideways (~30°). Retake facing the camera square-on.,,,,,,,
gal-gadot,9.0,f,middle-eastern,train,gal-gadot/5.jpg,images/roster/gal-gadot/5.jpg,5.jpg,2026-08-18T10:58:32.888Z,scored,,3.308,6.24,6.24,f,96%,model,non-standard framing (head turned (~15°)) — scored on your override; expect a rougher read.
gal-gadot,9.0,f,middle-eastern,train,gal-gadot/6.jpg,images/roster/gal-gadot/6.jpg,6.jpg,2026-08-18T10:58:33.102Z,scored,,3.814,6.81,6.81,f,100%,model,
george-clooney,8.5,m,white,train,george-clooney/1.jpg,images/roster/george-clooney/1.jpg,1.jpg,2026-08-18T10:58:33.329Z,scored,,3.917,7.00,7.00,m,100%,model,
george-clooney,8.5,m,white,train,george-clooney/2.jpg,images/roster/george-clooney/2.jpg,2.jpg,2026-08-18T10:58:33.565Z,scored,,3.782,6.76,6.76,m,100%,model,
george-clooney,8.5,m,white,train,george-clooney/3.jpg,images/roster/george-clooney/3.jpg,3.jpg,2026-08-18T10:58:33.794Z,scored,,3.249,6.19,6.19,m,100%,model,
george-clooney,8.5,m,white,train,george-clooney/4.jpg,images/roster/george-clooney/4.jpg,4.jpg,2026-08-18T10:58:34.013Z,scored,,3.226,6.17,6.17,m,100%,model,non-standard framing (head tilted sideways (~13°)) — scored on your override; expect a rougher read.
george-clooney,8.5,m,white,train,george-clooney/5.jpg,images/roster/george-clooney/5.jpg,5.jpg,2026-08-18T10:58:34.237Z,scored,,4.406,8.99,8.99,m,100%,model,
george-santos,4.0,m,latino,train,george-santos/1.jpg,images/roster/george-santos/1.jpg,1.jpg,2026-08-18T10:58:34.447Z,scored,,2.750,5.07,5.07,m,100%,model,
george-santos,4.0,m,latino,train,george-santos/2.jpg,images/roster/george-santos/2.jpg,2.jpg,2026-08-18T10:58:34.668Z,scored,,2.687,4.73,4.73,m,100%,model,
george-santos,4.0,m,latino,train,george-santos/3.jpg,images/roster/george-santos/3.jpg,3.jpg,2026-08-18T10:58:34.885Z,scored,,3.039,5.93,5.93,m,100%,model,
gibi-asmr,7.2,f,white,train,gibi-asmr/1.jpg,images/roster/gibi-asmr/1.jpg,1.jpg,2026-08-18T10:58:35.113Z,refused,This angle is too far off to measure — head turned (~25°). Retake facing the camera square-on.,,,,,,,
gibi-asmr,7.2,f,white,train,gibi-asmr/3.jpg,images/roster/gibi-asmr/3.jpg,3.jpg,2026-08-18T10:58:35.700Z,scored,,3.758,6.73,6.73,f,100%,model,non-standard framing (head tilted sideways (~23°)) — scored on your override; expect a rougher read.
gibi-asmr,7.2,f,white,train,gibi-asmr/4.jpg,images/roster/gibi-asmr/4.jpg,4.jpg,2026-08-18T10:58:35.909Z,scored,,3.976,7.16,7.16,f,100%,model,non-standard framing (head tilted sideways (~11°)) — scored on your override; expect a rougher read.
gibi-asmr,7.2,f,white,train,gibi-asmr/5.jpg,images/roster/gibi-asmr/5.jpg,5.jpg,2026-08-18T10:58:36.142Z,scored,,3.593,6.52,6.52,f,100%,model,
glen-powell,8.7,m,white,validation,glen-powell/1.jpg,images/roster/glen-powell/1.jpg,1.jpg,2026-08-18T10:58:36.388Z,refused,This angle is too far off to measure — head turned (~45°); head tilted sideways (~14°). Retake facing the camera square-on.,,,,,,,
glen-powell,8.7,m,white,validation,glen-powell/2.jpg,images/roster/glen-powell/2.jpg,2.jpg,2026-08-18T10:58:36.976Z,refused,"No face found — try a clearer, front-facing shot.",,,,,,,
glen-powell,8.7,m,white,validation,glen-powell/3.jpg,images/roster/glen-powell/3.jpg,3.jpg,2026-08-18T10:58:37.575Z,scored,,3.093,6.01,6.01,m,100%,model,non-standard framing (head turned (~13°); head tilted sideways (~10°)) — scored on your override; expect a rougher read.
glen-powell,8.7,m,white,validation,glen-powell/4.jpg,images/roster/glen-powell/4.jpg,4.jpg,2026-08-18T10:58:37.809Z,refused,"No face found — try a clearer, front-facing shot.",,,,,,,
grimes,7.0,f,white,train,grimes/1.jpg,images/roster/grimes/1.jpg,1.jpg,2026-08-18T10:58:38.378Z,refused,This angle is too far off to measure — head turned (~26°). Retake facing the camera square-on.,,,,,,,
grimes,7.0,f,white,train,grimes/2.jpg,images/roster/grimes/2.jpg,2.jpg,2026-08-18T10:58:38.963Z,refused,"No face found — try a clearer, front-facing shot.",,,,,,,
grimes,7.0,f,white,train,grimes/5.jpg,images/roster/grimes/5.jpg,5.jpg,2026-08-18T10:58:39.552Z,scored,,4.127,7.71,7.71,f,100%,model,
grimes,7.0,f,white,train,grimes/6.jpg,images/roster/grimes/6.jpg,6.jpg,2026-08-18T10:58:39.768Z,scored,,3.420,6.36,6.36,f,100%,model,"small/distant face (~141px of real detail) — score is rougher than a tight, sharp headshot. · non-standard framing (head turned (~18°)) — scored on your override; expect a rougher read."
grimes,7.0,f,white,train,grimes/7.jpg,images/roster/grimes/7.jpg,7.jpg,2026-08-18T10:58:39.978Z,scored,,3.369,6.30,6.30,f,100%,model,
hailee-steinfeld,8.0,f,mixed,train,hailee-steinfeld/2.jpg,images/roster/hailee-steinfeld/2.jpg,2.jpg,2026-08-18T10:58:40.207Z,scored,,3.591,6.52,6.52,f,99%,model,non-standard framing (head tilted sideways (~21°)) — scored on your override; expect a rougher read.
hailee-steinfeld,8.0,f,mixed,train,hailee-steinfeld/4.jpg,images/roster/hailee-steinfeld/4.jpg,4.jpg,2026-08-18T10:58:40.429Z,scored,,2.930,5.73,5.73,f,99%,model,non-standard framing (head turned (~19°)) — scored on your override; expect a rougher read.
hailee-steinfeld,8.0,f,mixed,train,hailee-steinfeld/5.jpg,images/roster/hailee-steinfeld/5.jpg,5.jpg,2026-08-18T10:58:40.645Z,scored,,3.676,6.62,6.62,f,99%,model,
hailee-steinfeld,8.0,f,mixed,train,hailee-steinfeld/6.jpg,images/roster/hailee-steinfeld/6.jpg,6.jpg,2026-08-18T10:58:40.911Z,scored,,4.343,8.81,8.81,f,100%,model,
hailee-steinfeld,8.0,f,mixed,train,hailee-steinfeld/7.jpg,images/roster/hailee-steinfeld/7.jpg,7.jpg,2026-08-18T10:58:41.142Z,scored,,3.469,6.40,6.40,f,100%,model,
harry-styles,8.0,m,white,train,harry-styles/1.jpg,images/roster/harry-styles/1.jpg,1.jpg,2026-08-18T10:58:41.352Z,scored,,3.483,6.41,6.41,m,100%,model,
harry-styles,8.0,m,white,train,harry-styles/2.jpg,images/roster/harry-styles/2.jpg,2.jpg,2026-08-18T10:58:41.561Z,scored,,3.924,7.02,7.02,m,100%,model,
harry-styles,8.0,m,white,train,harry-styles/3.jpg,images/roster/harry-styles/3.jpg,3.jpg,2026-08-18T10:58:41.802Z,scored,,3.637,6.58,6.58,m,100%,model,non-standard framing (head turned (~24°); head tilted sideways (~11°)) — scored on your override; expect a rougher read.
harry-styles,8.0,m,white,train,harry-styles/4.jpg,images/roster/harry-styles/4.jpg,4.jpg,2026-08-18T10:58:42.058Z,scored,,3.121,6.05,6.05,m,96%,model,non-standard framing (head turned (~23°)) — scored on your override; expect a rougher read.
hasan-piker,8.2,m,middle-eastern,holdout,hasan-piker/1.jpg,images/roster/hasan-piker/1.jpg,1.jpg,2026-08-18T10:58:42.288Z,scored,,2.614,4.34,4.34,m,100%,model,"small/distant face (~98px of real detail) — score is rougher than a tight, sharp headshot."
hasan-piker,8.2,m,middle-eastern,holdout,hasan-piker/2.jpg,images/roster/hasan-piker/2.jpg,2.jpg,2026-08-18T10:58:42.507Z,scored,,2.707,4.82,4.82,m,100%,model,non-standard framing (head turned (~16°); head tilted sideways (~16°)) — scored on your override; expect a rougher read.
hasan-piker,8.2,m,middle-eastern,holdout,hasan-piker/3.jpg,images/roster/hasan-piker/3.jpg,3.jpg,2026-08-18T10:58:42.719Z,refused,This angle is too far off to measure — head turned (~51°); head tilted sideways (~19°). Retake facing the camera square-on.,,,,,,,
henry-cavill,9.5,m,white,train,henry-cavill/1.jpg,images/roster/henry-cavill/1.jpg,1.jpg,2026-08-18T10:58:43.304Z,scored,,3.770,6.74,6.74,m,100%,model,non-standard framing (head turned (~25°)) — scored on your override; expect a rougher read.
henry-cavill,9.5,m,white,train,henry-cavill/4.jpg,images/roster/henry-cavill/4.jpg,4.jpg,2026-08-18T10:58:43.527Z,scored,,3.593,6.52,6.52,m,100%,model,"small/distant face (~140px of real detail) — score is rougher than a tight, sharp headshot. · non-standard framing (head turned (~24°)) — scored on your override; expect a rougher read."
henry-cavill,9.5,m,white,train,henry-cavill/5.jpg,images/roster/henry-cavill/5.jpg,5.jpg,2026-08-18T10:58:43.749Z,scored,,3.019,5.90,5.90,m,100%,model,non-standard framing (head turned (~23°)) — scored on your override; expect a rougher read.
henry-cavill,9.5,m,white,train,henry-cavill/6.jpg,images/roster/henry-cavill/6.jpg,6.jpg,2026-08-18T10:58:43.964Z,scored,,3.225,6.17,6.17,m,100%,model,
henry-cavill,9.5,m,white,train,henry-cavill/7.jpg,images/roster/henry-cavill/7.jpg,7.jpg,2026-08-18T10:58:44.179Z,scored,,4.084,7.55,7.55,m,100%,model,
idris-elba,9.0,m,black,train,idris-elba/1.jpg,images/roster/idris-elba/1.jpg,1.jpg,2026-08-18T10:58:44.408Z,refused,This angle is too far off to measure — head turned (~58°); head tilted sideways (~10°). Retake facing the camera square-on.,,,,,,,
idris-elba,9.0,m,black,train,idris-elba/2.jpg,images/roster/idris-elba/2.jpg,2.jpg,2026-08-18T10:58:45.000Z,refused,"No face found — try a clearer, front-facing shot.",,,,,,,
idris-elba,9.0,m,black,train,idris-elba/4.jpg,images/roster/idris-elba/4.jpg,4.jpg,2026-08-18T10:58:45.562Z,scored,,3.311,6.25,6.25,m,100%,model,
idris-elba,9.0,m,black,train,idris-elba/5.jpg,images/roster/idris-elba/5.jpg,5.jpg,2026-08-18T10:58:45.791Z,scored,,2.421,3.54,3.54,m,100%,model,
idris-elba,9.0,m,black,train,idris-elba/6.jpg,images/roster/idris-elba/6.jpg,6.jpg,2026-08-18T10:58:46.002Z,scored,,2.306,3.15,3.15,m,98%,model,non-standard framing (head turned (~17°)) — scored on your override; expect a rougher read.
ihascupquake,6.5,f,latino,train,ihascupquake/1.jpg,images/roster/ihascupquake/1.jpg,1.jpg,2026-08-18T10:58:46.225Z,scored,,3.557,6.48,6.48,f,100%,model,non-standard framing (head turned (~13°)) — scored on your override; expect a rougher read.
ihascupquake,6.5,f,latino,train,ihascupquake/3.jpg,images/roster/ihascupquake/3.jpg,3.jpg,2026-08-18T10:58:46.443Z,scored,,3.668,6.61,6.61,f,100%,model,non-standard framing (head turned (~13°)) — scored on your override; expect a rougher read.
ihascupquake,6.5,f,latino,train,ihascupquake/4.jpg,images/roster/ihascupquake/4.jpg,4.jpg,2026-08-18T10:58:46.665Z,scored,,2.589,4.23,4.23,f,100%,model,"small/distant face (~105px of real detail) — score is rougher than a tight, sharp headshot. · non-standard framing (head tilted sideways (~12°)) — scored on your override; expect a rougher read."
ihascupquake,6.5,f,latino,train,ihascupquake/5.jpg,images/roster/ihascupquake/5.jpg,5.jpg,2026-08-18T10:58:46.892Z,scored,,2.544,4.05,4.05,f,100%,model,non-standard framing (head tilted sideways (~15°)) — scored on your override; expect a rougher read.
ishowspeed,6.0,m,black,train,ishowspeed/1.jpg,images/roster/ishowspeed/1.jpg,1.jpg,2026-08-18T10:58:47.142Z,scored,,2.580,4.20,4.20,m,100%,model,
ishowspeed,6.0,m,black,train,ishowspeed/2.jpg,images/roster/ishowspeed/2.jpg,2.jpg,2026-08-18T10:58:47.369Z,scored,,3.189,6.13,6.13,m,99%,model,non-standard framing (head turned (~20°)) — scored on your override; expect a rougher read.
ishowspeed,6.0,m,black,train,ishowspeed/3.jpg,images/roster/ishowspeed/3.jpg,3.jpg,2026-08-18T10:58:47.588Z,refused,This angle is too far off to measure — head turned (~40°); head tilted sideways (~11°). Retake facing the camera square-on.,,,,,,,
ishowspeed,6.0,m,black,train,ishowspeed/4.jpg,images/roster/ishowspeed/4.jpg,4.jpg,2026-08-18T10:58:48.181Z,refused,"No face found — try a clearer, front-facing shot.",,,,,,,
jack-black,4.5,m,white,train,jack-black/1.jpg,images/roster/jack-black/1.jpg,1.jpg,2026-08-18T10:58:48.765Z,scored,,3.086,6.00,6.00,m,100%,model,non-standard framing (head turned (~15°)) — scored on your override; expect a rougher read.
jack-black,4.5,m,white,train,jack-black/4.jpg,images/roster/jack-black/4.jpg,4.jpg,2026-08-18T10:58:48.990Z,scored,,1.599,1.74,1.74,m,100%,model,"small/distant face (~109px of real detail) — score is rougher than a tight, sharp headshot."
jack-black,4.5,m,white,train,jack-black/5.jpg,images/roster/jack-black/5.jpg,5.jpg,2026-08-18T10:58:49.270Z,scored,,2.394,3.43,3.43,m,100%,model,
jack-black,4.5,m,white,train,jack-black/6.jpg,images/roster/jack-black/6.jpg,6.jpg,2026-08-18T10:58:49.490Z,scored,,2.991,5.85,5.85,m,100%,model,non-standard framing (head turned (~21°)) — scored on your override; expect a rougher read.
jack-black,4.5,m,white,train,jack-black/7.jpg,images/roster/jack-black/7.jpg,7.jpg,2026-08-18T10:58:49.722Z,scored,,2.248,2.91,2.91,m,100%,model,
jacob-elordi,9.1,m,white,validation,jacob-elordi/1.jpg,images/roster/jacob-elordi/1.jpg,1.jpg,2026-08-18T10:58:49.952Z,scored,,3.922,7.01,7.01,m,100%,model,non-standard framing (head turned (~17°)) — scored on your override; expect a rougher read.
jacob-elordi,9.1,m,white,validation,jacob-elordi/2.jpg,images/roster/jacob-elordi/2.jpg,2.jpg,2026-08-18T10:58:50.184Z,scored,,3.743,6.71,6.71,m,100%,model,non-standard framing (head turned (~14°)) — scored on your override; expect a rougher read.
jacob-elordi,9.1,m,white,validation,jacob-elordi/3.jpg,images/roster/jacob-elordi/3.jpg,3.jpg,2026-08-18T10:58:50.425Z,refused,This angle is too far off to measure — head turned (~28°). Retake facing the camera square-on.,,,,,,,
jacob-elordi,9.1,m,white,validation,jacob-elordi/4.jpg,images/roster/jacob-elordi/4.jpg,4.jpg,2026-08-18T10:58:51.036Z,scored,,3.793,6.78,6.78,m,100%,model,"small/distant face (~103px of real detail) — score is rougher than a tight, sharp headshot."
james-corden,4.0,m,white,train,james-corden/1.jpg,images/roster/james-corden/1.jpg,1.jpg,2026-08-18T10:58:51.260Z,scored,,2.865,5.57,5.57,m,100%,model,"small/distant face (~95px of real detail) — score is rougher than a tight, sharp headshot. · non-standard framing (head turned (~24°)) — scored on your override; expect a rougher read."
james-corden,4.0,m,white,train,james-corden/2.jpg,images/roster/james-corden/2.jpg,2.jpg,2026-08-18T10:58:51.479Z,scored,,2.293,3.10,3.10,m,100%,model,
james-corden,4.0,m,white,train,james-corden/3.jpg,images/roster/james-corden/3.jpg,3.jpg,2026-08-18T10:58:51.722Z,scored,,3.116,6.04,6.04,m,100%,model,
james-corden,4.0,m,white,train,james-corden/4.jpg,images/roster/james-corden/4.jpg,4.jpg,2026-08-18T10:58:51.963Z,scored,,2.267,3.00,3.00,m,100%,model,
james-corden,4.0,m,white,train,james-corden/5.jpg,images/roster/james-corden/5.jpg,5.jpg,2026-08-18T10:58:52.178Z,scored,,2.520,3.94,3.94,m,100%,model,
jason-momoa,9.0,m,mixed,train,jason-momoa/1.jpg,images/roster/jason-momoa/1.jpg,1.jpg,2026-08-18T10:58:52.399Z,scored,,3.864,6.90,6.90,m,100%,model,
jason-momoa,9.0,m,mixed,train,jason-momoa/2.jpg,images/roster/jason-momoa/2.jpg,2.jpg,2026-08-18T10:58:52.620Z,scored,,3.508,6.43,6.43,m,100%,model,
jason-momoa,9.0,m,mixed,train,jason-momoa/3.jpg,images/roster/jason-momoa/3.jpg,3.jpg,2026-08-18T10:58:52.863Z,scored,,3.953,7.09,7.09,m,100%,model,
jason-momoa,9.0,m,mixed,train,jason-momoa/4.jpg,images/roster/jason-momoa/4.jpg,4.jpg,2026-08-18T10:58:53.099Z,scored,,3.872,6.92,6.92,m,100%,model,
jason-momoa,9.0,m,mixed,train,jason-momoa/5.jpg,images/roster/jason-momoa/5.jpg,5.jpg,2026-08-18T10:58:53.367Z,scored,,3.738,6.70,6.70,m,100%,model,
jeff-bezos,3.0,m,white,holdout,jeff-bezos/4.jpg,images/roster/jeff-bezos/4.jpg,4.jpg,2026-08-18T10:58:53.589Z,scored,,3.293,6.23,6.23,m,100%,model,
jeff-bezos,3.0,m,white,holdout,jeff-bezos/5.jpg,images/roster/jeff-bezos/5.jpg,5.jpg,2026-08-18T10:58:53.818Z,scored,,2.616,4.35,4.35,m,100%,model,
jenelle-evans,5.5,f,white,train,jenelle-evans/1.jpg,images/roster/jenelle-evans/1.jpg,1.jpg,2026-08-18T10:58:54.040Z,scored,,3.298,6.24,6.24,f,100%,model,
jenelle-evans,5.5,f,white,train,jenelle-evans/2.jpg,images/roster/jenelle-evans/2.jpg,2.jpg,2026-08-18T10:58:54.252Z,refused,This angle is too far off to measure — head turned (~15°); head tilted sideways (~31°). Retake facing the camera square-on.,,,,,,,
jenelle-evans,5.5,f,white,train,jenelle-evans/3.jpg,images/roster/jenelle-evans/3.jpg,3.jpg,2026-08-18T10:58:54.842Z,scored,,3.000,5.87,5.87,f,100%,model,
jennifer-haben,8.9,f,white,train,jennifer-haben/2.jpg,images/roster/jennifer-haben/2.jpg,2.jpg,2026-08-18T10:58:55.065Z,scored,,2.857,5.55,5.55,f,74%,model,
jennifer-haben,8.9,f,white,train,jennifer-haben/4.jpg,images/roster/jennifer-haben/4.jpg,4.jpg,2026-08-18T10:58:55.286Z,refused,"No face found — try a clearer, front-facing shot.",,,,,,,
jennifer-haben,8.9,f,white,train,jennifer-haben/7.jpg,images/roster/jennifer-haben/7.jpg,7.jpg,2026-08-18T10:58:55.873Z,refused,"No face found — try a clearer, front-facing shot.",,,,,,,
jennifer-haben,8.9,f,white,train,jennifer-haben/8.jpg,images/roster/jennifer-haben/8.jpg,8.jpg,2026-08-18T10:58:56.473Z,scored,,3.828,6.83,6.83,f,100%,model,
jennifer-lawrence,8.1,f,white,holdout,jennifer-lawrence/1.jpg,images/roster/jennifer-lawrence/1.jpg,1.jpg,2026-08-18T10:58:56.707Z,scored,,3.234,6.18,6.18,f,100%,model,non-standard framing (head turned (~15°)) — scored on your override; expect a rougher read.
jennifer-lawrence,8.1,f,white,holdout,jennifer-lawrence/2.jpg,images/roster/jennifer-lawrence/2.jpg,2.jpg,2026-08-18T10:58:56.972Z,scored,,3.392,6.33,6.33,f,100%,model,non-standard framing (head turned (~20°)) — scored on your override; expect a rougher read.
jennifer-lawrence,8.1,f,white,holdout,jennifer-lawrence/5.jpg,images/roster/jennifer-lawrence/5.jpg,5.jpg,2026-08-18T10:58:57.226Z,scored,,2.980,5.83,5.83,f,100%,model,
jennifer-lawrence,8.1,f,white,holdout,jennifer-lawrence/6.jpg,images/roster/jennifer-lawrence/6.jpg,6.jpg,2026-08-18T10:58:57.451Z,scored,,3.533,6.46,6.46,f,100%,model,
jennifer-lawrence,8.1,f,white,holdout,jennifer-lawrence/7.jpg,images/roster/jennifer-lawrence/7.jpg,7.jpg,2026-08-18T10:58:57.681Z,scored,,3.787,6.77,6.77,f,100%,model,
jensen-huang,5.3,m,east-asian,holdout,jensen-huang/1.jpg,images/roster/jensen-huang/1.jpg,1.jpg,2026-08-18T10:58:57.940Z,refused,This angle is too far off to measure — head turned (~37°). Retake facing the camera square-on.,,,,,,,
jensen-huang,5.3,m,east-asian,holdout,jensen-huang/2.jpg,images/roster/jensen-huang/2.jpg,2.jpg,2026-08-18T10:58:58.560Z,refused,This angle is too far off to measure — head turned (~26°). Retake facing the camera square-on.,,,,,,,
jensen-huang,5.3,m,east-asian,holdout,jensen-huang/3.jpg,images/roster/jensen-huang/3.jpg,3.jpg,2026-08-18T10:58:59.169Z,scored,,2.596,4.26,4.26,m,100%,model,"small/distant face (~87px of real detail) — score is rougher than a tight, sharp headshot. · non-standard framing (head tilted sideways (~15°)) — scored on your override; expect a rougher read."
jensen-huang,5.3,m,east-asian,holdout,jensen-huang/4.jpg,images/roster/jensen-huang/4.jpg,4.jpg,2026-08-18T10:58:59.395Z,scored,,2.690,4.74,4.74,m,100%,model,"small/distant face (~81px of real detail) — score is rougher than a tight, sharp headshot. · non-standard framing (head turned (~21°)) — scored on your override; expect a rougher read."
jo-brand,3.0,f,white,holdout,jo-brand/2.jpg,images/roster/jo-brand/2.jpg,2.jpg,2026-08-18T10:58:59.632Z,scored,,3.528,6.45,6.45,f,99%,model,
jo-brand,3.0,f,white,holdout,jo-brand/3.jpg,images/roster/jo-brand/3.jpg,3.jpg,2026-08-18T10:58:59.880Z,scored,,3.009,5.88,5.88,f,99%,model,
jo-brand,3.0,f,white,holdout,jo-brand/4.jpg,images/roster/jo-brand/4.jpg,4.jpg,2026-08-18T10:59:00.136Z,scored,,2.889,5.64,5.64,f,100%,model,
jo-brand,3.0,f,white,holdout,jo-brand/1.jpg,images/roster/jo-brand/1.jpg,1.jpg,2026-08-18T10:59:00.383Z,scored,,4.227,8.20,8.20,m,97%,model,
jo-brand,3.0,f,white,holdout,jo-brand/5.jpg,images/roster/jo-brand/5.jpg,5.jpg,2026-08-18T10:59:00.677Z,scored,,3.223,6.16,6.16,f,99%,model,
joe-exotic,3.0,m,white,train,joe-exotic/1.jpg,images/roster/joe-exotic/1.jpg,1.jpg,2026-08-18T10:59:00.924Z,scored,,2.709,4.83,4.83,m,100%,model,non-standard framing (head tilted sideways (~15°)) — scored on your override; expect a rougher read.
joe-exotic,3.0,m,white,train,joe-exotic/3.jpg,images/roster/joe-exotic/3.jpg,3.jpg,2026-08-18T10:59:01.166Z,scored,,2.218,2.80,2.80,m,100%,model,
joe-rogan,5.5,m,white,train,joe-rogan/4.jpg,images/roster/joe-rogan/4.jpg,4.jpg,2026-08-18T10:59:01.390Z,scored,,2.852,5.53,5.53,m,100%,model,
joe-rogan,5.5,m,white,train,joe-rogan/6.jpg,images/roster/joe-rogan/6.jpg,6.jpg,2026-08-18T10:59:01.631Z,scored,,3.120,6.04,6.04,m,100%,model,
joe-rogan,5.5,m,white,train,joe-rogan/7.jpg,images/roster/joe-rogan/7.jpg,7.jpg,2026-08-18T10:59:01.898Z,scored,,3.118,6.04,6.04,m,100%,model,non-standard framing (head turned (~12°)) — scored on your override; expect a rougher read.
joe-rogan,5.5,m,white,train,joe-rogan/8.jpg,images/roster/joe-rogan/8.jpg,8.jpg,2026-08-18T10:59:02.153Z,refused,This angle is too far off to measure — head turned (~26°). Retake facing the camera square-on.,,,,,,,
john-mulaney,6.8,m,white,validation,john-mulaney/1.jpg,images/roster/john-mulaney/1.jpg,1.jpg,2026-08-18T10:59:02.775Z,scored,,3.866,6.91,6.91,m,100%,model,non-standard framing (head turned (~16°)) — scored on your override; expect a rougher read.
john-mulaney,6.8,m,white,validation,john-mulaney/2.jpg,images/roster/john-mulaney/2.jpg,2.jpg,2026-08-18T10:59:03.040Z,scored,,3.844,6.86,6.86,m,100%,model,non-standard framing (head turned (~16°)) — scored on your override; expect a rougher read.
john-mulaney,6.8,m,white,validation,john-mulaney/3.jpg,images/roster/john-mulaney/3.jpg,3.jpg,2026-08-18T10:59:03.316Z,refused,This angle is too far off to measure — head turned (~29°). Retake facing the camera square-on.,,,,,,,
john-mulaney,6.8,m,white,validation,john-mulaney/4.jpg,images/roster/john-mulaney/4.jpg,4.jpg,2026-08-18T10:59:03.925Z,refused,"No face found — try a clearer, front-facing shot.",,,,,,,
johnny-depp,9.0,m,white,holdout,johnny-depp/1.jpg,images/roster/johnny-depp/1.jpg,1.jpg,2026-08-18T10:59:04.512Z,refused,This angle is too far off to measure — head turned (~34°); head tilted sideways (~11°). Retake facing the camera square-on.,,,,,,,
johnny-depp,9.0,m,white,holdout,johnny-depp/3.jpg,images/roster/johnny-depp/3.jpg,3.jpg,2026-08-18T10:59:05.158Z,scored,,3.431,6.37,6.37,m,100%,model,"small/distant face (~91px of real detail) — score is rougher than a tight, sharp headshot. · non-standard framing (head tilted sideways (~16°)) — scored on your override; expect a rougher read."
johnny-depp,9.0,m,white,holdout,johnny-depp/5.jpg,images/roster/johnny-depp/5.jpg,5.jpg,2026-08-18T10:59:05.395Z,scored,,3.970,7.14,7.14,m,100%,model,
johnny-depp,9.0,m,white,holdout,johnny-depp/6.jpg,images/roster/johnny-depp/6.jpg,6.jpg,2026-08-18T10:59:05.630Z,scored,,3.669,6.61,6.61,m,100%,model,
johnny-depp,9.0,m,white,holdout,johnny-depp/7.jpg,images/roster/johnny-depp/7.jpg,7.jpg,2026-08-18T10:59:05.883Z,scored,,4.219,8.17,8.17,m,100%,model,
jon-gosselin,4.5,m,mixed,train,jon-gosselin/2.jpg,images/roster/jon-gosselin/2.jpg,2.jpg,2026-08-18T10:59:06.140Z,scored,,2.776,5.20,5.20,m,100%,model,
jon-gosselin,4.5,m,mixed,train,jon-gosselin/3.jpg,images/roster/jon-gosselin/3.jpg,3.jpg,2026-08-18T10:59:06.392Z,scored,,2.402,3.47,3.47,m,100%,model,non-standard framing (head turned (~14°)) — scored on your override; expect a rougher read.
jon-gosselin,4.5,m,mixed,train,jon-gosselin/4.jpg,images/roster/jon-gosselin/4.jpg,4.jpg,2026-08-18T10:59:06.636Z,scored,,2.604,4.29,4.29,m,100%,model,non-standard framing (head turned (~16°)) — scored on your override; expect a rougher read.
jon-gosselin,4.5,m,mixed,train,jon-gosselin/5.jpg,images/roster/jon-gosselin/5.jpg,5.jpg,2026-08-18T10:59:06.883Z,scored,,2.776,5.20,5.20,m,100%,model,
jonah-hill,5.5,m,white,train,jonah-hill/4.jpg,images/roster/jonah-hill/4.jpg,4.jpg,2026-08-18T10:59:07.136Z,scored,,3.804,6.79,6.79,m,100%,model,
jonah-hill,5.5,m,white,train,jonah-hill/5.jpg,images/roster/jonah-hill/5.jpg,5.jpg,2026-08-18T10:59:07.410Z,scored,,3.282,6.22,6.22,m,100%,model,
jonah-hill,5.5,m,white,train,jonah-hill/6.jpg,images/roster/jonah-hill/6.jpg,6.jpg,2026-08-18T10:59:07.646Z,scored,,3.165,6.10,6.10,m,97%,model,
jonah-hill,5.5,m,white,train,jonah-hill/7.jpg,images/roster/jonah-hill/7.jpg,7.jpg,2026-08-18T10:59:07.883Z,scored,,3.032,5.92,5.92,m,100%,model,non-standard framing (head turned (~17°)) — scored on your override; expect a rougher read.
jonah-hill,5.5,m,white,train,jonah-hill/8.jpg,images/roster/jonah-hill/8.jpg,8.jpg,2026-08-18T10:59:08.138Z,scored,,3.330,6.26,6.26,m,100%,model,
jordan-peterson,6.2,m,white,holdout,jordan-peterson/1.jpg,images/roster/jordan-peterson/1.jpg,1.jpg,2026-08-18T10:59:08.380Z,scored,,3.375,6.31,6.31,m,100%,model,"small/distant face (~105px of real detail) — score is rougher than a tight, sharp headshot. · non-standard framing (head tilted sideways (~16°)) — scored on your override; expect a rougher read."
jordan-peterson,6.2,m,white,holdout,jordan-peterson/2.jpg,images/roster/jordan-peterson/2.jpg,2.jpg,2026-08-18T10:59:08.638Z,refused,"No face found — try a clearer, front-facing shot.",,,,,,,
jordan-peterson,6.2,m,white,holdout,jordan-peterson/3.jpg,images/roster/jordan-peterson/3.jpg,3.jpg,2026-08-18T10:59:09.274Z,refused,This angle is too far off to measure — head turned (~30°). Retake facing the camera square-on.,,,,,,,
jordan-peterson,6.2,m,white,holdout,jordan-peterson/4.jpg,images/roster/jordan-peterson/4.jpg,4.jpg,2026-08-18T10:59:09.875Z,scored,,2.503,3.87,3.87,m,100%,model,"small/distant face (~105px of real detail) — score is rougher than a tight, sharp headshot. · non-standard framing (head turned (~18°)) — scored on your override; expect a rougher read."
jungkook,8.0,m,east-asian,train,jungkook/1.jpg,images/roster/jungkook/1.jpg,1.jpg,2026-08-18T10:59:10.131Z,scored,,4.060,7.48,7.48,f,63%,model,
jungkook,8.0,m,east-asian,train,jungkook/2.jpg,images/roster/jungkook/2.jpg,2.jpg,2026-08-18T10:59:10.376Z,scored,,3.614,6.55,6.55,m,93%,model,non-standard framing (head turned (~19°)) — scored on your override; expect a rougher read.
jungkook,8.0,m,east-asian,train,jungkook/3.jpg,images/roster/jungkook/3.jpg,3.jpg,2026-08-18T10:59:10.618Z,scored,,4.060,7.48,7.48,m,62%,model,non-standard framing (head turned (~22°)) — scored on your override; expect a rougher read.
jungkook,8.0,m,east-asian,train,jungkook/4.jpg,images/roster/jungkook/4.jpg,4.jpg,2026-08-18T10:59:10.877Z,refused,This angle is too far off to measure — head turned (~33°). Retake facing the camera square-on.,,,,,,,
jungkook,8.0,m,east-asian,train,jungkook/5.jpg,images/roster/jungkook/5.jpg,5.jpg,2026-08-18T10:59:11.506Z,scored,,3.324,6.26,6.26,f,96%,model,non-standard framing (head turned (~22°)) — scored on your override; expect a rougher read.
justin-bieber,7.5,m,white,train,justin-bieber/1.jpg,images/roster/justin-bieber/1.jpg,1.jpg,2026-08-18T10:59:11.752Z,scored,,3.913,6.99,6.99,m,100%,model,
justin-bieber,7.5,m,white,train,justin-bieber/2.jpg,images/roster/justin-bieber/2.jpg,2.jpg,2026-08-18T10:59:11.997Z,scored,,3.332,6.27,6.27,m,100%,model,non-standard framing (head turned (~13°)) — scored on your override; expect a rougher read.
justin-bieber,7.5,m,white,train,justin-bieber/3.jpg,images/roster/justin-bieber/3.jpg,3.jpg,2026-08-18T10:59:12.241Z,scored,,3.012,5.89,5.89,m,100%,model,non-standard framing (head turned (~17°)) — scored on your override; expect a rougher read.
justin-bieber,7.5,m,white,train,justin-bieber/5.jpg,images/roster/justin-bieber/5.jpg,5.jpg,2026-08-18T10:59:12.485Z,scored,,4.099,7.60,7.60,m,100%,model,
justin-bieber,7.5,m,white,train,justin-bieber/6.jpg,images/roster/justin-bieber/6.jpg,6.jpg,2026-08-18T10:59:12.760Z,refused,This angle is too far off to measure — head turned (~27°); head tilted sideways (~12°). Retake facing the camera square-on.,,,,,,,
kai-cenat,6.3,m,black,train,kai-cenat/1.jpg,images/roster/kai-cenat/1.jpg,1.jpg,2026-08-18T10:59:13.397Z,refused,This angle is too far off to measure — head turned (~27°). Retake facing the camera square-on.,,,,,,,
kai-cenat,6.3,m,black,train,kai-cenat/2.jpg,images/roster/kai-cenat/2.jpg,2.jpg,2026-08-18T10:59:14.019Z,scored,,2.648,4.53,4.53,f,81%,model,"small/distant face (~104px of real detail) — score is rougher than a tight, sharp headshot."
kanye-west,6.0,m,black,holdout,kanye-west/1.jpg,images/roster/kanye-west/1.jpg,1.jpg,2026-08-18T10:59:14.278Z,refused,"No face found — try a clearer, front-facing shot.",,,,,,,
kanye-west,6.0,m,black,holdout,kanye-west/2.jpg,images/roster/kanye-west/2.jpg,2.jpg,2026-08-18T10:59:14.895Z,refused,"No face found — try a clearer, front-facing shot.",,,,,,,
kanye-west,6.0,m,black,holdout,kanye-west/3.jpg,images/roster/kanye-west/3.jpg,3.jpg,2026-08-18T10:59:15.499Z,scored,,3.591,6.52,6.52,m,100%,model,
kanye-west,6.0,m,black,holdout,kanye-west/4.jpg,images/roster/kanye-west/4.jpg,4.jpg,2026-08-18T10:59:15.754Z,scored,,2.634,4.44,4.44,m,100%,model,"small/distant face (~90px of real detail) — score is rougher than a tight, sharp headshot. · non-standard framing (head tilted sideways (~16°)) — scored on your override; expect a rougher read."
kato-kaelin,5.0,m,white,train,kato-kaelin/1.jpg,images/roster/kato-kaelin/1.jpg,1.jpg,2026-08-18T10:59:16.004Z,scored,,2.881,5.62,5.62,m,100%,model,
kato-kaelin,5.0,m,white,train,kato-kaelin/2.jpg,images/roster/kato-kaelin/2.jpg,2.jpg,2026-08-18T10:59:16.288Z,refused,"No face found — try a clearer, front-facing shot.",,,,,,,
kato-kaelin,5.0,m,white,train,kato-kaelin/3.jpg,images/roster/kato-kaelin/3.jpg,3.jpg,2026-08-18T10:59:16.914Z,scored,,2.497,3.84,3.84,m,100%,model,
kato-kaelin,5.0,m,white,train,kato-kaelin/4.jpg,images/roster/kato-kaelin/4.jpg,4.jpg,2026-08-18T10:59:17.177Z,scored,,2.517,3.93,3.93,m,100%,model,
kato-kaelin,5.0,m,white,train,kato-kaelin/5.jpg,images/roster/kato-kaelin/5.jpg,5.jpg,2026-08-18T10:59:17.427Z,scored,,2.140,2.56,2.56,m,100%,model,
keanu-reeves,8.5,m,mixed,train,keanu-reeves/1.jpg,images/roster/keanu-reeves/1.jpg,1.jpg,2026-08-18T10:59:17.684Z,scored,,4.302,8.61,8.61,m,100%,model,
keanu-reeves,8.5,m,mixed,train,keanu-reeves/2.jpg,images/roster/keanu-reeves/2.jpg,2.jpg,2026-08-18T10:59:17.936Z,scored,,4.124,7.71,7.71,m,100%,model,non-standard framing (head tilted sideways (~10°)) — scored on your override; expect a rougher read.
keanu-reeves,8.5,m,mixed,train,keanu-reeves/4.jpg,images/roster/keanu-reeves/4.jpg,4.jpg,2026-08-18T10:59:18.184Z,scored,,3.690,6.63,6.63,m,100%,model,
keanu-reeves,8.5,m,mixed,train,keanu-reeves/5.jpg,images/roster/keanu-reeves/5.jpg,5.jpg,2026-08-18T10:59:18.455Z,scored,,3.037,5.93,5.93,m,100%,model,
keira-metz,8.0,f,white,train,keira-metz/1.jpg,images/roster/keira-metz/1.jpg,1.jpg,2026-08-18T10:59:18.725Z,refused,This angle is too far off to measure — head turned (~29°); head tilted sideways (~19°). Retake facing the camera square-on.,,,,,,,
keira-metz,8.0,f,white,train,keira-metz/2.jpg,images/roster/keira-metz/2.jpg,2.jpg,2026-08-18T10:59:19.349Z,refused,This angle is too far off to measure — head turned (~30°); head tilted sideways (~12°). Retake facing the camera square-on.,,,,,,,
keira-metz,8.0,f,white,train,keira-metz/3.jpg,images/roster/keira-metz/3.jpg,3.jpg,2026-08-18T10:59:19.964Z,refused,This angle is too far off to measure — head turned (~26°); head tilted sideways (~19°). Retake facing the camera square-on.,,,,,,,
keira-metz,8.0,f,white,train,keira-metz/4.jpg,images/roster/keira-metz/4.jpg,4.jpg,2026-08-18T10:59:20.568Z,refused,This angle is too far off to measure — head turned (~29°); head tilted sideways (~16°). Retake facing the camera square-on.,,,,,,,
keira-metz,8.0,f,white,train,keira-metz/5.jpg,images/roster/keira-metz/5.jpg,5.jpg,2026-08-18T10:59:21.187Z,scored,,3.904,6.98,6.98,f,100%,model,non-standard framing (head turned (~20°); head tilted sideways (~21°)) — scored on your override; expect a rougher read.
kendrick-lamar,6.1,m,black,validation,kendrick-lamar/1.jpg,images/roster/kendrick-lamar/1.jpg,1.jpg,2026-08-18T10:59:21.428Z,refused,This angle is too far off to measure — head turned (~39°); head tilted sideways (~21°). Retake facing the camera square-on.,,,,,,,
kendrick-lamar,6.1,m,black,validation,kendrick-lamar/2.jpg,images/roster/kendrick-lamar/2.jpg,2.jpg,2026-08-18T10:59:22.056Z,refused,"No face found — try a clearer, front-facing shot.",,,,,,,
kendrick-lamar,6.1,m,black,validation,kendrick-lamar/3.jpg,images/roster/kendrick-lamar/3.jpg,3.jpg,2026-08-18T10:59:22.659Z,scored,,1.655,1.83,1.83,f,88%,model,
kendrick-lamar,6.1,m,black,validation,kendrick-lamar/4.jpg,images/roster/kendrick-lamar/4.jpg,4.jpg,2026-08-18T10:59:22.916Z,scored,,1.887,2.11,2.11,m,100%,model,"small/distant face (~85px of real detail) — score is rougher than a tight, sharp headshot. · non-standard framing (head tilted sideways (~12°)) — scored on your override; expect a rougher read."
kevin-federline,5.5,m,white,holdout,kevin-federline/3.jpg,images/roster/kevin-federline/3.jpg,3.jpg,2026-08-18T10:59:23.185Z,scored,,3.177,6.11,6.11,m,100%,model,non-standard framing (head turned (~19°)) — scored on your override; expect a rougher read.
kevin-federline,5.5,m,white,holdout,kevin-federline/4.jpg,images/roster/kevin-federline/4.jpg,4.jpg,2026-08-18T10:59:23.448Z,scored,,3.058,5.96,5.96,m,100%,model,
kevin-federline,5.5,m,white,holdout,kevin-federline/5.jpg,images/roster/kevin-federline/5.jpg,5.jpg,2026-08-18T10:59:23.727Z,scored,,2.817,5.39,5.39,m,100%,model,
kevin-hart,5.6,m,black,train,kevin-hart/1.jpg,images/roster/kevin-hart/1.jpg,1.jpg,2026-08-18T10:59:24.034Z,refused,"No face found — try a clearer, front-facing shot.",,,,,,,
kevin-hart,5.6,m,black,train,kevin-hart/2.jpg,images/roster/kevin-hart/2.jpg,2.jpg,2026-08-18T10:59:24.649Z,refused,"No face found — try a clearer, front-facing shot.",,,,,,,
kevin-hart,5.6,m,black,train,kevin-hart/3.jpg,images/roster/kevin-hart/3.jpg,3.jpg,2026-08-18T10:59:25.255Z,refused,"No face found — try a clearer, front-facing shot.",,,,,,,
kevin-hart,5.6,m,black,train,kevin-hart/4.jpg,images/roster/kevin-hart/4.jpg,4.jpg,2026-08-18T10:59:25.842Z,refused,"No face found — try a clearer, front-facing shot.",,,,,,,
kim-kardashian,8.5,f,white,train,kim-kardashian/1.jpg,images/roster/kim-kardashian/1.jpg,1.jpg,2026-08-18T10:59:26.437Z,scored,,3.574,6.50,6.50,f,100%,model,"small/distant face (~63px of real detail) — score is rougher than a tight, sharp headshot."
kim-kardashian,8.5,f,white,train,kim-kardashian/2.jpg,images/roster/kim-kardashian/2.jpg,2.jpg,2026-08-18T10:59:26.698Z,scored,,2.849,5.52,5.52,f,99%,model,non-standard framing (head turned (~23°)) — scored on your override; expect a rougher read.
kim-kardashian,8.5,f,white,train,kim-kardashian/3.jpg,images/roster/kim-kardashian/3.jpg,3.jpg,2026-08-18T10:59:26.926Z,scored,,3.647,6.59,6.59,f,100%,model,"small/distant face (~79px of real detail) — score is rougher than a tight, sharp headshot."
kim-kardashian,8.5,f,white,train,kim-kardashian/4.jpg,images/roster/kim-kardashian/4.jpg,4.jpg,2026-08-18T10:59:27.185Z,refused,This angle is too far off to measure — head turned (~26°). Retake facing the camera square-on.,,,,,,,
kim-kardashian,8.5,f,white,train,kim-kardashian/5.jpg,images/roster/kim-kardashian/5.jpg,5.jpg,2026-08-18T10:59:27.846Z,scored,,3.855,6.89,6.89,f,100%,model,
ksi,6.8,m,black,train,ksi/1.jpg,images/roster/ksi/1.jpg,1.jpg,2026-08-18T10:59:28.104Z,scored,,2.978,5.83,5.83,m,95%,model,"small/distant face (~108px of real detail) — score is rougher than a tight, sharp headshot."
ksi,6.8,m,black,train,ksi/2.jpg,images/roster/ksi/2.jpg,2.jpg,2026-08-18T10:59:28.365Z,scored,,2.598,4.27,4.27,m,82%,model,"small/distant face (~56px of real detail) — score is rougher than a tight, sharp headshot."
kumail-nanjiani,6.4,m,south-asian,holdout,kumail-nanjiani/1.jpg,images/roster/kumail-nanjiani/1.jpg,1.jpg,2026-08-18T10:59:28.604Z,scored,,3.183,6.12,6.12,m,100%,model,non-standard framing (head tilted sideways (~19°)) — scored on your override; expect a rougher read.
kumail-nanjiani,6.4,m,south-asian,holdout,kumail-nanjiani/2.jpg,images/roster/kumail-nanjiani/2.jpg,2.jpg,2026-08-18T10:59:28.865Z,refused,This angle is too far off to measure — head turned (~48°). Retake facing the camera square-on.,,,,,,,
kumail-nanjiani,6.4,m,south-asian,holdout,kumail-nanjiani/3.jpg,images/roster/kumail-nanjiani/3.jpg,3.jpg,2026-08-18T10:59:29.497Z,scored,,3.414,6.35,6.35,m,100%,model,non-standard framing (head turned (~22°)) — scored on your override; expect a rougher read.
kumail-nanjiani,6.4,m,south-asian,holdout,kumail-nanjiani/4.jpg,images/roster/kumail-nanjiani/4.jpg,4.jpg,2026-08-18T10:59:29.773Z,scored,,4.063,7.49,7.49,m,100%,model,non-standard framing (head turned (~24°)) — scored on your override; expect a rougher read.
kylie-jenner,7.5,f,white,validation,kylie-jenner/1.jpg,images/roster/kylie-jenner/1.jpg,1.jpg,2026-08-18T10:59:30.026Z,scored,,3.862,6.90,6.90,f,100%,model,
kylie-jenner,7.5,f,white,validation,kylie-jenner/2.jpg,images/roster/kylie-jenner/2.jpg,2.jpg,2026-08-18T10:59:30.294Z,scored,,3.351,6.28,6.28,m,51%,model,
kylie-jenner,7.5,f,white,validation,kylie-jenner/4.jpg,images/roster/kylie-jenner/4.jpg,4.jpg,2026-08-18T10:59:30.535Z,scored,,4.044,7.42,7.42,f,100%,model,non-standard framing (head turned (~14°)) — scored on your override; expect a rougher read.
kylie-jenner,7.5,f,white,validation,kylie-jenner/5.jpg,images/roster/kylie-jenner/5.jpg,5.jpg,2026-08-18T10:59:30.796Z,scored,,2.551,4.08,4.08,f,99%,model,non-standard framing (head turned (~21°)) — scored on your override; expect a rougher read.
kylie-jenner,7.5,f,white,validation,kylie-jenner/6.jpg,images/roster/kylie-jenner/6.jpg,6.jpg,2026-08-18T10:59:31.064Z,scored,,4.076,7.52,7.52,f,100%,model,
lana-condor,8.0,f,east-asian,validation,lana-condor/3.jpg,images/roster/lana-condor/3.jpg,3.jpg,2026-08-18T10:59:31.328Z,scored,,3.476,6.41,6.41,f,100%,model,
lana-condor,8.0,f,east-asian,validation,lana-condor/6.jpg,images/roster/lana-condor/6.jpg,6.jpg,2026-08-18T10:59:31.583Z,scored,,3.094,6.01,6.01,f,99%,model,non-standard framing (head turned (~24°)) — scored on your override; expect a rougher read.
lana-condor,8.0,f,east-asian,validation,lana-condor/7.jpg,images/roster/lana-condor/7.jpg,7.jpg,2026-08-18T10:59:31.850Z,scored,,3.837,6.85,6.85,f,100%,model,
lana-condor,8.0,f,east-asian,validation,lana-condor/8.jpg,images/roster/lana-condor/8.jpg,8.jpg,2026-08-18T10:59:32.126Z,scored,,3.198,6.14,6.14,f,100%,model,
lana-condor,8.0,f,east-asian,validation,lana-condor/9.jpg,images/roster/lana-condor/9.jpg,9.jpg,2026-08-18T10:59:32.386Z,scored,,2.486,3.78,3.78,f,100%,model,
lebron-james,7.0,m,black,validation,lebron-james/1.jpg,images/roster/lebron-james/1.jpg,1.jpg,2026-08-18T10:59:32.643Z,scored,,3.118,6.04,6.04,m,100%,model,non-standard framing (head tilted sideways (~12°)) — scored on your override; expect a rougher read.
lebron-james,7.0,m,black,validation,lebron-james/2.jpg,images/roster/lebron-james/2.jpg,2.jpg,2026-08-18T10:59:32.908Z,scored,,2.894,5.65,5.65,m,100%,model,
lebron-james,7.0,m,black,validation,lebron-james/3.jpg,images/roster/lebron-james/3.jpg,3.jpg,2026-08-18T10:59:33.171Z,refused,"No face found — try a clearer, front-facing shot.",,,,,,,
lebron-james,7.0,m,black,validation,lebron-james/4.jpg,images/roster/lebron-james/4.jpg,4.jpg,2026-08-18T10:59:33.786Z,refused,"No face found — try a clearer, front-facing shot.",,,,,,,
lebron-james,7.0,m,black,validation,lebron-james/5.jpg,images/roster/lebron-james/5.jpg,5.jpg,2026-08-18T10:59:34.386Z,scored,,2.054,2.25,2.25,m,100%,model,
lena-dunham,3.5,f,white,validation,lena-dunham/1.jpg,images/roster/lena-dunham/1.jpg,1.jpg,2026-08-18T10:59:34.646Z,scored,,2.991,5.85,5.85,f,63%,model,"small/distant face (~101px of real detail) — score is rougher than a tight, sharp headshot. · non-standard framing (head tilted sideways (~11°)) — scored on your override; expect a rougher read."
lena-dunham,3.5,f,white,validation,lena-dunham/3.jpg,images/roster/lena-dunham/3.jpg,3.jpg,2026-08-18T10:59:34.902Z,scored,,2.910,5.69,5.69,f,100%,model,non-standard framing (head tilted sideways (~15°)) — scored on your override; expect a rougher read.
lena-dunham,3.5,f,white,validation,lena-dunham/4.jpg,images/roster/lena-dunham/4.jpg,4.jpg,2026-08-18T10:59:35.181Z,scored,,4.000,7.24,7.24,f,98%,model,
lena-dunham,3.5,f,white,validation,lena-dunham/5.jpg,images/roster/lena-dunham/5.jpg,5.jpg,2026-08-18T10:59:35.449Z,scored,,3.806,6.80,6.80,f,99%,model,non-standard framing (head turned (~16°)) — scored on your override; expect a rougher read.
lena-dunham,3.5,f,white,validation,lena-dunham/6.jpg,images/roster/lena-dunham/6.jpg,6.jpg,2026-08-18T10:59:35.700Z,scored,,4.002,7.25,7.25,f,99%,model,non-standard framing (head tilted sideways (~11°)) — scored on your override; expect a rougher read.
leonardo-dicaprio,9.3,m,white,train,leonardo-dicaprio/1.jpg,images/roster/leonardo-dicaprio/1.jpg,1.jpg,2026-08-18T10:59:35.971Z,scored,,2.719,4.88,4.88,m,100%,model,
leonardo-dicaprio,9.3,m,white,train,leonardo-dicaprio/2.jpg,images/roster/leonardo-dicaprio/2.jpg,2.jpg,2026-08-18T10:59:36.242Z,scored,,3.711,6.66,6.66,m,100%,model,
leonardo-dicaprio,9.3,m,white,train,leonardo-dicaprio/3.jpg,images/roster/leonardo-dicaprio/3.jpg,3.jpg,2026-08-18T10:59:36.504Z,scored,,2.849,5.52,5.52,m,100%,model,non-standard framing (head tilted sideways (~17°)) — scored on your override; expect a rougher read.
leonardo-dicaprio,9.3,m,white,train,leonardo-dicaprio/4.jpg,images/roster/leonardo-dicaprio/4.jpg,4.jpg,2026-08-18T10:59:36.770Z,scored,,2.767,5.15,5.15,m,100%,model,
lewis-capaldi,4.8,m,white,validation,lewis-capaldi/1.jpg,images/roster/lewis-capaldi/1.jpg,1.jpg,2026-08-18T10:59:37.050Z,scored,,3.629,6.57,6.57,m,63%,model,non-standard framing (head turned (~23°)) — scored on your override; expect a rougher read.
lewis-capaldi,4.8,m,white,validation,lewis-capaldi/2.jpg,images/roster/lewis-capaldi/2.jpg,2.jpg,2026-08-18T10:59:37.308Z,scored,,3.744,6.71,6.71,m,91%,model,
lewis-capaldi,4.8,m,white,validation,lewis-capaldi/3.jpg,images/roster/lewis-capaldi/3.jpg,3.jpg,2026-08-18T10:59:37.594Z,refused,This angle is too far off to measure — head turned (~55°); head tilted sideways (~15°). Retake facing the camera square-on.,,,,,,,
lewis-capaldi,4.8,m,white,validation,lewis-capaldi/4.jpg,images/roster/lewis-capaldi/4.jpg,4.jpg,2026-08-18T10:59:38.216Z,refused,"No face found — try a clearer, front-facing shot.",,,,,,,
lilypichu,7.0,f,east-asian,train,lilypichu/1.jpg,images/roster/lilypichu/1.jpg,1.jpg,2026-08-18T10:59:38.832Z,scored,,3.062,5.96,5.96,f,100%,model,non-standard framing (head turned (~13°); head tilted sideways (~13°)) — scored on your override; expect a rougher read.
lilypichu,7.0,f,east-asian,train,lilypichu/2.jpg,images/roster/lilypichu/2.jpg,2.jpg,2026-08-18T10:59:39.081Z,refused,This angle is too far off to measure — head turned (~28°). Retake facing the camera square-on.,,,,,,,
lilypichu,7.0,f,east-asian,train,lilypichu/3.jpg,images/roster/lilypichu/3.jpg,3.jpg,2026-08-18T10:59:39.709Z,scored,,3.938,7.05,7.05,f,100%,model,non-standard framing (head turned (~16°)) — scored on your override; expect a rougher read.
lionel-messi,6.5,m,latino,train,lionel-messi/1.jpg,images/roster/lionel-messi/1.jpg,1.jpg,2026-08-18T10:59:39.989Z,scored,,2.987,5.85,5.85,m,100%,model,non-standard framing (head turned (~13°)) — scored on your override; expect a rougher read.
lionel-messi,6.5,m,latino,train,lionel-messi/2.jpg,images/roster/lionel-messi/2.jpg,2.jpg,2026-08-18T10:59:40.282Z,refused,This angle is too far off to measure — head turned (~29°). Retake facing the camera square-on.,,,,,,,
lionel-messi,6.5,m,latino,train,lionel-messi/3.jpg,images/roster/lionel-messi/3.jpg,3.jpg,2026-08-18T10:59:40.922Z,scored,,3.150,6.08,6.08,m,100%,model,
lionel-messi,6.5,m,latino,train,lionel-messi/4.jpg,images/roster/lionel-messi/4.jpg,4.jpg,2026-08-18T10:59:41.167Z,scored,,2.878,5.61,5.61,m,100%,model,non-standard framing (head turned (~15°)) — scored on your override; expect a rougher read.
lionel-messi,6.5,m,latino,train,lionel-messi/5.jpg,images/roster/lionel-messi/5.jpg,5.jpg,2026-08-18T10:59:41.428Z,scored,,3.759,6.73,6.73,m,100%,model,
lisa-blackpink,8.9,f,east-asian,validation,lisa-blackpink/1.jpg,images/roster/lisa-blackpink/1.jpg,1.jpg,2026-08-18T10:59:41.697Z,scored,,3.655,6.60,6.60,f,100%,model,non-standard framing (head turned (~24°)) — scored on your override; expect a rougher read.
lisa-blackpink,8.9,f,east-asian,validation,lisa-blackpink/2.jpg,images/roster/lisa-blackpink/2.jpg,2.jpg,2026-08-18T10:59:41.963Z,scored,,3.744,6.71,6.71,f,100%,model,non-standard framing (head turned (~17°); head tilted sideways (~13°)) — scored on your override; expect a rougher read.
lisa-blackpink,8.9,f,east-asian,validation,lisa-blackpink/3.jpg,images/roster/lisa-blackpink/3.jpg,3.jpg,2026-08-18T10:59:42.251Z,refused,"No face found — try a clearer, front-facing shot.",,,,,,,
lizzo,5.0,f,black,train,lizzo/1.jpg,images/roster/lizzo/1.jpg,1.jpg,2026-08-18T10:59:42.859Z,scored,,2.554,4.09,4.09,f,100%,model,non-standard framing (head turned (~18°)) — scored on your override; expect a rougher read.
lizzo,5.0,f,black,train,lizzo/2.jpg,images/roster/lizzo/2.jpg,2.jpg,2026-08-18T10:59:43.135Z,refused,"No face found — try a clearer, front-facing shot.",,,,,,,
lizzo,5.0,f,black,train,lizzo/3.jpg,images/roster/lizzo/3.jpg,3.jpg,2026-08-18T10:59:43.815Z,scored,,2.734,4.96,4.96,f,100%,model,
lizzo,5.0,f,black,train,lizzo/5.jpg,images/roster/lizzo/5.jpg,5.jpg,2026-08-18T10:59:44.080Z,scored,,2.697,4.77,4.77,f,100%,model,non-standard framing (head turned (~17°)) — scored on your override; expect a rougher read.
logan-paul,7.3,m,white,train,logan-paul/1.jpg,images/roster/logan-paul/1.jpg,1.jpg,2026-08-18T10:59:44.342Z,scored,,2.859,5.55,5.55,m,100%,model,non-standard framing (head turned (~22°)) — scored on your override; expect a rougher read.
logan-paul,7.3,m,white,train,logan-paul/2.jpg,images/roster/logan-paul/2.jpg,2.jpg,2026-08-18T10:59:44.629Z,scored,,3.239,6.18,6.18,m,97%,model,
logan-paul,7.3,m,white,train,logan-paul/3.jpg,images/roster/logan-paul/3.jpg,3.jpg,2026-08-18T10:59:44.895Z,refused,"No face found — try a clearer, front-facing shot.",,,,,,,
logan-paul,7.3,m,white,train,logan-paul/4.jpg,images/roster/logan-paul/4.jpg,4.jpg,2026-08-18T10:59:45.506Z,refused,This angle is too far off to measure — head turned (~28°). Retake facing the camera square-on.,,,,,,,
mama-june,3.5,f,white,validation,mama-june/2.jpg,images/roster/mama-june/2.jpg,2.jpg,2026-08-18T10:59:46.124Z,scored,,2.534,4.01,4.01,f,100%,model,
mama-june,3.5,f,white,validation,mama-june/5.jpg,images/roster/mama-june/5.jpg,5.jpg,2026-08-18T10:59:46.367Z,scored,,3.118,6.04,6.04,f,100%,model,
mama-june,3.5,f,white,validation,mama-june/3.jpg,images/roster/mama-june/3.jpg,3.jpg,2026-08-18T10:59:46.621Z,scored,,3.793,6.78,6.78,f,100%,model,"small/distant face (~142px of real detail) — score is rougher than a tight, sharp headshot."
mama-june,3.5,f,white,validation,mama-june/4.jpg,images/roster/mama-june/4.jpg,4.jpg,2026-08-18T10:59:46.926Z,scored,,3.031,5.92,5.92,f,100%,model,
mama-june,3.5,f,white,validation,mama-june/6.jpg,images/roster/mama-june/6.jpg,6.jpg,2026-08-18T10:59:47.214Z,scored,,3.497,6.42,6.42,f,100%,model,non-standard framing (head turned (~15°)) — scored on your override; expect a rougher read.
margot-robbie,9.5,f,white,train,margot-robbie/2.jpg,images/roster/margot-robbie/2.jpg,2.jpg,2026-08-18T10:59:47.499Z,scored,,3.408,6.34,6.34,f,100%,model,
margot-robbie,9.5,f,white,train,margot-robbie/3.jpg,images/roster/margot-robbie/3.jpg,3.jpg,2026-08-18T10:59:47.792Z,scored,,3.228,6.17,6.17,f,100%,model,non-standard framing (head turned (~15°)) — scored on your override; expect a rougher read.
margot-robbie,9.5,f,white,train,margot-robbie/4.jpg,images/roster/margot-robbie/4.jpg,4.jpg,2026-08-18T10:59:48.084Z,scored,,3.101,6.02,6.02,f,100%,model,
margot-robbie,9.5,f,white,train,margot-robbie/5.jpg,images/roster/margot-robbie/5.jpg,5.jpg,2026-08-18T10:59:48.359Z,scored,,3.718,6.67,6.67,f,100%,model,
margot-robbie,9.5,f,white,train,margot-robbie/6.jpg,images/roster/margot-robbie/6.jpg,6.jpg,2026-08-18T10:59:48.627Z,scored,,3.154,6.09,6.09,f,100%,model,
marina-laswick,8.9,f,white,train,marina-laswick/2.jpg,images/roster/marina-laswick/2.jpg,2.jpg,2026-08-18T10:59:48.906Z,refused,This angle is too far off to measure — head turned (~27°). Retake facing the camera square-on.,,,,,,,
marina-laswick,8.9,f,white,train,marina-laswick/4.jpg,images/roster/marina-laswick/4.jpg,4.jpg,2026-08-18T10:59:49.548Z,scored,,4.230,8.21,8.21,f,100%,model,non-standard framing (head turned (~20°); head tilted sideways (~10°)) — scored on your override; expect a rougher read.
marina-laswick,8.9,f,white,train,marina-laswick/5.jpg,images/roster/marina-laswick/5.jpg,5.jpg,2026-08-18T10:59:49.815Z,scored,,3.913,6.99,6.99,f,100%,model,non-standard framing (head turned (~13°); head tilted sideways (~11°)) — scored on your override; expect a rougher read.
mark-zuckerberg,3.5,m,white,train,mark-zuckerberg/3.jpg,images/roster/mark-zuckerberg/3.jpg,3.jpg,2026-08-18T10:59:50.100Z,scored,,3.295,6.23,6.23,m,100%,model,"small/distant face (~128px of real detail) — score is rougher than a tight, sharp headshot. · non-standard framing (head turned (~25°)) — scored on your override; expect a rougher read."
mark-zuckerberg,3.5,m,white,train,mark-zuckerberg/5.jpg,images/roster/mark-zuckerberg/5.jpg,5.jpg,2026-08-18T10:59:50.365Z,scored,,3.429,6.36,6.36,m,100%,model,non-standard framing (head turned (~17°)) — scored on your override; expect a rougher read.
mark-zuckerberg,3.5,m,white,train,mark-zuckerberg/6.jpg,images/roster/mark-zuckerberg/6.jpg,6.jpg,2026-08-18T10:59:50.620Z,scored,,3.637,6.58,6.58,m,93%,model,
mark-zuckerberg,3.5,m,white,train,mark-zuckerberg/7.jpg,images/roster/mark-zuckerberg/7.jpg,7.jpg,2026-08-18T10:59:50.889Z,scored,,3.199,6.14,6.14,m,100%,model,
mark-zuckerberg,3.5,m,white,train,mark-zuckerberg/8.jpg,images/roster/mark-zuckerberg/8.jpg,8.jpg,2026-08-18T10:59:51.178Z,scored,,3.433,6.37,6.37,m,89%,model,
martin-shkreli,4.0,m,white,train,martin-shkreli/4.jpg,images/roster/martin-shkreli/4.jpg,4.jpg,2026-08-18T10:59:51.455Z,scored,,3.609,6.54,6.54,m,100%,model,non-standard framing (head turned (~23°); head tilted sideways (~16°)) — scored on your override; expect a rougher read.
martin-shkreli,4.0,m,white,train,martin-shkreli/5.jpg,images/roster/martin-shkreli/5.jpg,5.jpg,2026-08-18T10:59:51.747Z,scored,,2.985,5.84,5.84,m,100%,model,non-standard framing (head tilted sideways (~12°)) — scored on your override; expect a rougher read.
marz,7.8,f,white,train,marz/1.jpg,images/roster/marz/1.jpg,1.jpg,2026-08-18T10:59:52.019Z,scored,,3.900,6.97,6.97,f,100%,model,non-standard framing (head turned (~18°); head tilted sideways (~10°)) — scored on your override; expect a rougher read.
marz,7.8,f,white,train,marz/4.jpg,images/roster/marz/4.jpg,4.jpg,2026-08-18T10:59:52.315Z,scored,,4.238,8.24,8.24,f,100%,model,non-standard framing (head turned (~16°)) — scored on your override; expect a rougher read.
marz,7.8,f,white,train,marz/5.jpg,images/roster/marz/5.jpg,5.jpg,2026-08-18T10:59:52.593Z,scored,,2.878,5.61,5.61,f,100%,model,non-standard framing (head turned (~14°)) — scored on your override; expect a rougher read.
maya-higa,7.4,f,mixed,train,maya-higa/1.jpg,images/roster/maya-higa/1.jpg,1.jpg,2026-08-18T10:59:52.877Z,scored,,3.325,6.26,6.26,f,100%,model,non-standard framing (head tilted sideways (~13°)) — scored on your override; expect a rougher read.
maya-higa,7.4,f,mixed,train,maya-higa/4.jpg,images/roster/maya-higa/4.jpg,4.jpg,2026-08-18T10:59:53.150Z,refused,This angle is too far off to measure — head turned (~27°). Retake facing the camera square-on.,,,,,,,
maya-higa,7.4,f,mixed,train,maya-higa/5.jpg,images/roster/maya-higa/5.jpg,5.jpg,2026-08-18T10:59:53.787Z,scored,,3.173,6.11,6.11,f,100%,model,
megan-fox,9.2,f,white,train,megan-fox/2.jpg,images/roster/megan-fox/2.jpg,2.jpg,2026-08-18T10:59:54.049Z,scored,,3.406,6.34,6.34,f,100%,model,
megan-fox,9.2,f,white,train,megan-fox/4.jpg,images/roster/megan-fox/4.jpg,4.jpg,2026-08-18T10:59:54.318Z,scored,,2.949,5.78,5.78,f,100%,model,
megan-fox,9.2,f,white,train,megan-fox/5.jpg,images/roster/megan-fox/5.jpg,5.jpg,2026-08-18T10:59:54.572Z,scored,,4.080,7.54,7.54,f,100%,model,non-standard framing (head tilted sideways (~11°)) — scored on your override; expect a rougher read.
megan-fox,9.2,f,white,train,megan-fox/6.jpg,images/roster/megan-fox/6.jpg,6.jpg,2026-08-18T10:59:54.895Z,scored,,4.010,7.28,7.28,f,100%,model,
megan-fox,9.2,f,white,train,megan-fox/7.jpg,images/roster/megan-fox/7.jpg,7.jpg,2026-08-18T10:59:55.178Z,scored,,3.880,6.94,6.94,f,100%,model,
melissa-bonny,7.9,f,white,train,melissa-bonny/1.jpg,images/roster/melissa-bonny/1.jpg,1.jpg,2026-08-18T10:59:55.477Z,scored,,2.726,4.91,4.91,f,93%,model,
melissa-bonny,7.9,f,white,train,melissa-bonny/2.jpg,images/roster/melissa-bonny/2.jpg,2.jpg,2026-08-18T10:59:55.775Z,refused,This angle is too far off to measure — head turned (~33°); head tilted sideways (~13°). Retake facing the camera square-on.,,,,,,,
melissa-bonny,7.9,f,white,train,melissa-bonny/3.jpg,images/roster/melissa-bonny/3.jpg,3.jpg,2026-08-18T10:59:56.408Z,refused,"No face found — try a clearer, front-facing shot.",,,,,,,
melissa-bonny,7.9,f,white,train,melissa-bonny/4.jpg,images/roster/melissa-bonny/4.jpg,4.jpg,2026-08-18T10:59:56.951Z,refused,"No face found — try a clearer, front-facing shot.",,,,,,,
melissa-bonny,7.9,f,white,train,melissa-bonny/5.jpg,images/roster/melissa-bonny/5.jpg,5.jpg,2026-08-18T10:59:57.583Z,refused,"No face found — try a clearer, front-facing shot.",,,,,,,
michael-b-jordan,9.0,m,black,validation,michael-b-jordan/1.jpg,images/roster/michael-b-jordan/1.jpg,1.jpg,2026-08-18T10:59:58.216Z,scored,,3.500,6.43,6.43,m,100%,model,
michael-b-jordan,9.0,m,black,validation,michael-b-jordan/2.jpg,images/roster/michael-b-jordan/2.jpg,2.jpg,2026-08-18T10:59:58.488Z,scored,,3.062,5.96,5.96,m,100%,model,
michael-b-jordan,9.0,m,black,validation,michael-b-jordan/3.jpg,images/roster/michael-b-jordan/3.jpg,3.jpg,2026-08-18T10:59:58.806Z,scored,,3.118,6.04,6.04,m,100%,model,
michael-b-jordan,9.0,m,black,validation,michael-b-jordan/4.jpg,images/roster/michael-b-jordan/4.jpg,4.jpg,2026-08-18T10:59:59.140Z,scored,,2.274,3.04,3.04,m,100%,model,non-standard framing (head turned (~24°)) — scored on your override; expect a rougher read.
michael-b-jordan,9.0,m,black,validation,michael-b-jordan/5.jpg,images/roster/michael-b-jordan/5.jpg,5.jpg,2026-08-18T10:59:59.478Z,scored,,2.921,5.72,5.72,m,96%,model,
michael-phelps,6.7,m,white,train,michael-phelps/1.jpg,images/roster/michael-phelps/1.jpg,1.jpg,2026-08-18T10:59:59.805Z,refused,"No face found — try a clearer, front-facing shot.",,,,,,,
michael-phelps,6.7,m,white,train,michael-phelps/2.jpg,images/roster/michael-phelps/2.jpg,2.jpg,2026-08-18T11:00:00.461Z,scored,,3.759,6.73,6.73,m,100%,model,"small/distant face (~108px of real detail) — score is rougher than a tight, sharp headshot. · non-standard framing (head tilted sideways (~11°)) — scored on your override; expect a rougher read."
michael-phelps,6.7,m,white,train,michael-phelps/3.jpg,images/roster/michael-phelps/3.jpg,3.jpg,2026-08-18T11:00:00.732Z,refused,"No face found — try a clearer, front-facing shot.",,,,,,,
michael-phelps,6.7,m,white,train,michael-phelps/4.jpg,images/roster/michael-phelps/4.jpg,4.jpg,2026-08-18T11:00:01.353Z,scored,,3.394,6.33,6.33,m,100%,model,"small/distant face (~99px of real detail) — score is rougher than a tight, sharp headshot. · non-standard framing (head turned (~15°)) — scored on your override; expect a rougher read."
mila-kunis,8.5,f,white,train,mila-kunis/1.jpg,images/roster/mila-kunis/1.jpg,1.jpg,2026-08-18T11:00:01.614Z,scored,,3.482,6.41,6.41,f,100%,model,
mila-kunis,8.5,f,white,train,mila-kunis/4.jpg,images/roster/mila-kunis/4.jpg,4.jpg,2026-08-18T11:00:01.925Z,scored,,3.828,6.83,6.83,f,99%,model,non-standard framing (head turned (~17°); head tilted sideways (~16°)) — scored on your override; expect a rougher read.
mila-kunis,8.5,f,white,train,mila-kunis/5.jpg,images/roster/mila-kunis/5.jpg,5.jpg,2026-08-18T11:00:02.205Z,scored,,4.348,8.83,8.83,f,100%,model,non-standard framing (head turned (~15°)) — scored on your override; expect a rougher read.
mila-kunis,8.5,f,white,train,mila-kunis/6.jpg,images/roster/mila-kunis/6.jpg,6.jpg,2026-08-18T11:00:02.516Z,refused,This angle is too far off to measure — head turned (~31°); head tilted sideways (~14°). Retake facing the camera square-on.,,,,,,,
mila-kunis,8.5,f,white,train,mila-kunis/7.jpg,images/roster/mila-kunis/7.jpg,7.jpg,2026-08-18T11:00:03.176Z,scored,,3.806,6.80,6.80,f,100%,model,
mindy-kaling,5.5,f,south-asian,holdout,mindy-kaling/1.jpg,images/roster/mindy-kaling/1.jpg,1.jpg,2026-08-18T11:00:03.473Z,scored,,3.432,6.37,6.37,f,100%,model,
mindy-kaling,5.5,f,south-asian,holdout,mindy-kaling/2.jpg,images/roster/mindy-kaling/2.jpg,2.jpg,2026-08-18T11:00:03.779Z,scored,,3.749,6.71,6.71,f,100%,model,
mindy-kaling,5.5,f,south-asian,holdout,mindy-kaling/5.jpg,images/roster/mindy-kaling/5.jpg,5.jpg,2026-08-18T11:00:04.062Z,refused,This angle is too far off to measure — head turned (~29°). Retake facing the camera square-on.,,,,,,,
mindy-kaling,5.5,f,south-asian,holdout,mindy-kaling/6.jpg,images/roster/mindy-kaling/6.jpg,6.jpg,2026-08-18T11:00:04.686Z,scored,,3.530,6.45,6.45,f,100%,model,
mindy-kaling,5.5,f,south-asian,holdout,mindy-kaling/7.jpg,images/roster/mindy-kaling/7.jpg,7.jpg,2026-08-18T11:00:04.961Z,scored,,3.515,6.44,6.44,f,100%,model,
monica-bellucci,9.5,f,white,train,monica-bellucci/1.jpg,images/roster/monica-bellucci/1.jpg,1.jpg,2026-08-18T11:00:05.235Z,scored,,3.768,6.74,6.74,f,100%,model,
monica-bellucci,9.5,f,white,train,monica-bellucci/2.jpg,images/roster/monica-bellucci/2.jpg,2.jpg,2026-08-18T11:00:05.522Z,scored,,2.649,4.53,4.53,f,100%,model,
monica-bellucci,9.5,f,white,train,monica-bellucci/3.jpg,images/roster/monica-bellucci/3.jpg,3.jpg,2026-08-18T11:00:05.809Z,scored,,2.926,5.73,5.73,f,100%,model,non-standard framing (head tilted sideways (~11°)) — scored on your override; expect a rougher read.
mrbeast,6.1,m,white,holdout,mrbeast/1.jpg,images/roster/mrbeast/1.jpg,1.jpg,2026-08-18T11:00:06.082Z,scored,,3.560,6.48,6.48,m,100%,model,
mrbeast,6.1,m,white,holdout,mrbeast/2.jpg,images/roster/mrbeast/2.jpg,2.jpg,2026-08-18T11:00:06.348Z,refused,This angle is too far off to measure — head turned (~29°). Retake facing the camera square-on.,,,,,,,
mrbeast,6.1,m,white,holdout,mrbeast/3.jpg,images/roster/mrbeast/3.jpg,3.jpg,2026-08-18T11:00:06.997Z,scored,,2.804,5.34,5.34,m,97%,model,non-standard framing (head tilted sideways (~17°)) — scored on your override; expect a rougher read.
mrbeast,6.1,m,white,holdout,mrbeast/4.jpg,images/roster/mrbeast/4.jpg,4.jpg,2026-08-18T11:00:07.270Z,refused,This angle is too far off to measure — head turned (~28°). Retake facing the camera square-on.,,,,,,,
nadya-suleman,4.0,f,white,holdout,nadya-suleman/1.jpg,images/roster/nadya-suleman/1.jpg,1.jpg,2026-08-18T11:00:07.911Z,scored,,3.187,6.13,6.13,f,100%,model,
nadya-suleman,4.0,f,white,holdout,nadya-suleman/4.jpg,images/roster/nadya-suleman/4.jpg,4.jpg,2026-08-18T11:00:08.170Z,scored,,3.857,6.89,6.89,f,100%,model,non-standard framing (head tilted sideways (~10°)) — scored on your override; expect a rougher read.
nadya-suleman,4.0,f,white,holdout,nadya-suleman/5.jpg,images/roster/nadya-suleman/5.jpg,5.jpg,2026-08-18T11:00:08.463Z,refused,This angle is too far off to measure — head turned (~30°); head tilted sideways (~14°). Retake facing the camera square-on.,,,,,,,
natalie-portman,8.0,f,middle-eastern,validation,natalie-portman/1.jpg,images/roster/natalie-portman/1.jpg,1.jpg,2026-08-18T11:00:09.134Z,scored,,3.830,6.83,6.83,f,100%,model,
natalie-portman,8.0,f,middle-eastern,validation,natalie-portman/2.jpg,images/roster/natalie-portman/2.jpg,2.jpg,2026-08-18T11:00:09.407Z,scored,,3.740,6.70,6.70,f,100%,model,
natalie-portman,8.0,f,middle-eastern,validation,natalie-portman/3.jpg,images/roster/natalie-portman/3.jpg,3.jpg,2026-08-18T11:00:09.683Z,refused,This angle is too far off to measure — head turned (~31°). Retake facing the camera square-on.,,,,,,,
natalie-portman,8.0,f,middle-eastern,validation,natalie-portman/5.jpg,images/roster/natalie-portman/5.jpg,5.jpg,2026-08-18T11:00:10.326Z,refused,"No face found — try a clearer, front-facing shot.",,,,,,,
natalie-portman,8.0,f,middle-eastern,validation,natalie-portman/6.jpg,images/roster/natalie-portman/6.jpg,6.jpg,2026-08-18T11:00:10.963Z,scored,,4.396,8.96,8.96,f,100%,model,
neymar,7.6,m,latino,holdout,neymar/1.jpg,images/roster/neymar/1.jpg,1.jpg,2026-08-18T11:00:11.256Z,refused,This angle is too far off to measure — head turned (~36°). Retake facing the camera square-on.,,,,,,,
neymar,7.6,m,latino,holdout,neymar/2.jpg,images/roster/neymar/2.jpg,2.jpg,2026-08-18T11:00:11.969Z,scored,,2.777,5.21,5.21,m,100%,model,non-standard framing (head turned (~13°)) — scored on your override; expect a rougher read.
neymar,7.6,m,latino,holdout,neymar/3.jpg,images/roster/neymar/3.jpg,3.jpg,2026-08-18T11:00:12.245Z,refused,"No face found — try a clearer, front-facing shot.",,,,,,,
neymar,7.6,m,latino,holdout,neymar/4.jpg,images/roster/neymar/4.jpg,4.jpg,2026-08-18T11:00:12.905Z,refused,This angle is too far off to measure — head turned (~37°). Retake facing the camera square-on.,,,,,,,
nicolas-cage,7.0,m,white,holdout,nicolas-cage/1.jpg,images/roster/nicolas-cage/1.jpg,1.jpg,2026-08-18T11:00:13.559Z,scored,,3.176,6.11,6.11,m,100%,model,non-standard framing (head tilted sideways (~11°)) — scored on your override; expect a rougher read.
nicolas-cage,7.0,m,white,holdout,nicolas-cage/4.jpg,images/roster/nicolas-cage/4.jpg,4.jpg,2026-08-18T11:00:13.840Z,scored,,3.620,6.56,6.56,m,100%,model,
nicolas-cage,7.0,m,white,holdout,nicolas-cage/5.jpg,images/roster/nicolas-cage/5.jpg,5.jpg,2026-08-18T11:00:14.168Z,scored,,3.302,6.24,6.24,m,100%,model,non-standard framing (head turned (~20°)) — scored on your override; expect a rougher read.
nicolas-cage,7.0,m,white,holdout,nicolas-cage/6.jpg,images/roster/nicolas-cage/6.jpg,6.jpg,2026-08-18T11:00:14.496Z,scored,,3.273,6.21,6.21,m,100%,model,
nicolas-cage,7.0,m,white,holdout,nicolas-cage/7.jpg,images/roster/nicolas-cage/7.jpg,7.jpg,2026-08-18T11:00:14.810Z,scored,,3.318,6.25,6.25,m,100%,model,
ninja,6.6,m,white,validation,ninja/1.jpg,images/roster/ninja/1.jpg,1.jpg,2026-08-18T11:00:15.081Z,refused,This angle is too far off to measure — head turned (~28°); head tilted sideways (~11°). Retake facing the camera square-on.,,,,,,,
ninja,6.6,m,white,validation,ninja/2.jpg,images/roster/ninja/2.jpg,2.jpg,2026-08-18T11:00:15.712Z,scored,,2.689,4.73,4.73,m,98%,model,
ninja,6.6,m,white,validation,ninja/3.jpg,images/roster/ninja/3.jpg,3.jpg,2026-08-18T11:00:15.977Z,refused,This angle is too far off to measure — head turned (~46°). Retake facing the camera square-on.,,,,,,,
paul-rudd,7.0,m,white,train,paul-rudd/2.jpg,images/roster/paul-rudd/2.jpg,2.jpg,2026-08-18T11:00:16.636Z,scored,,3.343,6.28,6.28,m,100%,model,
paul-rudd,7.0,m,white,train,paul-rudd/3.jpg,images/roster/paul-rudd/3.jpg,3.jpg,2026-08-18T11:00:16.894Z,scored,,2.614,4.34,4.34,m,100%,model,
paul-rudd,7.0,m,white,train,paul-rudd/4.jpg,images/roster/paul-rudd/4.jpg,4.jpg,2026-08-18T11:00:17.151Z,scored,,2.660,4.59,4.59,m,100%,model,
paul-rudd,7.0,m,white,train,paul-rudd/5.jpg,images/roster/paul-rudd/5.jpg,5.jpg,2026-08-18T11:00:17.403Z,scored,,3.910,6.99,6.99,m,100%,model,
paul-rudd,7.0,m,white,train,paul-rudd/6.jpg,images/roster/paul-rudd/6.jpg,6.jpg,2026-08-18T11:00:17.665Z,scored,,3.160,6.10,6.10,m,100%,model,
pauly-shore,4.0,m,white,holdout,pauly-shore/1.jpg,images/roster/pauly-shore/1.jpg,1.jpg,2026-08-18T11:00:17.939Z,scored,,2.773,5.18,5.18,m,100%,model,
pauly-shore,4.0,m,white,holdout,pauly-shore/2.jpg,images/roster/pauly-shore/2.jpg,2.jpg,2026-08-18T11:00:18.249Z,scored,,3.141,6.07,6.07,m,100%,model,
pauly-shore,4.0,m,white,holdout,pauly-shore/3.jpg,images/roster/pauly-shore/3.jpg,3.jpg,2026-08-18T11:00:18.513Z,scored,,2.579,4.19,4.19,m,100%,model,"small/distant face (~109px of real detail) — score is rougher than a tight, sharp headshot."
pauly-shore,4.0,m,white,holdout,pauly-shore/4.jpg,images/roster/pauly-shore/4.jpg,4.jpg,2026-08-18T11:00:18.784Z,scored,,3.212,6.15,6.15,m,100%,model,
pauly-shore,4.0,m,white,holdout,pauly-shore/5.jpg,images/roster/pauly-shore/5.jpg,5.jpg,2026-08-18T11:00:19.059Z,scored,,2.884,5.62,5.62,m,100%,model,
pedro-pascal,7.5,m,latino,train,pedro-pascal/1.jpg,images/roster/pedro-pascal/1.jpg,1.jpg,2026-08-18T11:00:19.335Z,scored,,3.517,6.44,6.44,m,100%,model,
pedro-pascal,7.5,m,latino,train,pedro-pascal/2.jpg,images/roster/pedro-pascal/2.jpg,2.jpg,2026-08-18T11:00:19.609Z,scored,,3.057,5.95,5.95,m,100%,model,
pedro-pascal,7.5,m,latino,train,pedro-pascal/3.jpg,images/roster/pedro-pascal/3.jpg,3.jpg,2026-08-18T11:00:19.900Z,refused,This angle is too far off to measure — head turned (~31°). Retake facing the camera square-on.,,,,,,,
pedro-pascal,7.5,m,latino,train,pedro-pascal/4.jpg,images/roster/pedro-pascal/4.jpg,4.jpg,2026-08-18T11:00:20.561Z,scored,,3.783,6.76,6.76,m,100%,model,
pedro-pascal,7.5,m,latino,train,pedro-pascal/5.jpg,images/roster/pedro-pascal/5.jpg,5.jpg,2026-08-18T11:00:20.829Z,scored,,3.017,5.90,5.90,m,100%,model,
pete-davidson,5.0,m,white,train,pete-davidson/2.jpg,images/roster/pete-davidson/2.jpg,2.jpg,2026-08-18T11:00:21.114Z,scored,,2.605,4.29,4.29,m,96%,model,
pete-davidson,5.0,m,white,train,pete-davidson/4.jpg,images/roster/pete-davidson/4.jpg,4.jpg,2026-08-18T11:00:21.384Z,scored,,3.712,6.66,6.66,f,92%,model,non-standard framing (head tilted sideways (~11°)) — scored on your override; expect a rougher read.
pete-davidson,5.0,m,white,train,pete-davidson/5.jpg,images/roster/pete-davidson/5.jpg,5.jpg,2026-08-18T11:00:21.686Z,scored,,3.559,6.48,6.48,m,99%,model,non-standard framing (head turned (~15°)) — scored on your override; expect a rougher read.
pete-davidson,5.0,m,white,train,pete-davidson/7.jpg,images/roster/pete-davidson/7.jpg,7.jpg,2026-08-18T11:00:21.970Z,scored,,3.433,6.37,6.37,m,100%,model,
pewdiepie,7.1,m,white,train,pewdiepie/1.jpg,images/roster/pewdiepie/1.jpg,1.jpg,2026-08-18T11:00:22.246Z,refused,This angle is too far off to measure — head turned (~46°). Retake facing the camera square-on.,,,,,,,
pewdiepie,7.1,m,white,train,pewdiepie/2.jpg,images/roster/pewdiepie/2.jpg,2.jpg,2026-08-18T11:00:22.896Z,refused,This angle is too far off to measure — head turned (~42°). Retake facing the camera square-on.,,,,,,,
pewdiepie,7.1,m,white,train,pewdiepie/3.jpg,images/roster/pewdiepie/3.jpg,3.jpg,2026-08-18T11:00:23.566Z,scored,,2.610,4.32,4.32,m,100%,model,non-standard framing (head turned (~21°)) — scored on your override; expect a rougher read.
philippa-eilhart,7.0,f,white,validation,philippa-eilhart/1.jpg,images/roster/philippa-eilhart/1.jpg,1.jpg,2026-08-18T11:00:23.876Z,refused,This angle is too far off to measure — head turned (~27°); head tilted sideways (~20°). Retake facing the camera square-on.,,,,,,,
philippa-eilhart,7.0,f,white,validation,philippa-eilhart/2.jpg,images/roster/philippa-eilhart/2.jpg,2.jpg,2026-08-18T11:00:24.546Z,scored,,3.733,6.69,6.69,f,100%,model,non-standard framing (head turned (~25°)) — scored on your override; expect a rougher read.
philippa-eilhart,7.0,f,white,validation,philippa-eilhart/3.jpg,images/roster/philippa-eilhart/3.jpg,3.jpg,2026-08-18T11:00:24.813Z,refused,This angle is too far off to measure — head turned (~27°). Retake facing the camera square-on.,,,,,,,
philippa-eilhart,7.0,f,white,validation,philippa-eilhart/4.jpg,images/roster/philippa-eilhart/4.jpg,4.jpg,2026-08-18T11:00:25.448Z,scored,,3.600,6.53,6.53,f,100%,model,non-standard framing (head turned (~25°); head tilted sideways (~17°)) — scored on your override; expect a rougher read.
philippa-eilhart,7.0,f,white,validation,philippa-eilhart/5.jpg,images/roster/philippa-eilhart/5.jpg,5.jpg,2026-08-18T11:00:25.732Z,scored,,3.615,6.55,6.55,f,100%,model,non-standard framing (head turned (~24°); head tilted sideways (~13°)) — scored on your override; expect a rougher read.
piia-tamare,8.3,f,white,holdout,piia-tamare/1.jpg,images/roster/piia-tamare/1.jpg,1.jpg,2026-08-18T11:00:26.005Z,scored,,4.218,8.16,8.16,f,100%,model,
piia-tamare,8.3,f,white,holdout,piia-tamare/2.jpg,images/roster/piia-tamare/2.jpg,2.jpg,2026-08-18T11:00:26.292Z,scored,,3.679,6.62,6.62,f,100%,model,
piia-tamare,8.3,f,white,holdout,piia-tamare/3.jpg,images/roster/piia-tamare/3.jpg,3.jpg,2026-08-18T11:00:26.586Z,scored,,3.494,6.42,6.42,f,100%,model,"small/distant face (~97px of real detail) — score is rougher than a tight, sharp headshot. · non-standard framing (head turned (~25°); head tilted sideways (~17°)) — scored on your override; expect a rougher read."
piia-tamare,8.3,f,white,holdout,piia-tamare/4.jpg,images/roster/piia-tamare/4.jpg,4.jpg,2026-08-18T11:00:26.881Z,refused,This angle is too far off to measure — head turned (~31°). Retake facing the camera square-on.,,,,,,,
piia-tamare,8.3,f,white,holdout,piia-tamare/5.jpg,images/roster/piia-tamare/5.jpg,5.jpg,2026-08-18T11:00:27.526Z,scored,,3.760,6.73,6.73,f,100%,model,non-standard framing (head turned (~22°)) — scored on your override; expect a rougher read.
pokimane,7.4,f,middle-eastern,train,pokimane/1.jpg,images/roster/pokimane/1.jpg,1.jpg,2026-08-18T11:00:27.799Z,scored,,2.805,5.35,5.35,f,100%,model,non-standard framing (head tilted sideways (~18°)) — scored on your override; expect a rougher read.
pokimane,7.4,f,middle-eastern,train,pokimane/2.jpg,images/roster/pokimane/2.jpg,2.jpg,2026-08-18T11:00:28.077Z,scored,,2.655,4.56,4.56,f,100%,model,
pokimane,7.4,f,middle-eastern,train,pokimane/3.jpg,images/roster/pokimane/3.jpg,3.jpg,2026-08-18T11:00:28.394Z,scored,,3.200,6.14,6.14,f,100%,model,non-standard framing (head turned (~19°)) — scored on your override; expect a rougher read.
pokimane,7.4,f,middle-eastern,train,pokimane/4.jpg,images/roster/pokimane/4.jpg,4.jpg,2026-08-18T11:00:28.695Z,refused,This angle is too far off to measure — head turned (~22°); head tilted sideways (~45°). Retake facing the camera square-on.,,,,,,,
pokimane,7.4,f,middle-eastern,train,pokimane/5.jpg,images/roster/pokimane/5.jpg,5.jpg,2026-08-18T11:00:29.366Z,scored,,3.498,6.42,6.42,f,100%,model,non-standard framing (head tilted sideways (~12°)) — scored on your override; expect a rougher read.
pom-klementieff,7.5,f,mixed,train,pom-klementieff/3.jpg,images/roster/pom-klementieff/3.jpg,3.jpg,2026-08-18T11:00:29.655Z,refused,This angle is too far off to measure — head turned (~40°). Retake facing the camera square-on.,,,,,,,
pom-klementieff,7.5,f,mixed,train,pom-klementieff/4.jpg,images/roster/pom-klementieff/4.jpg,4.jpg,2026-08-18T11:00:30.325Z,scored,,3.808,6.80,6.80,f,100%,model,non-standard framing (head turned (~23°); head tilted sideways (~12°)) — scored on your override; expect a rougher read.
pom-klementieff,7.5,f,mixed,train,pom-klementieff/5.jpg,images/roster/pom-klementieff/5.jpg,5.jpg,2026-08-18T11:00:30.603Z,scored,,3.740,6.70,6.70,f,100%,model,
pom-klementieff,7.5,f,mixed,train,pom-klementieff/6.jpg,images/roster/pom-klementieff/6.jpg,6.jpg,2026-08-18T11:00:30.957Z,scored,,4.263,8.36,8.36,f,100%,model,non-standard framing (head turned (~17°)) — scored on your override; expect a rougher read.
pom-klementieff,7.5,f,mixed,train,pom-klementieff/7.jpg,images/roster/pom-klementieff/7.jpg,7.jpg,2026-08-18T11:00:31.352Z,scored,,4.104,7.62,7.62,f,100%,model,
prince-harry,7.2,m,white,validation,prince-harry/1.jpg,images/roster/prince-harry/1.jpg,1.jpg,2026-08-18T11:00:31.672Z,scored,,2.657,4.57,4.57,f,97%,model,
prince-harry,7.2,m,white,validation,prince-harry/2.jpg,images/roster/prince-harry/2.jpg,2.jpg,2026-08-18T11:00:31.980Z,scored,,2.908,5.69,5.69,m,100%,model,non-standard framing (head turned (~16°); head tilted sideways (~15°)) — scored on your override; expect a rougher read.
prince-harry,7.2,m,white,validation,prince-harry/3.jpg,images/roster/prince-harry/3.jpg,3.jpg,2026-08-18T11:00:32.279Z,scored,,2.713,4.85,4.85,m,97%,model,non-standard framing (head tilted sideways (~11°)) — scored on your override; expect a rougher read.
priyanka-chopra,8.8,f,south-asian,holdout,priyanka-chopra/1.jpg,images/roster/priyanka-chopra/1.jpg,1.jpg,2026-08-18T11:00:32.561Z,scored,,3.924,7.02,7.02,f,100%,model,"small/distant face (~82px of real detail) — score is rougher than a tight, sharp headshot."
priyanka-chopra,8.8,f,south-asian,holdout,priyanka-chopra/2.jpg,images/roster/priyanka-chopra/2.jpg,2.jpg,2026-08-18T11:00:32.848Z,scored,,3.167,6.10,6.10,f,100%,model,
priyanka-chopra,8.8,f,south-asian,holdout,priyanka-chopra/3.jpg,images/roster/priyanka-chopra/3.jpg,3.jpg,2026-08-18T11:00:33.133Z,scored,,3.589,6.52,6.52,f,100%,model,"small/distant face (~107px of real detail) — score is rougher than a tight, sharp headshot."
priyanka-chopra,8.8,f,south-asian,holdout,priyanka-chopra/4.jpg,images/roster/priyanka-chopra/4.jpg,4.jpg,2026-08-18T11:00:33.476Z,scored,,4.115,7.67,7.67,f,100%,model,"small/distant face (~108px of real detail) — score is rougher than a tight, sharp headshot."
qtcinderella,7.0,f,white,train,qtcinderella/1.jpg,images/roster/qtcinderella/1.jpg,1.jpg,2026-08-18T11:00:33.774Z,scored,,2.813,5.38,5.38,f,59%,model,non-standard framing (head turned (~23°)) — scored on your override; expect a rougher read.
qtcinderella,7.0,f,white,train,qtcinderella/3.jpg,images/roster/qtcinderella/3.jpg,3.jpg,2026-08-18T11:00:34.053Z,scored,,2.652,4.55,4.55,f,100%,model,non-standard framing (head turned (~16°)) — scored on your override; expect a rougher read.
qtcinderella,7.0,f,white,train,qtcinderella/4.jpg,images/roster/qtcinderella/4.jpg,4.jpg,2026-08-18T11:00:34.318Z,scored,,3.836,6.85,6.85,f,100%,model,
qtcinderella,7.0,f,white,train,qtcinderella/5.jpg,images/roster/qtcinderella/5.jpg,5.jpg,2026-08-18T11:00:34.602Z,scored,,3.390,6.32,6.32,f,100%,model,
rachel-dolezal,4.0,f,white,holdout,rachel-dolezal/1.jpg,images/roster/rachel-dolezal/1.jpg,1.jpg,2026-08-18T11:00:34.926Z,scored,,3.073,5.98,5.98,f,99%,model,non-standard framing (head tilted sideways (~10°)) — scored on your override; expect a rougher read.
rachel-dolezal,4.0,f,white,holdout,rachel-dolezal/2.jpg,images/roster/rachel-dolezal/2.jpg,2.jpg,2026-08-18T11:00:35.204Z,scored,,3.258,6.20,6.20,f,96%,model,non-standard framing (head turned (~15°)) — scored on your override; expect a rougher read.
rami-malek,6.8,m,middle-eastern,train,rami-malek/1.jpg,images/roster/rami-malek/1.jpg,1.jpg,2026-08-18T11:00:35.503Z,scored,,3.195,6.13,6.13,m,100%,model,non-standard framing (head tilted sideways (~11°)) — scored on your override; expect a rougher read.
rami-malek,6.8,m,middle-eastern,train,rami-malek/2.jpg,images/roster/rami-malek/2.jpg,2.jpg,2026-08-18T11:00:35.817Z,scored,,2.972,5.82,5.82,m,100%,model,non-standard framing (head tilted sideways (~10°)) — scored on your override; expect a rougher read.
rami-malek,6.8,m,middle-eastern,train,rami-malek/3.jpg,images/roster/rami-malek/3.jpg,3.jpg,2026-08-18T11:00:36.121Z,scored,,3.670,6.61,6.61,m,100%,model,non-standard framing (head turned (~23°)) — scored on your override; expect a rougher read.
rebel-wilson,5.4,f,white,train,rebel-wilson/1.jpg,images/roster/rebel-wilson/1.jpg,1.jpg,2026-08-18T11:00:36.424Z,scored,,3.210,6.15,6.15,f,100%,model,
rebel-wilson,5.4,f,white,train,rebel-wilson/2.jpg,images/roster/rebel-wilson/2.jpg,2.jpg,2026-08-18T11:00:36.726Z,scored,,4.160,7.86,7.86,f,100%,model,
rebel-wilson,5.4,f,white,train,rebel-wilson/3.jpg,images/roster/rebel-wilson/3.jpg,3.jpg,2026-08-18T11:00:37.016Z,scored,,4.442,9.13,9.13,f,100%,model,
rebel-wilson,5.4,f,white,train,rebel-wilson/4.jpg,images/roster/rebel-wilson/4.jpg,4.jpg,2026-08-18T11:00:37.299Z,scored,,4.077,7.53,7.53,f,100%,model,
rihanna,9.1,f,black,validation,rihanna/1.jpg,images/roster/rihanna/1.jpg,1.jpg,2026-08-18T11:00:37.633Z,refused,"No face found — try a clearer, front-facing shot.",,,,,,,
rihanna,9.1,f,black,validation,rihanna/2.jpg,images/roster/rihanna/2.jpg,2.jpg,2026-08-18T11:00:38.294Z,scored,,2.169,2.64,2.64,f,99%,model,"small/distant face (~63px of real detail) — score is rougher than a tight, sharp headshot."
rihanna,9.1,f,black,validation,rihanna/3.jpg,images/roster/rihanna/3.jpg,3.jpg,2026-08-18T11:00:38.566Z,scored,,3.311,6.25,6.25,f,100%,model,
rihanna,9.1,f,black,validation,rihanna/4.jpg,images/roster/rihanna/4.jpg,4.jpg,2026-08-18T11:00:38.854Z,scored,,2.141,2.56,2.56,f,100%,model,non-standard framing (head turned (~25°)) — scored on your override; expect a rougher read.
robert-pattinson,8.9,m,white,train,robert-pattinson/1.jpg,images/roster/robert-pattinson/1.jpg,1.jpg,2026-08-18T11:00:39.135Z,refused,This angle is too far off to measure — head turned (~32°). Retake facing the camera square-on.,,,,,,,
robert-pattinson,8.9,m,white,train,robert-pattinson/2.jpg,images/roster/robert-pattinson/2.jpg,2.jpg,2026-08-18T11:00:39.795Z,scored,,3.626,6.56,6.56,m,100%,model,non-standard framing (head turned (~15°)) — scored on your override; expect a rougher read.
robert-pattinson,8.9,m,white,train,robert-pattinson/3.jpg,images/roster/robert-pattinson/3.jpg,3.jpg,2026-08-18T11:00:40.110Z,refused,This angle is too far off to measure — head turned (~37°). Retake facing the camera square-on.,,,,,,,
roman-reigns,9.0,m,mixed,train,roman-reigns/1.jpg,images/roster/roman-reigns/1.jpg,1.jpg,2026-08-18T11:00:40.760Z,scored,,2.626,4.40,4.40,m,100%,model,
roman-reigns,9.0,m,mixed,train,roman-reigns/2.jpg,images/roster/roman-reigns/2.jpg,2.jpg,2026-08-18T11:00:41.093Z,scored,,2.535,4.01,4.01,m,100%,model,
roman-reigns,9.0,m,mixed,train,roman-reigns/3.jpg,images/roster/roman-reigns/3.jpg,3.jpg,2026-08-18T11:00:41.457Z,scored,,3.758,6.73,6.73,m,100%,model,
roman-reigns,9.0,m,mixed,train,roman-reigns/5.jpg,images/roster/roman-reigns/5.jpg,5.jpg,2026-08-18T11:00:41.807Z,scored,,3.793,6.78,6.78,m,100%,model,
rosa-salazar,7.0,f,latino,train,rosa-salazar/1.jpg,images/roster/rosa-salazar/1.jpg,1.jpg,2026-08-18T11:00:42.128Z,refused,This angle is too far off to measure — head turned (~34°). Retake facing the camera square-on.,,,,,,,
rosa-salazar,7.0,f,latino,train,rosa-salazar/4.jpg,images/roster/rosa-salazar/4.jpg,4.jpg,2026-08-18T11:00:42.802Z,scored,,3.408,6.34,6.34,f,99%,model,non-standard framing (head turned (~13°)) — scored on your override; expect a rougher read.
rosa-salazar,7.0,f,latino,train,rosa-salazar/5.jpg,images/roster/rosa-salazar/5.jpg,5.jpg,2026-08-18T11:00:43.123Z,refused,This angle is too far off to measure — head turned (~27°). Retake facing the camera square-on.,,,,,,,
rosa-salazar,7.0,f,latino,train,rosa-salazar/6.jpg,images/roster/rosa-salazar/6.jpg,6.jpg,2026-08-18T11:00:43.829Z,scored,,3.462,6.39,6.39,f,100%,model,non-standard framing (head tilted sideways (~11°)) — scored on your override; expect a rougher read.
rosa-salazar,7.0,f,latino,train,rosa-salazar/7.jpg,images/roster/rosa-salazar/7.jpg,7.jpg,2026-08-18T11:00:44.116Z,scored,,3.822,6.82,6.82,f,100%,model,non-standard framing (head turned (~17°)) — scored on your override; expect a rougher read.
roseanne-barr,3.5,f,white,train,roseanne-barr/3.jpg,images/roster/roseanne-barr/3.jpg,3.jpg,2026-08-18T11:00:44.433Z,scored,,2.619,4.36,4.36,f,100%,model,
roseanne-barr,3.5,f,white,train,roseanne-barr/5.jpg,images/roster/roseanne-barr/5.jpg,5.jpg,2026-08-18T11:00:44.716Z,scored,,3.012,5.89,5.89,f,100%,model,
roseanne-barr,3.5,f,white,train,roseanne-barr/6.jpg,images/roster/roseanne-barr/6.jpg,6.jpg,2026-08-18T11:00:44.996Z,scored,,3.229,6.17,6.17,f,100%,model,
roseanne-barr,3.5,f,white,train,roseanne-barr/7.jpg,images/roster/roseanne-barr/7.jpg,7.jpg,2026-08-18T11:00:45.288Z,scored,,2.912,5.70,5.70,f,100%,model,
roseanne-barr,3.5,f,white,train,roseanne-barr/8.jpg,images/roster/roseanne-barr/8.jpg,8.jpg,2026-08-18T11:00:45.583Z,scored,,2.901,5.67,5.67,f,100%,model,
rosie-odonnell,3.8,f,white,train,rosie-odonnell/2.jpg,images/roster/rosie-odonnell/2.jpg,2.jpg,2026-08-18T11:00:45.923Z,scored,,2.547,4.06,4.06,f,99%,model,
rosie-odonnell,3.8,f,white,train,rosie-odonnell/3.jpg,images/roster/rosie-odonnell/3.jpg,3.jpg,2026-08-18T11:00:46.222Z,scored,,3.173,6.11,6.11,f,97%,model,
rosie-odonnell,3.8,f,white,train,rosie-odonnell/4.jpg,images/roster/rosie-odonnell/4.jpg,4.jpg,2026-08-18T11:00:46.499Z,scored,,2.310,3.16,3.16,f,100%,model,non-standard framing (head tilted sideways (~13°)) — scored on your override; expect a rougher read.
rosie-odonnell,3.8,f,white,train,rosie-odonnell/5.jpg,images/roster/rosie-odonnell/5.jpg,5.jpg,2026-08-18T11:00:46.773Z,scored,,2.744,5.02,5.02,f,99%,model,non-standard framing (head tilted sideways (~18°)) — scored on your override; expect a rougher read.
rosie-odonnell,3.8,f,white,train,rosie-odonnell/6.jpg,images/roster/rosie-odonnell/6.jpg,6.jpg,2026-08-18T11:00:47.088Z,scored,,3.499,6.42,6.42,f,100%,model,non-standard framing (head turned (~18°)) — scored on your override; expect a rougher read.
rudy-giuliani,3.5,m,white,holdout,rudy-giuliani/1.jpg,images/roster/rudy-giuliani/1.jpg,1.jpg,2026-08-18T11:00:47.522Z,scored,,2.879,5.61,5.61,m,100%,model,
rudy-giuliani,3.5,m,white,holdout,rudy-giuliani/2.jpg,images/roster/rudy-giuliani/2.jpg,2.jpg,2026-08-18T11:00:47.844Z,refused,"Face too small (40px wide, 8% of a 500×335 frame) — use a closer, higher-res photo.",,,,,,,
rudy-giuliani,3.5,m,white,holdout,rudy-giuliani/3.jpg,images/roster/rudy-giuliani/3.jpg,3.jpg,2026-08-18T11:00:48.511Z,scored,,2.755,5.10,5.10,m,100%,model,
rudy-giuliani,3.5,m,white,holdout,rudy-giuliani/4.jpg,images/roster/rudy-giuliani/4.jpg,4.jpg,2026-08-18T11:00:48.826Z,scored,,2.619,4.36,4.36,m,100%,model,non-standard framing (head turned (~14°)) — scored on your override; expect a rougher read.
russell-brand,7.0,m,white,holdout,russell-brand/1.jpg,images/roster/russell-brand/1.jpg,1.jpg,2026-08-18T11:00:49.118Z,scored,,2.285,3.08,3.08,m,100%,model,non-standard framing (head turned (~19°)) — scored on your override; expect a rougher read.
russell-brand,7.0,m,white,holdout,russell-brand/2.jpg,images/roster/russell-brand/2.jpg,2.jpg,2026-08-18T11:00:49.397Z,scored,,3.952,7.09,7.09,m,100%,model,
russell-brand,7.0,m,white,holdout,russell-brand/4.jpg,images/roster/russell-brand/4.jpg,4.jpg,2026-08-18T11:00:49.695Z,scored,,3.221,6.16,6.16,m,100%,model,
russell-brand,7.0,m,white,holdout,russell-brand/5.jpg,images/roster/russell-brand/5.jpg,5.jpg,2026-08-18T11:00:50.004Z,scored,,3.360,6.29,6.29,m,99%,model,
russell-brand,7.0,m,white,holdout,russell-brand/6.jpg,images/roster/russell-brand/6.jpg,6.jpg,2026-08-18T11:00:50.327Z,scored,,4.030,7.37,7.37,m,100%,model,
ryan-gosling,8.5,m,white,train,ryan-gosling/1.jpg,images/roster/ryan-gosling/1.jpg,1.jpg,2026-08-18T11:00:50.626Z,scored,,3.538,6.46,6.46,m,100%,model,
ryan-gosling,8.5,m,white,train,ryan-gosling/3.jpg,images/roster/ryan-gosling/3.jpg,3.jpg,2026-08-18T11:00:50.987Z,scored,,3.934,7.04,7.04,m,100%,model,
ryan-gosling,8.5,m,white,train,ryan-gosling/4.jpg,images/roster/ryan-gosling/4.jpg,4.jpg,2026-08-18T11:00:51.282Z,scored,,3.085,6.00,6.00,m,100%,model,
ryan-gosling,8.5,m,white,train,ryan-gosling/5.jpg,images/roster/ryan-gosling/5.jpg,5.jpg,2026-08-18T11:00:51.574Z,scored,,2.970,5.81,5.81,m,75%,model,non-standard framing (head turned (~15°)) — scored on your override; expect a rougher read.
ryan-gosling,8.5,m,white,train,ryan-gosling/6.jpg,images/roster/ryan-gosling/6.jpg,6.jpg,2026-08-18T11:00:51.860Z,scored,,4.040,7.40,7.40,m,100%,model,
ryan-reynolds,8.0,m,white,train,ryan-reynolds/1.jpg,images/roster/ryan-reynolds/1.jpg,1.jpg,2026-08-18T11:00:52.157Z,scored,,3.846,6.87,6.87,m,100%,model,
ryan-reynolds,8.0,m,white,train,ryan-reynolds/2.jpg,images/roster/ryan-reynolds/2.jpg,2.jpg,2026-08-18T11:00:52.520Z,scored,,3.722,6.68,6.68,m,100%,model,
ryan-reynolds,8.0,m,white,train,ryan-reynolds/4.jpg,images/roster/ryan-reynolds/4.jpg,4.jpg,2026-08-18T11:00:52.814Z,scored,,3.085,6.00,6.00,m,100%,model,
ryan-reynolds,8.0,m,white,train,ryan-reynolds/5.jpg,images/roster/ryan-reynolds/5.jpg,5.jpg,2026-08-18T11:00:53.110Z,scored,,3.857,6.89,6.89,m,100%,model,
ryan-reynolds,8.0,m,white,train,ryan-reynolds/6.jpg,images/roster/ryan-reynolds/6.jpg,6.jpg,2026-08-18T11:00:53.413Z,scored,,4.274,8.42,8.42,m,100%,model,
sabrina-carpenter,8.3,f,white,train,sabrina-carpenter/1.jpg,images/roster/sabrina-carpenter/1.jpg,1.jpg,2026-08-18T11:00:53.709Z,refused,"No face found — try a clearer, front-facing shot.",,,,,,,
sabrina-carpenter,8.3,f,white,train,sabrina-carpenter/2.jpg,images/roster/sabrina-carpenter/2.jpg,2.jpg,2026-08-18T11:00:54.377Z,refused,"No face found — try a clearer, front-facing shot.",,,,,,,
sabrina-carpenter,8.3,f,white,train,sabrina-carpenter/3.jpg,images/roster/sabrina-carpenter/3.jpg,3.jpg,2026-08-18T11:00:54.997Z,refused,"No face found — try a clearer, front-facing shot.",,,,,,,
sam-bankman-fried,3.0,m,white,train,sam-bankman-fried/3.jpg,images/roster/sam-bankman-fried/3.jpg,3.jpg,2026-08-18T11:00:55.626Z,scored,,4.032,7.37,7.37,m,97%,model,
sam-bankman-fried,3.0,m,white,train,sam-bankman-fried/7.jpg,images/roster/sam-bankman-fried/7.jpg,7.jpg,2026-08-18T11:00:55.924Z,refused,This angle is too far off to measure — head turned (~36°). Retake facing the camera square-on.,,,,,,,
scarlett-johansson,9.2,f,white,train,scarlett-johansson/1.jpg,images/roster/scarlett-johansson/1.jpg,1.jpg,2026-08-18T11:00:56.579Z,scored,,3.655,6.60,6.60,f,100%,model,
scarlett-johansson,9.2,f,white,train,scarlett-johansson/2.jpg,images/roster/scarlett-johansson/2.jpg,2.jpg,2026-08-18T11:00:56.876Z,scored,,2.476,3.74,3.74,f,81%,model,non-standard framing (head turned (~16°); head tilted sideways (~11°)) — scored on your override; expect a rougher read.
scarlett-johansson,9.2,f,white,train,scarlett-johansson/3.jpg,images/roster/scarlett-johansson/3.jpg,3.jpg,2026-08-18T11:00:57.222Z,refused,This angle is too far off to measure — head turned (~45°). Retake facing the camera square-on.,,,,,,,
scarlett-johansson,9.2,f,white,train,scarlett-johansson/4.jpg,images/roster/scarlett-johansson/4.jpg,4.jpg,2026-08-18T11:00:57.891Z,scored,,3.695,6.64,6.64,f,100%,model,non-standard framing (head turned (~23°)) — scored on your override; expect a rougher read.
scarlett-johansson,9.2,f,white,train,scarlett-johansson/5.jpg,images/roster/scarlett-johansson/5.jpg,5.jpg,2026-08-18T11:00:58.184Z,scored,,3.162,6.10,6.10,f,100%,model,
selene-ashford,9.5,f,mixed,train,selene-ashford/1.jpg,images/roster/selene-ashford/1.jpg,1.jpg,2026-08-18T11:00:58.514Z,scored,,3.506,6.43,6.43,f,100%,model,non-standard framing (head tilted sideways (~19°)) — scored on your override; expect a rougher read.
selene-ashford,9.5,f,mixed,train,selene-ashford/2.jpg,images/roster/selene-ashford/2.jpg,2.jpg,2026-08-18T11:00:58.813Z,refused,This angle is too far off to measure — head turned (~29°); head tilted sideways (~15°). Retake facing the camera square-on.,,,,,,,
selene-ashford,9.5,f,mixed,train,selene-ashford/3.jpg,images/roster/selene-ashford/3.jpg,3.jpg,2026-08-18T11:00:59.497Z,scored,,3.506,6.43,6.43,f,100%,model,non-standard framing (head tilted sideways (~14°)) — scored on your override; expect a rougher read.
selene-ashford,9.5,f,mixed,train,selene-ashford/4.jpg,images/roster/selene-ashford/4.jpg,4.jpg,2026-08-18T11:00:59.791Z,scored,,3.030,5.92,5.92,f,100%,model,non-standard framing (head turned (~25°); head tilted sideways (~23°)) — scored on your override; expect a rougher read.
selene-ashford,9.5,f,mixed,train,selene-ashford/5.jpg,images/roster/selene-ashford/5.jpg,5.jpg,2026-08-18T11:01:00.076Z,refused,This angle is too far off to measure — head turned (~23°); head tilted sideways (~27°). Retake facing the camera square-on.,,,,,,,
serena-williams,6.4,f,black,train,serena-williams/1.jpg,images/roster/serena-williams/1.jpg,1.jpg,2026-08-18T11:01:00.729Z,refused,"No face found — try a clearer, front-facing shot.",,,,,,,
serena-williams,6.4,f,black,train,serena-williams/2.jpg,images/roster/serena-williams/2.jpg,2.jpg,2026-08-18T11:01:01.381Z,refused,This angle is too far off to measure — head turned (~33°). Retake facing the camera square-on.,,,,,,,
serena-williams,6.4,f,black,train,serena-williams/3.jpg,images/roster/serena-williams/3.jpg,3.jpg,2026-08-18T11:01:02.062Z,refused,This angle is too far off to measure — head turned (~30°). Retake facing the camera square-on.,,,,,,,
serena-williams,6.4,f,black,train,serena-williams/4.jpg,images/roster/serena-williams/4.jpg,4.jpg,2026-08-18T11:01:02.710Z,refused,This angle is too far off to measure — head turned (~31°). Retake facing the camera square-on.,,,,,,,
seth-rogen,4.5,m,white,train,seth-rogen/1.jpg,images/roster/seth-rogen/1.jpg,1.jpg,2026-08-18T11:01:03.377Z,scored,,3.414,6.35,6.35,m,100%,model,
seth-rogen,4.5,m,white,train,seth-rogen/2.jpg,images/roster/seth-rogen/2.jpg,2.jpg,2026-08-18T11:01:03.701Z,scored,,2.700,4.78,4.78,m,100%,model,non-standard framing (head turned (~17°)) — scored on your override; expect a rougher read.
seth-rogen,4.5,m,white,train,seth-rogen/3.jpg,images/roster/seth-rogen/3.jpg,3.jpg,2026-08-18T11:01:04.076Z,scored,,2.411,3.51,3.51,m,100%,model,
seth-rogen,4.5,m,white,train,seth-rogen/4.jpg,images/roster/seth-rogen/4.jpg,4.jpg,2026-08-18T11:01:04.423Z,scored,,3.562,6.49,6.49,m,100%,model,
seth-rogen,4.5,m,white,train,seth-rogen/5.jpg,images/roster/seth-rogen/5.jpg,5.jpg,2026-08-18T11:01:04.706Z,scored,,3.208,6.15,6.15,m,100%,model,
shaelah-mcgilton,8.4,f,mixed,validation,shaelah-mcgilton/1.jpg,images/roster/shaelah-mcgilton/1.jpg,1.jpg,2026-08-18T11:01:05.010Z,scored,,3.922,7.01,7.01,f,100%,model,non-standard framing (head turned (~15°); head tilted sideways (~15°)) — scored on your override; expect a rougher read.
shakira,8.4,f,latino,train,shakira/1.jpg,images/roster/shakira/1.jpg,1.jpg,2026-08-18T11:01:05.315Z,scored,,3.739,6.70,6.70,f,100%,model,non-standard framing (head turned (~15°)) — scored on your override; expect a rougher read.
shakira,8.4,f,latino,train,shakira/2.jpg,images/roster/shakira/2.jpg,2.jpg,2026-08-18T11:01:05.608Z,scored,,3.304,6.24,6.24,f,100%,model,
shakira,8.4,f,latino,train,shakira/3.jpg,images/roster/shakira/3.jpg,3.jpg,2026-08-18T11:01:05.924Z,scored,,3.672,6.61,6.61,f,100%,model,non-standard framing (head turned (~16°)) — scored on your override; expect a rougher read.
shakira,8.4,f,latino,train,shakira/4.jpg,images/roster/shakira/4.jpg,4.jpg,2026-08-18T11:01:06.210Z,scored,,2.913,5.70,5.70,f,100%,model,
shia-labeouf,6.5,m,white,validation,shia-labeouf/1.jpg,images/roster/shia-labeouf/1.jpg,1.jpg,2026-08-18T11:01:06.539Z,scored,,3.352,6.29,6.29,m,100%,model,
shia-labeouf,6.5,m,white,validation,shia-labeouf/2.jpg,images/roster/shia-labeouf/2.jpg,2.jpg,2026-08-18T11:01:06.840Z,scored,,3.415,6.35,6.35,m,100%,model,non-standard framing (head turned (~21°)) — scored on your override; expect a rougher read.
shia-labeouf,6.5,m,white,validation,shia-labeouf/3.jpg,images/roster/shia-labeouf/3.jpg,3.jpg,2026-08-18T11:01:07.131Z,scored,,3.212,6.15,6.15,m,100%,model,
shia-labeouf,6.5,m,white,validation,shia-labeouf/4.jpg,images/roster/shia-labeouf/4.jpg,4.jpg,2026-08-18T11:01:07.427Z,scored,,3.929,7.03,7.03,m,100%,model,
shia-labeouf,6.5,m,white,validation,shia-labeouf/5.jpg,images/roster/shia-labeouf/5.jpg,5.jpg,2026-08-18T11:01:07.720Z,scored,,3.763,6.74,6.74,m,100%,model,non-standard framing (head turned (~16°)) — scored on your override; expect a rougher read.
shohei-ohtani,7.5,m,east-asian,train,shohei-ohtani/1.jpg,images/roster/shohei-ohtani/1.jpg,1.jpg,2026-08-18T11:01:08.061Z,refused,"No face found — try a clearer, front-facing shot.",,,,,,,
shohei-ohtani,7.5,m,east-asian,train,shohei-ohtani/2.jpg,images/roster/shohei-ohtani/2.jpg,2.jpg,2026-08-18T11:01:08.713Z,refused,"No face found — try a clearer, front-facing shot.",,,,,,,
shohei-ohtani,7.5,m,east-asian,train,shohei-ohtani/3.jpg,images/roster/shohei-ohtani/3.jpg,3.jpg,2026-08-18T11:01:09.352Z,refused,"No face found — try a clearer, front-facing shot.",,,,,,,
simone-biles,6.5,f,black,validation,simone-biles/1.jpg,images/roster/simone-biles/1.jpg,1.jpg,2026-08-18T11:01:09.997Z,scored,,2.682,4.70,4.70,f,100%,model,non-standard framing (head turned (~22°); head tilted sideways (~15°)) — scored on your override; expect a rougher read.
simone-biles,6.5,f,black,validation,simone-biles/2.jpg,images/roster/simone-biles/2.jpg,2.jpg,2026-08-18T11:01:10.276Z,scored,,2.509,3.90,3.90,f,79%,model,non-standard framing (head turned (~18°)) — scored on your override; expect a rougher read.
simone-biles,6.5,f,black,validation,simone-biles/3.jpg,images/roster/simone-biles/3.jpg,3.jpg,2026-08-18T11:01:10.592Z,refused,"No face found — try a clearer, front-facing shot.",,,,,,,
simone-biles,6.5,f,black,validation,simone-biles/4.jpg,images/roster/simone-biles/4.jpg,4.jpg,2026-08-18T11:01:11.261Z,refused,This angle is too far off to measure — head turned (~30°). Retake facing the camera square-on.,,,,,,,
simu-liu,7.7,m,east-asian,train,simu-liu/1.jpg,images/roster/simu-liu/1.jpg,1.jpg,2026-08-18T11:01:11.904Z,scored,,2.700,4.79,4.79,m,100%,model,"small/distant face (~110px of real detail) — score is rougher than a tight, sharp headshot. · non-standard framing (head turned (~24°)) — scored on your override; expect a rougher read."
simu-liu,7.7,m,east-asian,train,simu-liu/2.jpg,images/roster/simu-liu/2.jpg,2.jpg,2026-08-18T11:01:12.275Z,scored,,2.678,4.68,4.68,m,100%,model,"small/distant face (~79px of real detail) — score is rougher than a tight, sharp headshot. · non-standard framing (head turned (~18°)) — scored on your override; expect a rougher read."
simu-liu,7.7,m,east-asian,train,simu-liu/3.jpg,images/roster/simu-liu/3.jpg,3.jpg,2026-08-18T11:01:12.580Z,scored,,2.670,4.64,4.64,m,100%,model,
snoop-dogg,5.4,m,black,validation,snoop-dogg/1.jpg,images/roster/snoop-dogg/1.jpg,1.jpg,2026-08-18T11:01:12.872Z,scored,,2.842,5.50,5.50,m,100%,model,non-standard framing (head tilted sideways (~13°)) — scored on your override; expect a rougher read.
snoop-dogg,5.4,m,black,validation,snoop-dogg/2.jpg,images/roster/snoop-dogg/2.jpg,2.jpg,2026-08-18T11:01:13.168Z,scored,,2.784,5.24,5.24,m,100%,model,non-standard framing (head turned (~17°)) — scored on your override; expect a rougher read.
snoop-dogg,5.4,m,black,validation,snoop-dogg/3.jpg,images/roster/snoop-dogg/3.jpg,3.jpg,2026-08-18T11:01:13.457Z,refused,"No face found — try a clearer, front-facing shot.",,,,,,,
snoop-dogg,5.4,m,black,validation,snoop-dogg/4.jpg,images/roster/snoop-dogg/4.jpg,4.jpg,2026-08-18T11:01:14.118Z,refused,"No face found — try a clearer, front-facing shot.",,,,,,,
sofia-vergara,8.8,f,latino,validation,sofia-vergara/1.jpg,images/roster/sofia-vergara/1.jpg,1.jpg,2026-08-18T11:01:14.764Z,scored,,3.658,6.60,6.60,f,100%,model,non-standard framing (head turned (~16°)) — scored on your override; expect a rougher read.
sofia-vergara,8.8,f,latino,validation,sofia-vergara/2.jpg,images/roster/sofia-vergara/2.jpg,2.jpg,2026-08-18T11:01:15.073Z,scored,,2.940,5.75,5.75,f,100%,model,
sofia-vergara,8.8,f,latino,validation,sofia-vergara/3.jpg,images/roster/sofia-vergara/3.jpg,3.jpg,2026-08-18T11:01:15.382Z,scored,,3.902,6.97,6.97,f,100%,model,
sofia-vergara,8.8,f,latino,validation,sofia-vergara/4.jpg,images/roster/sofia-vergara/4.jpg,4.jpg,2026-08-18T11:01:15.693Z,scored,,3.209,6.15,6.15,f,100%,model,non-standard framing (head turned (~15°)) — scored on your override; expect a rougher read.
spencer-pratt,5.5,m,white,train,spencer-pratt/3.jpg,images/roster/spencer-pratt/3.jpg,3.jpg,2026-08-18T11:01:16.010Z,scored,,2.927,5.73,5.73,m,100%,model,non-standard framing (head turned (~18°)) — scored on your override; expect a rougher read.
spencer-pratt,5.5,m,white,train,spencer-pratt/4.jpg,images/roster/spencer-pratt/4.jpg,4.jpg,2026-08-18T11:01:16.297Z,scored,,3.433,6.37,6.37,m,100%,model,
spencer-pratt,5.5,m,white,train,spencer-pratt/5.jpg,images/roster/spencer-pratt/5.jpg,5.jpg,2026-08-18T11:01:16.578Z,scored,,3.223,6.16,6.16,m,100%,model,
spencer-pratt,5.5,m,white,train,spencer-pratt/6.jpg,images/roster/spencer-pratt/6.jpg,6.jpg,2026-08-18T11:01:16.891Z,scored,,3.299,6.24,6.24,m,100%,model,
steve-buscemi,2.5,m,white,holdout,steve-buscemi/1.jpg,images/roster/steve-buscemi/1.jpg,1.jpg,2026-08-18T11:01:17.192Z,scored,,2.851,5.53,5.53,m,100%,model,non-standard framing (head turned (~16°)) — scored on your override; expect a rougher read.
steve-buscemi,2.5,m,white,holdout,steve-buscemi/3.jpg,images/roster/steve-buscemi/3.jpg,3.jpg,2026-08-18T11:01:17.493Z,scored,,2.881,5.62,5.62,m,99%,model,
steve-buscemi,2.5,m,white,holdout,steve-buscemi/5.jpg,images/roster/steve-buscemi/5.jpg,5.jpg,2026-08-18T11:01:17.796Z,scored,,2.700,4.78,4.78,m,100%,model,
steve-buscemi,2.5,m,white,holdout,steve-buscemi/6.jpg,images/roster/steve-buscemi/6.jpg,6.jpg,2026-08-18T11:01:18.110Z,scored,,3.016,5.90,5.90,m,100%,model,
steve-buscemi,2.5,m,white,holdout,steve-buscemi/7.jpg,images/roster/steve-buscemi/7.jpg,7.jpg,2026-08-18T11:01:18.412Z,scored,,2.743,5.01,5.01,m,100%,model,
susan-boyle,3.0,f,white,train,susan-boyle/1.jpg,images/roster/susan-boyle/1.jpg,1.jpg,2026-08-18T11:01:18.707Z,refused,This angle is too far off to measure — head turned (~41°); head tilted sideways (~12°). Retake facing the camera square-on.,,,,,,,
susan-boyle,3.0,f,white,train,susan-boyle/2.jpg,images/roster/susan-boyle/2.jpg,2.jpg,2026-08-18T11:01:19.374Z,refused,"No face found — try a clearer, front-facing shot.",,,,,,,
susan-boyle,3.0,f,white,train,susan-boyle/4.jpg,images/roster/susan-boyle/4.jpg,4.jpg,2026-08-18T11:01:20.088Z,scored,,1.883,2.10,2.10,f,100%,model,
susan-boyle,3.0,f,white,train,susan-boyle/5.jpg,images/roster/susan-boyle/5.jpg,5.jpg,2026-08-18T11:01:20.437Z,scored,,2.830,5.45,5.45,f,73%,model,
susan-boyle,3.0,f,white,train,susan-boyle/6.jpg,images/roster/susan-boyle/6.jpg,6.jpg,2026-08-18T11:01:20.726Z,scored,,2.687,4.73,4.73,f,100%,model,
sydney-sweeney,9.0,f,white,holdout,sydney-sweeney/1.jpg,images/roster/sydney-sweeney/1.jpg,1.jpg,2026-08-18T11:01:21.037Z,scored,,3.223,6.16,6.16,f,100%,model,
sydney-sweeney,9.0,f,white,holdout,sydney-sweeney/2.jpg,images/roster/sydney-sweeney/2.jpg,2.jpg,2026-08-18T11:01:21.344Z,scored,,3.550,6.47,6.47,f,100%,model,
sydney-sweeney,9.0,f,white,holdout,sydney-sweeney/3.jpg,images/roster/sydney-sweeney/3.jpg,3.jpg,2026-08-18T11:01:21.682Z,scored,,3.252,6.19,6.19,f,100%,model,
sydney-sweeney,9.0,f,white,holdout,sydney-sweeney/4.jpg,images/roster/sydney-sweeney/4.jpg,4.jpg,2026-08-18T11:01:22.004Z,scored,,3.361,6.29,6.29,f,100%,model,non-standard framing (head tilted sideways (~24°)) — scored on your override; expect a rougher read.
sydney-sweeney,9.0,f,white,holdout,sydney-sweeney/5.jpg,images/roster/sydney-sweeney/5.jpg,5.jpg,2026-08-18T11:01:22.316Z,scored,,4.021,7.33,7.33,f,100%,model,
taylor-swift,7.5,f,white,validation,taylor-swift/2.jpg,images/roster/taylor-swift/2.jpg,2.jpg,2026-08-18T11:01:22.612Z,scored,,3.875,6.93,6.93,f,100%,model,
taylor-swift,7.5,f,white,validation,taylor-swift/3.jpg,images/roster/taylor-swift/3.jpg,3.jpg,2026-08-18T11:01:22.951Z,scored,,2.031,2.23,2.23,f,100%,model,non-standard framing (head turned (~22°)) — scored on your override; expect a rougher read.
taylor-swift,7.5,f,white,validation,taylor-swift/5.jpg,images/roster/taylor-swift/5.jpg,5.jpg,2026-08-18T11:01:23.331Z,scored,,3.499,6.42,6.42,f,100%,model,
taylor-swift,7.5,f,white,validation,taylor-swift/6.jpg,images/roster/taylor-swift/6.jpg,6.jpg,2026-08-18T11:01:23.690Z,refused,"No face found — try a clearer, front-facing shot.",,,,,,,
taylor-swift,7.5,f,white,validation,taylor-swift/7.jpg,images/roster/taylor-swift/7.jpg,7.jpg,2026-08-18T11:01:24.401Z,scored,,4.027,7.35,7.35,f,100%,model,
tekashi-6ix9ine,4.0,m,latino,validation,tekashi-6ix9ine/1.jpg,images/roster/tekashi-6ix9ine/1.jpg,1.jpg,2026-08-18T11:01:24.693Z,scored,,2.994,5.86,5.86,m,99%,model,
tekashi-6ix9ine,4.0,m,latino,validation,tekashi-6ix9ine/3.jpg,images/roster/tekashi-6ix9ine/3.jpg,3.jpg,2026-08-18T11:01:24.990Z,scored,,2.749,5.05,5.05,m,67%,model,non-standard framing (head turned (~24°)) — scored on your override; expect a rougher read.
tekashi-6ix9ine,4.0,m,latino,validation,tekashi-6ix9ine/4.jpg,images/roster/tekashi-6ix9ine/4.jpg,4.jpg,2026-08-18T11:01:25.367Z,scored,,1.989,2.19,2.19,m,98%,model,
tekashi-6ix9ine,4.0,m,latino,validation,tekashi-6ix9ine/5.jpg,images/roster/tekashi-6ix9ine/5.jpg,5.jpg,2026-08-18T11:01:25.749Z,scored,,2.563,4.13,4.13,m,95%,model,
the-weeknd,6.0,m,black,train,the-weeknd/1.jpg,images/roster/the-weeknd/1.jpg,1.jpg,2026-08-18T11:01:26.110Z,scored,,3.299,6.24,6.24,m,100%,model,
the-weeknd,6.0,m,black,train,the-weeknd/2.jpg,images/roster/the-weeknd/2.jpg,2.jpg,2026-08-18T11:01:26.407Z,scored,,3.843,6.86,6.86,m,100%,model,
the-weeknd,6.0,m,black,train,the-weeknd/3.jpg,images/roster/the-weeknd/3.jpg,3.jpg,2026-08-18T11:01:26.710Z,scored,,2.996,5.86,5.86,m,100%,model,
the-weeknd,6.0,m,black,train,the-weeknd/4.jpg,images/roster/the-weeknd/4.jpg,4.jpg,2026-08-18T11:01:27.048Z,scored,,3.264,6.20,6.20,m,100%,model,
the-weeknd,6.0,m,black,train,the-weeknd/5.jpg,images/roster/the-weeknd/5.jpg,5.jpg,2026-08-18T11:01:27.386Z,scored,,3.907,6.98,6.98,m,100%,model,
tifa-lockhart,9.5,f,other,train,tifa-lockhart/1.jpg,images/roster/tifa-lockhart/1.jpg,1.jpg,2026-08-18T11:01:27.717Z,scored,,3.414,6.35,6.35,f,100%,model,non-standard framing (head turned (~21°); head tilted sideways (~18°)) — scored on your override; expect a rougher read.
tifa-lockhart,9.5,f,other,train,tifa-lockhart/2.jpg,images/roster/tifa-lockhart/2.jpg,2.jpg,2026-08-18T11:01:28.053Z,refused,This angle is too far off to measure — head turned (~28°); head tilted sideways (~21°). Retake facing the camera square-on.,,,,,,,
tifa-lockhart,9.5,f,other,train,tifa-lockhart/3.jpg,images/roster/tifa-lockhart/3.jpg,3.jpg,2026-08-18T11:01:28.737Z,scored,,2.756,5.11,5.11,f,100%,model,non-standard framing (head turned (~18°); head tilted sideways (~17°)) — scored on your override; expect a rougher read.
tifa-lockhart,9.5,f,other,train,tifa-lockhart/4.jpg,images/roster/tifa-lockhart/4.jpg,4.jpg,2026-08-18T11:01:29.067Z,scored,,3.839,6.85,6.85,f,100%,model,non-standard framing (head turned (~20°); head tilted sideways (~11°)) — scored on your override; expect a rougher read.
tifa-lockhart,9.5,f,other,train,tifa-lockhart/5.jpg,images/roster/tifa-lockhart/5.jpg,5.jpg,2026-08-18T11:01:29.375Z,refused,This angle is too far off to measure — head turned (~22°); head tilted sideways (~27°). Retake facing the camera square-on.,,,,,,,
tila-tequila,5.0,f,east-asian,train,tila-tequila/3.jpg,images/roster/tila-tequila/3.jpg,3.jpg,2026-08-18T11:01:30.051Z,scored,,3.421,6.36,6.36,f,100%,model,"small/distant face (~68px of real detail) — score is rougher than a tight, sharp headshot."
tila-tequila,5.0,f,east-asian,train,tila-tequila/4.jpg,images/roster/tila-tequila/4.jpg,4.jpg,2026-08-18T11:01:30.354Z,scored,,3.286,6.22,6.22,f,100%,model,"small/distant face (~63px of real detail) — score is rougher than a tight, sharp headshot. · non-standard framing (head turned (~15°)) — scored on your override; expect a rougher read."
tila-tequila,5.0,f,east-asian,train,tila-tequila/5.jpg,images/roster/tila-tequila/5.jpg,5.jpg,2026-08-18T11:01:30.663Z,scored,,3.546,6.47,6.47,f,100%,model,
tila-tequila,5.0,f,east-asian,train,tila-tequila/6.jpg,images/roster/tila-tequila/6.jpg,6.jpg,2026-08-18T11:01:31.074Z,scored,,3.418,6.35,6.35,f,100%,model,
tila-tequila,5.0,f,east-asian,train,tila-tequila/7.jpg,images/roster/tila-tequila/7.jpg,7.jpg,2026-08-18T11:01:31.502Z,scored,,3.469,6.40,6.40,f,100%,model,non-standard framing (head turned (~19°); head tilted sideways (~17°)) — scored on your override; expect a rougher read.
timothee-chalamet,8.5,m,white,train,timothee-chalamet/1.jpg,images/roster/timothee-chalamet/1.jpg,1.jpg,2026-08-18T11:01:31.902Z,scored,,4.135,7.75,7.75,m,100%,model,
timothee-chalamet,8.5,m,white,train,timothee-chalamet/2.jpg,images/roster/timothee-chalamet/2.jpg,2.jpg,2026-08-18T11:01:32.228Z,scored,,4.285,8.49,8.49,m,100%,model,
timothee-chalamet,8.5,m,white,train,timothee-chalamet/3.jpg,images/roster/timothee-chalamet/3.jpg,3.jpg,2026-08-18T11:01:32.656Z,scored,,4.273,8.41,8.41,m,100%,model,
timothee-chalamet,8.5,m,white,train,timothee-chalamet/4.jpg,images/roster/timothee-chalamet/4.jpg,4.jpg,2026-08-18T11:01:33.094Z,scored,,4.523,9.69,9.69,m,98%,model,non-standard framing (head turned (~15°)) — scored on your override; expect a rougher read.
timothee-chalamet,8.5,m,white,train,timothee-chalamet/5.jpg,images/roster/timothee-chalamet/5.jpg,5.jpg,2026-08-18T11:01:33.444Z,scored,,4.057,7.47,7.47,m,100%,model,
tom-brady,8.0,m,white,validation,tom-brady/2.jpg,images/roster/tom-brady/2.jpg,2.jpg,2026-08-18T11:01:33.831Z,scored,,3.262,6.20,6.20,m,100%,model,non-standard framing (head tilted sideways (~15°)) — scored on your override; expect a rougher read.
tom-brady,8.0,m,white,validation,tom-brady/3.jpg,images/roster/tom-brady/3.jpg,3.jpg,2026-08-18T11:01:34.203Z,refused,This angle is too far off to measure — head turned (~41°). Retake facing the camera square-on.,,,,,,,
tom-brady,8.0,m,white,validation,tom-brady/4.jpg,images/roster/tom-brady/4.jpg,4.jpg,2026-08-18T11:01:34.870Z,refused,"No face found — try a clearer, front-facing shot.",,,,,,,
tom-brady,8.0,m,white,validation,tom-brady/5.jpg,images/roster/tom-brady/5.jpg,5.jpg,2026-08-18T11:01:35.576Z,scored,,3.684,6.63,6.63,m,100%,model,
tom-cruise,8.7,m,white,validation,tom-cruise/1.jpg,images/roster/tom-cruise/1.jpg,1.jpg,2026-08-18T11:01:35.883Z,scored,,2.873,5.59,5.59,m,99%,model,
tom-cruise,8.7,m,white,validation,tom-cruise/2.jpg,images/roster/tom-cruise/2.jpg,2.jpg,2026-08-18T11:01:36.184Z,scored,,2.950,5.78,5.78,m,100%,model,non-standard framing (head turned (~18°)) — scored on your override; expect a rougher read.
tom-cruise,8.7,m,white,validation,tom-cruise/3.jpg,images/roster/tom-cruise/3.jpg,3.jpg,2026-08-18T11:01:36.525Z,refused,"No face found — try a clearer, front-facing shot.",,,,,,,
tom-cruise,8.7,m,white,validation,tom-cruise/4.jpg,images/roster/tom-cruise/4.jpg,4.jpg,2026-08-18T11:01:37.184Z,refused,This angle is too far off to measure — head turned (~42°); head tilted sideways (~17°). Retake facing the camera square-on.,,,,,,,
tonya-harding,4.0,f,white,holdout,tonya-harding/1.jpg,images/roster/tonya-harding/1.jpg,1.jpg,2026-08-18T11:01:37.873Z,scored,,2.921,5.72,5.72,f,100%,model,
tonya-harding,4.0,f,white,holdout,tonya-harding/3.jpg,images/roster/tonya-harding/3.jpg,3.jpg,2026-08-18T11:01:38.195Z,scored,,2.685,4.72,4.72,f,100%,model,
tonya-harding,4.0,f,white,holdout,tonya-harding/4.jpg,images/roster/tonya-harding/4.jpg,4.jpg,2026-08-18T11:01:38.517Z,refused,This angle is too far off to measure — head turned (~28°); head tilted sideways (~13°). Retake facing the camera square-on.,,,,,,,
tonya-harding,4.0,f,white,holdout,tonya-harding/5.jpg,images/roster/tonya-harding/5.jpg,5.jpg,2026-08-18T11:01:39.232Z,scored,,2.878,5.61,5.61,f,100%,model,
travis-kelce,7.0,m,white,validation,travis-kelce/1.jpg,images/roster/travis-kelce/1.jpg,1.jpg,2026-08-18T11:01:39.546Z,scored,,3.183,6.12,6.12,m,100%,model,
travis-kelce,7.0,m,white,validation,travis-kelce/2.jpg,images/roster/travis-kelce/2.jpg,2.jpg,2026-08-18T11:01:39.855Z,scored,,3.149,6.08,6.08,m,100%,model,non-standard framing (head turned (~21°); head tilted sideways (~24°)) — scored on your override; expect a rougher read.
travis-kelce,7.0,m,white,validation,travis-kelce/3.jpg,images/roster/travis-kelce/3.jpg,3.jpg,2026-08-18T11:01:40.167Z,scored,,3.841,6.86,6.86,m,100%,model,
travis-kelce,7.0,m,white,validation,travis-kelce/4.jpg,images/roster/travis-kelce/4.jpg,4.jpg,2026-08-18T11:01:40.482Z,scored,,3.214,6.15,6.15,m,100%,model,
travis-kelce,7.0,m,white,validation,travis-kelce/5.jpg,images/roster/travis-kelce/5.jpg,5.jpg,2026-08-18T11:01:40.831Z,scored,,3.226,6.17,6.17,m,100%,model,
trisha-paytas,5.0,f,white,train,trisha-paytas/1.jpg,images/roster/trisha-paytas/1.jpg,1.jpg,2026-08-18T11:01:41.167Z,scored,,2.880,5.61,5.61,f,99%,model,
trisha-paytas,5.0,f,white,train,trisha-paytas/2.jpg,images/roster/trisha-paytas/2.jpg,2.jpg,2026-08-18T11:01:41.476Z,scored,,3.391,6.33,6.33,f,100%,model,
trisha-paytas,5.0,f,white,train,trisha-paytas/3.jpg,images/roster/trisha-paytas/3.jpg,3.jpg,2026-08-18T11:01:41.811Z,scored,,2.907,5.68,5.68,f,100%,model,
trisha-paytas,5.0,f,white,train,trisha-paytas/4.jpg,images/roster/trisha-paytas/4.jpg,4.jpg,2026-08-18T11:01:42.138Z,scored,,2.842,5.50,5.50,f,100%,model,"small/distant face (~106px of real detail) — score is rougher than a tight, sharp headshot."
trisha-paytas,5.0,f,white,train,trisha-paytas/5.jpg,images/roster/trisha-paytas/5.jpg,5.jpg,2026-08-18T11:01:42.497Z,scored,,3.578,6.50,6.50,f,100%,model,
triss-merigold,8.5,f,white,train,triss-merigold/1.jpg,images/roster/triss-merigold/1.jpg,1.jpg,2026-08-18T11:01:42.817Z,scored,,3.307,6.24,6.24,f,100%,model,non-standard framing (head turned (~22°); head tilted sideways (~23°)) — scored on your override; expect a rougher read.
triss-merigold,8.5,f,white,train,triss-merigold/2.jpg,images/roster/triss-merigold/2.jpg,2.jpg,2026-08-18T11:01:43.132Z,scored,,2.954,5.79,5.79,f,100%,model,non-standard framing (head turned (~25°); head tilted sideways (~16°)) — scored on your override; expect a rougher read.
triss-merigold,8.5,f,white,train,triss-merigold/3.jpg,images/roster/triss-merigold/3.jpg,3.jpg,2026-08-18T11:01:43.499Z,scored,,3.783,6.76,6.76,f,100%,model,non-standard framing (head turned (~15°)) — scored on your override; expect a rougher read.
triss-merigold,8.5,f,white,train,triss-merigold/4.jpg,images/roster/triss-merigold/4.jpg,4.jpg,2026-08-18T11:01:43.896Z,refused,This angle is too far off to measure — head turned (~26°). Retake facing the camera square-on.,,,,,,,
triss-merigold,8.5,f,white,train,triss-merigold/5.jpg,images/roster/triss-merigold/5.jpg,5.jpg,2026-08-18T11:01:44.674Z,scored,,3.588,6.52,6.52,f,100%,model,
tyson-fury,5.6,m,white,train,tyson-fury/1.jpg,images/roster/tyson-fury/1.jpg,1.jpg,2026-08-18T11:01:44.973Z,refused,This angle is too far off to measure — head turned (~35°); head tilted sideways (~16°). Retake facing the camera square-on.,,,,,,,
tyson-fury,5.6,m,white,train,tyson-fury/2.jpg,images/roster/tyson-fury/2.jpg,2.jpg,2026-08-18T11:01:45.643Z,scored,,2.989,5.85,5.85,m,100%,model,"small/distant face (~107px of real detail) — score is rougher than a tight, sharp headshot. · non-standard framing (head tilted sideways (~17°)) — scored on your override; expect a rougher read."
usain-bolt,7.7,m,black,train,usain-bolt/1.jpg,images/roster/usain-bolt/1.jpg,1.jpg,2026-08-18T11:01:45.950Z,refused,This angle is too far off to measure — head turned (~29°). Retake facing the camera square-on.,,,,,,,
usain-bolt,7.7,m,black,train,usain-bolt/2.jpg,images/roster/usain-bolt/2.jpg,2.jpg,2026-08-18T11:01:46.633Z,scored,,2.965,5.81,5.81,m,100%,model,non-standard framing (head turned (~16°); head tilted sideways (~13°)) — scored on your override; expect a rougher read.
usain-bolt,7.7,m,black,train,usain-bolt/3.jpg,images/roster/usain-bolt/3.jpg,3.jpg,2026-08-18T11:01:46.982Z,scored,,2.560,4.11,4.11,m,89%,model,non-standard framing (head turned (~21°)) — scored on your override; expect a rougher read.
usain-bolt,7.7,m,black,train,usain-bolt/4.jpg,images/roster/usain-bolt/4.jpg,4.jpg,2026-08-18T11:01:47.344Z,refused,This angle is too far off to measure — head turned (~65°); head tilted sideways (~12°). Retake facing the camera square-on.,,,,,,,
valkyrae,8.0,f,mixed,train,valkyrae/1.jpg,images/roster/valkyrae/1.jpg,1.jpg,2026-08-18T11:01:48.064Z,refused,This angle is too far off to measure — head tilted sideways (~27°). Retake facing the camera square-on.,,,,,,,
valkyrae,8.0,f,mixed,train,valkyrae/2.jpg,images/roster/valkyrae/2.jpg,2.jpg,2026-08-18T11:01:48.758Z,scored,,2.334,3.24,3.24,f,100%,model,
valkyrae,8.0,f,mixed,train,valkyrae/5.jpg,images/roster/valkyrae/5.jpg,5.jpg,2026-08-18T11:01:49.061Z,scored,,3.496,6.42,6.42,f,99%,model,non-standard framing (head turned (~18°); head tilted sideways (~20°)) — scored on your override; expect a rougher read.
valkyrae,8.0,f,mixed,train,valkyrae/6.jpg,images/roster/valkyrae/6.jpg,6.jpg,2026-08-18T11:01:49.397Z,scored,,2.920,5.72,5.72,f,100%,model,
valkyrae,8.0,f,mixed,train,valkyrae/7.jpg,images/roster/valkyrae/7.jpg,7.jpg,2026-08-18T11:01:49.728Z,scored,,3.738,6.70,6.70,f,100%,model,
vera-lux,9.0,f,white,holdout,vera-lux/1.jpg,images/roster/vera-lux/1.jpg,1.jpg,2026-08-18T11:01:50.077Z,scored,,3.557,6.48,6.48,f,100%,model,non-standard framing (head turned (~25°); head tilted sideways (~19°)) — scored on your override; expect a rougher read.
vera-lux,9.0,f,white,holdout,vera-lux/2.jpg,images/roster/vera-lux/2.jpg,2.jpg,2026-08-18T11:01:50.407Z,refused,This angle is too far off to measure — head turned (~24°); head tilted sideways (~27°). Retake facing the camera square-on.,,,,,,,
vera-lux,9.0,f,white,holdout,vera-lux/3.jpg,images/roster/vera-lux/3.jpg,3.jpg,2026-08-18T11:01:51.127Z,refused,This angle is too far off to measure — head turned (~28°); head tilted sideways (~12°). Retake facing the camera square-on.,,,,,,,
vera-lux,9.0,f,white,holdout,vera-lux/4.jpg,images/roster/vera-lux/4.jpg,4.jpg,2026-08-18T11:01:51.868Z,scored,,3.428,6.36,6.36,f,100%,model,non-standard framing (head turned (~23°); head tilted sideways (~18°)) — scored on your override; expect a rougher read.
vera-lux,9.0,f,white,holdout,vera-lux/5.jpg,images/roster/vera-lux/5.jpg,5.jpg,2026-08-18T11:01:52.178Z,scored,,3.662,6.60,6.60,f,100%,model,non-standard framing (head turned (~23°); head tilted sideways (~21°)) — scored on your override; expect a rougher read.
victoria-justice,8.5,f,latino,train,victoria-justice/1.jpg,images/roster/victoria-justice/1.jpg,1.jpg,2026-08-18T11:01:52.500Z,scored,,3.043,5.94,5.94,f,100%,model,"small/distant face (~73px of real detail) — score is rougher than a tight, sharp headshot."
victoria-justice,8.5,f,latino,train,victoria-justice/2.jpg,images/roster/victoria-justice/2.jpg,2.jpg,2026-08-18T11:01:52.821Z,scored,,3.572,6.50,6.50,f,100%,model,
victoria-justice,8.5,f,latino,train,victoria-justice/3.jpg,images/roster/victoria-justice/3.jpg,3.jpg,2026-08-18T11:01:53.146Z,scored,,3.143,6.08,6.08,f,100%,model,non-standard framing (head turned (~18°)) — scored on your override; expect a rougher read.
victoria-justice,8.5,f,latino,train,victoria-justice/4.jpg,images/roster/victoria-justice/4.jpg,4.jpg,2026-08-18T11:01:53.489Z,scored,,2.571,4.16,4.16,f,100%,model,non-standard framing (head tilted sideways (~24°)) — scored on your override; expect a rougher read.
victoria-justice,8.5,f,latino,train,victoria-justice/5.jpg,images/roster/victoria-justice/5.jpg,5.jpg,2026-08-18T11:01:53.870Z,refused,This angle is too far off to measure — head turned (~27°); head tilted sideways (~17°). Retake facing the camera square-on.,,,,,,,
whispersred,6.0,f,white,holdout,whispersred/2.jpg,images/roster/whispersred/2.jpg,2.jpg,2026-08-18T11:01:54.579Z,scored,,3.517,6.44,6.44,f,100%,model,non-standard framing (head turned (~18°); head tilted sideways (~16°)) — scored on your override; expect a rougher read.
whispersred,6.0,f,white,holdout,whispersred/4.jpg,images/roster/whispersred/4.jpg,4.jpg,2026-08-18T11:01:54.890Z,scored,,3.856,6.89,6.89,f,100%,model,non-standard framing (head turned (~20°); head tilted sideways (~14°)) — scored on your override; expect a rougher read.
whoopi-goldberg,3.5,f,black,validation,whoopi-goldberg/2.jpg,images/roster/whoopi-goldberg/2.jpg,2.jpg,2026-08-18T11:01:55.209Z,scored,,1.579,1.70,1.70,f,96%,model,
whoopi-goldberg,3.5,f,black,validation,whoopi-goldberg/3.jpg,images/roster/whoopi-goldberg/3.jpg,3.jpg,2026-08-18T11:01:55.543Z,scored,,2.572,4.16,4.16,f,67%,model,non-standard framing (head turned (~20°)) — scored on your override; expect a rougher read.
whoopi-goldberg,3.5,f,black,validation,whoopi-goldberg/4.jpg,images/roster/whoopi-goldberg/4.jpg,4.jpg,2026-08-18T11:01:55.878Z,scored,,2.514,3.92,3.92,f,86%,model,
whoopi-goldberg,3.5,f,black,validation,whoopi-goldberg/5.jpg,images/roster/whoopi-goldberg/5.jpg,5.jpg,2026-08-18T11:01:56.195Z,scored,,1.826,2.05,2.05,f,96%,model,
whoopi-goldberg,3.5,f,black,validation,whoopi-goldberg/6.jpg,images/roster/whoopi-goldberg/6.jpg,6.jpg,2026-08-18T11:01:56.495Z,scored,,2.622,4.37,4.37,f,99%,model,
will-smith,8.3,m,black,train,will-smith/1.jpg,images/roster/will-smith/1.jpg,1.jpg,2026-08-18T11:01:56.811Z,refused,This angle is too far off to measure — head turned (~29°). Retake facing the camera square-on.,,,,,,,
will-smith,8.3,m,black,train,will-smith/2.jpg,images/roster/will-smith/2.jpg,2.jpg,2026-08-18T11:01:57.548Z,refused,"No face found — try a clearer, front-facing shot.",,,,,,,
will-smith,8.3,m,black,train,will-smith/3.jpg,images/roster/will-smith/3.jpg,3.jpg,2026-08-18T11:01:58.249Z,refused,"No face found — try a clearer, front-facing shot.",,,,,,,
will-smith,8.3,m,black,train,will-smith/4.jpg,images/roster/will-smith/4.jpg,4.jpg,2026-08-18T11:01:58.977Z,scored,,2.624,4.38,4.38,m,99%,model,
xqc,5.4,m,white,train,xqc/1.jpg,images/roster/xqc/1.jpg,1.jpg,2026-08-18T11:01:59.305Z,scored,,3.728,6.68,6.68,m,100%,model,"small/distant face (~107px of real detail) — score is rougher than a tight, sharp headshot."
xqc,5.4,m,white,train,xqc/2.jpg,images/roster/xqc/2.jpg,2.jpg,2026-08-18T11:01:59.652Z,refused,This angle is too far off to measure — head turned (~27°); head tilted sideways (~29°). Retake facing the camera square-on.,,,,,,,
zayn-malik,8.5,m,mixed,validation,zayn-malik/1.jpg,images/roster/zayn-malik/1.jpg,1.jpg,2026-08-18T11:02:00.362Z,scored,,4.415,9.02,9.02,m,100%,model,
zayn-malik,8.5,m,mixed,validation,zayn-malik/2.jpg,images/roster/zayn-malik/2.jpg,2.jpg,2026-08-18T11:02:00.670Z,scored,,4.287,8.50,8.50,m,100%,model,
zayn-malik,8.5,m,mixed,validation,zayn-malik/3.jpg,images/roster/zayn-malik/3.jpg,3.jpg,2026-08-18T11:02:01.001Z,scored,,3.752,6.72,6.72,m,100%,model,
zayn-malik,8.5,m,mixed,validation,zayn-malik/4.jpg,images/roster/zayn-malik/4.jpg,4.jpg,2026-08-18T11:02:01.344Z,scored,,4.049,7.44,7.44,m,100%,model,
zayn-malik,8.5,m,mixed,validation,zayn-malik/5.jpg,images/roster/zayn-malik/5.jpg,5.jpg,2026-08-18T11:02:01.711Z,scored,,4.120,7.69,7.69,m,100%,model,
zendaya,9.0,f,mixed,train,zendaya/2.jpg,images/roster/zendaya/2.jpg,2.jpg,2026-08-18T11:02:02.050Z,refused,This angle is too far off to measure — head turned (~34°); head tilted sideways (~22°). Retake facing the camera square-on.,,,,,,,
zendaya,9.0,f,mixed,train,zendaya/3.jpg,images/roster/zendaya/3.jpg,3.jpg,2026-08-18T11:02:02.742Z,scored,,3.176,6.11,6.11,f,100%,model,
zendaya,9.0,f,mixed,train,zendaya/4.jpg,images/roster/zendaya/4.jpg,4.jpg,2026-08-18T11:02:03.067Z,scored,,2.868,5.58,5.58,f,100%,model,
zendaya,9.0,f,mixed,train,zendaya/5.jpg,images/roster/zendaya/5.jpg,5.jpg,2026-08-18T11:02:03.386Z,refused,"No face found — try a clearer, front-facing shot.",,,,,,,
zendaya,9.0,f,mixed,train,zendaya/6.jpg,images/roster/zendaya/6.jpg,6.jpg,2026-08-18T11:02:04.097Z,scored,,3.688,6.63,6.63,f,100%,model,
