dataset,identity_id,split,expected_sex,editorial_ethnicity,expected_looks,image_path,before_raw,after_raw,raw_delta,before_display,after_display,before_abs_display_error,after_abs_display_error,display_error_improvement,before_rank_error,after_rank_error,rank_error_improvement,representative_image_before_raw,representative_image_after_raw,crop_requested_fits,crop_source_contained,crop_side_px,crop_shift_x_px,crop_shift_y_px,crop_pad_left_px,crop_pad_top_px,crop_pad_right_px,crop_pad_bottom_px,crop_padding_area_pct,crop_face_visible_pct,reliability
canonical,pete-davidson,train,m,white,5.0,images/roster/pete-davidson.jpg,3.449,3.075,-0.37399999999999967,6.3822635444317495,5.9807473655893375,1.3822635444317495,0.9807473655893375,0.401516178842412,0.49382716049382713,0.20987654320987653,0.2839506172839506,3.449,3.075,true,true,668.16,0,-91.52,0,0,0,0,0,94.82,non-standard framing (head turned (~17°)) — scored on your override; expect a rougher read.
canonical,keanu-reeves,train,m,mixed,8.5,images/roster/keanu-reeves.jpg,3.236,3.561,0.32499999999999973,6.17708166725816,6.484539220651611,2.32291833274184,2.0154607793483894,0.3074575533934505,0.30864197530864196,0.03703703703703698,0.271604938271605,3.236,3.561,true,true,727.37,0,-163.12,0,0,0,0,0,82.6,
canonical,conor-mcgregor,train,m,white,7.0,images/roster/conor-mcgregor.jpg,2.788,3.45,0.6620000000000004,5.259014447563939,6.383137208681331,1.7409855524360607,0.6168627913186686,1.124122761117392,0.33950617283950624,0.10493827160493818,0.23456790123456805,2.788,3.45,true,true,704.96,0,-143.28,0,0,0,0,0,85.55,
canonical,lena-dunham,validation,f,white,3.5,images/roster/lena-dunham.jpg,3.985,3.78,-0.20500000000000007,7.1870779139334875,6.7586105450701455,3.6870779139334875,3.2586105450701455,0.428467368863342,0.8132530120481928,0.6807228915662651,0.1325301204819277,3.985,3.78,true,true,705.44,0,-115.38,0,0,0,0,0,91.1,non-standard framing (head tilted sideways (~11°)) — scored on your override; expect a rougher read.
canonical,timothee-chalamet,train,m,white,8.5,images/roster/timothee-chalamet.jpg,3.883,3.622,-0.2610000000000001,6.941356557268792,6.557581036904657,1.5586434427312081,1.942418963095343,-0.38377552036413487,0.11111111111111116,0.012345679012345734,0.09876543209876543,3.883,3.622,true,true,704.73,0,-198.48,0,0,0,0,0,74.57,
canonical,george-clooney,train,m,white,8.5,images/roster/george-clooney.jpg,3.845,3.618,-0.2270000000000003,6.865930245276555,6.552673815738522,1.6340697547234448,1.9473261842614784,-0.31325642953803357,0.09876543209876543,0.012345679012345623,0.0864197530864198,3.845,3.618,true,true,696.65,0,-124.03,0,0,0,0,0,89.07,
canonical,amy-schumer,train,f,white,4.5,images/roster/amy-schumer.jpg,3.745,3.59,-0.15500000000000025,6.709116141435534,6.518677440437134,2.2091161414355343,2.018677440437134,0.1904387009984001,0.5783132530120483,0.4939759036144578,0.08433734939759047,3.745,3.59,true,true,769.2,-13.85,-110.86,0,0,0,0,0,93.82,non-standard framing (head turned (~17°)) — scored on your override; expect a rougher read.
canonical,harry-styles,train,m,white,8.0,images/roster/harry-styles.jpg,2.335,2.573,0.238,3.2424286895325203,4.164168645595328,4.75757131046748,3.8358313544046716,0.9217399560628081,0.6728395061728396,0.5987654320987654,0.07407407407407418,2.335,2.573,true,true,662.61,0,-113.5,0,0,0,0,0,90.02,
canonical,dwayne-johnson,holdout,m,mixed,7.5,images/roster/dwayne-johnson.jpg,3.306,3.458,0.15200000000000014,6.242226023077727,6.390138960351276,1.257773976922273,1.1098610396487238,0.14791293727354926,0.07407407407407407,0.024691358024691357,0.04938271604938271,3.306,3.458,true,true,750.29,0,-194.96,0,0,0,0,0,77.62,
canonical,tekashi-6ix9ine,validation,m,latino,4.0,images/roster/tekashi-6ix9ine.jpg,3.08,2.997,-0.08300000000000018,5.988847632931473,5.8633206639128685,1.9888476329314733,1.8633206639128685,0.12552696901860472,0.32098765432098764,0.2716049382716049,0.04938271604938271,3.08,2.997,true,true,256.07,0,-28.3,0,0,0,0,0,98.53,
canonical,courtney-clenney,holdout,f,white,7.9,images/roster/courtney-clenney.jpg,3.329,3.414,0.08499999999999996,6.26295061719778,6.350540395511751,1.6370493828022203,1.5494596044882494,0.08758977831397097,0.06626506024096385,0.01807228915662651,0.04819277108433734,3.329,3.414,true,true,281.77,0,-9.58,0,0,0,0,0,100,
canonical,emma-blackery,train,f,white,6.5,images/roster/emma-blackery.jpg,4.013,3.936,-0.07699999999999996,7.294172191762441,7.04697713303816,0.7941721917624411,0.5469771330381601,0.24719505872428105,0.5783132530120482,0.5301204819277109,0.04819277108433728,4.013,3.936,true,true,273.35,0,-16.69,0,0,0,0,0,100,
canonical,ksi,train,m,black,6.8,images/roster/ksi.jpg,3.23,3.227,-0.0030000000000001137,6.170691976294273,6.167502370605907,0.6293080237057271,0.6324976293940932,-0.003189605688366015,0.03703703703703709,0.0,0.03703703703703709,3.23,3.227,true,true,313.48,0,-8.97,0,0,0,0,0,100,non-standard framing (head turned (~23°); head tilted sideways (~11°)) — scored on your override; expect a rougher read.
canonical,drake,validation,m,mixed,7.0,images/roster/drake.jpg,3.131,3.131,0.0,6.060508738348647,6.060508738348647,0.9394912616513533,0.9394912616513533,0.0,0.11728395061728403,0.09259259259259267,0.024691358024691357,3.131,3.131,false,true,154.6,0,0,10.28,0,0.32,0,6.86,100,"small/distant face (~93px of real detail) — score is rougher than a tight, sharp headshot."
canonical,jacob-elordi,validation,m,white,9.1,images/roster/jacob-elordi.jpg,3.639,3.655,0.016000000000000014,6.578583660226465,6.595840838791201,2.521416339773535,2.504159161208799,0.017257178564736186,0.16049382716049387,0.13580246913580252,0.024691358024691357,3.639,3.655,true,true,633.32,0,-165.1,0,0,0,0,0,77.5,non-standard framing (head turned (~12°)) — scored on your override; expect a rougher read.
canonical,jason-momoa,train,m,mixed,9.0,images/roster/jason-momoa.jpg,3.694,3.722,0.028000000000000025,6.639524916036049,6.676918740388903,2.3604750839639506,2.3230812596110972,0.03739382435285332,0.09259259259259267,0.06790123456790131,0.024691358024691357,3.694,3.722,true,true,666.42,0,-134.79,0,0,0,0,0,85.68,
canonical,johnny-depp,holdout,m,white,9.0,images/roster/johnny-depp.jpg,3.683,3.683,0.0,6.625754282361101,6.625754282361101,2.3742457176388987,2.3742457176388987,0.0,0.1049382716049383,0.08024691358024694,0.024691358024691357,3.683,3.683,true,true,91.46,0,0,0,0,0,0,0,100,"small/distant face (~57px of real detail) — score is rougher than a tight, sharp headshot."
canonical,pedro-pascal,train,m,latino,7.5,images/roster/pedro-pascal.jpg,3.107,3.09,-0.017000000000000348,6.027319707322015,6.004516183026039,1.4726802926779854,1.4954838169739606,-0.022803524295975208,0.22222222222222227,0.1975308641975309,0.024691358024691357,3.107,3.09,true,true,760.64,0,-214.04,0,0,0,0,0,74.6,
canonical,xqc,train,m,white,5.4,images/roster/xqc.jpg,3.4,3.4,0.0,6.335815476570975,6.335815476570975,0.9358154765709745,0.9358154765709745,0.0,0.43827160493827166,0.4135802469135803,0.024691358024691357,3.4,3.4,true,true,239.86,0,0,0,0,0,0,0,100,
canonical,chris-hemsworth,holdout,m,white,9.5,images/roster/chris-hemsworth.jpg,3.216,3.216,0.0,6.155836578591342,6.155836578591342,3.344163421408658,3.344163421408658,0.0,0.5308641975308641,0.5061728395061729,0.024691358024691246,3.216,3.216,true,true,115.95,0,0,0,0,0,0,0,100,"small/distant face (~69px of real detail) — score is rougher than a tight, sharp headshot."
canonical,sabrina-carpenter,train,f,white,8.3,images/roster/sabrina-carpenter.jpg,3.908,3.878,-0.029999999999999805,6.985765017070862,6.93177437139803,1.3142349829291389,1.3682256286019703,-0.053990645672831405,0.1325301204819278,0.10843373493975905,0.024096385542168752,3.908,3.878,true,true,312.94,-20.82,0,0,0,0,0,0,100,non-standard framing (head turned (~18°)) — scored on your override; expect a rougher read.
canonical,selene-ashford,train,f,mixed,9.5,images/roster/selene-ashford.jpg,3.481,3.489,0.008000000000000007,6.409660107652988,6.4162120489949315,3.0903398923470116,3.0837879510050685,0.006551941341943035,0.4457831325301205,0.4216867469879517,0.024096385542168752,3.481,3.489,true,true,226,0,-27.78,0,0,0,0,0,96.79,non-standard framing (head tilted sideways (~19°)) — scored on your override; expect a rougher read.
canonical,gal-gadot,train,f,middle-eastern,9.0,images/roster/gal-gadot.jpg,3.469,3.469,0.0,6.399802904392788,6.399802904392788,2.6001970956072116,2.6001970956072116,0.0,0.37349397590361444,0.3493975903614458,0.02409638554216864,3.469,3.469,true,true,96.54,0,0,0,0,0,0,0,100,"small/distant face (~58px of real detail) — score is rougher than a tight, sharp headshot. · non-standard framing (head tilted sideways (~12°)) — scored on your override; expect a rougher read."
canonical,megan-fox,train,f,white,9.2,images/roster/megan-fox.jpg,3.944,3.982,0.038000000000000256,7.0687024739045805,7.177228503751267,2.131297526095419,2.0227714962487324,0.10852602984668636,0.10240963855421681,0.07831325301204817,0.02409638554216864,3.944,3.982,true,true,678.65,0,-41.64,0,0,0,0,0,100,
canonical,shakira,train,f,latino,8.4,images/roster/shakira.jpg,3.688,3.688,0.0,6.631617527596331,6.631617527596331,1.768382472403669,1.768382472403669,0.0,0.04216867469879515,0.01807228915662651,0.02409638554216864,3.688,3.688,true,true,477.62,0,0,0,0,0,0,0,100,non-standard framing (head turned (~16°)) — scored on your override; expect a rougher read.
canonical,john-mulaney,validation,m,white,6.8,images/roster/john-mulaney.jpg,3.557,3.557,0.0,6.480264053963814,6.480264053963814,0.31973594603618594,0.31973594603618594,0.0,0.24691358024691357,0.23456790123456783,0.012345679012345734,3.557,3.557,true,true,675.62,0,0,0,0,0,0,0,100,
canonical,roman-reigns,train,m,mixed,9.0,images/roster/roman-reigns.jpg,2.655,2.655,0.0,4.56121408515335,4.56121408515335,4.43878591484665,4.43878591484665,0.0,0.771604938271605,0.7592592592592593,0.012345679012345734,2.655,2.655,true,true,628.41,0,0,0,0,0,0,0,100,
canonical,russell-brand,holdout,m,white,7.0,images/roster/russell-brand.jpg,4.327,4.107,-0.21999999999999975,8.77708671092952,7.635652683963339,1.7770867109295203,0.6356526839633387,1.1414340269661816,0.43827160493827155,0.4259259259259258,0.012345679012345734,4.327,4.107,true,true,682.44,0,-98.94,0,0,0,0,0,93.7,
canonical,danny-devito,train,m,white,2.5,images/roster/danny-devito.jpg,2.833,2.833,0.0,5.464903528437804,5.464903528437804,2.9649035284378042,2.9649035284378042,0.0,0.2592592592592593,0.2469135802469136,0.012345679012345706,2.833,2.833,true,true,152.9,0,0,0,0,0,0,0,100,"small/distant face (~103px of real detail) — score is rougher than a tight, sharp headshot."
canonical,bill-gates,train,m,white,3.4,images/roster/bill-gates.jpg,2.874,2.874,0.0,5.59658174256126,5.59658174256126,2.19658174256126,2.19658174256126,0.0,0.25925925925925924,0.24691358024691357,0.012345679012345678,2.874,2.874,true,true,594.99,0,0,0,0,0,0,0,100,non-standard framing (head turned (~16°); head tilted sideways (~15°)) — scored on your override; expect a rougher read.
canonical,george-santos,train,m,latino,4.0,images/roster/george-santos.jpg,2.841,2.841,0.0,5.496100795420644,5.496100795420644,1.4961007954206442,1.4961007954206442,0.0,0.19753086419753085,0.18518518518518517,0.012345679012345678,2.841,2.841,true,true,91.28,0,0,0,0,0,0,0,100,"small/distant face (~55px of real detail) — score is rougher than a tight, sharp headshot."
canonical,james-corden,train,m,white,4.0,images/roster/james-corden.jpg,2.833,2.833,0.0,5.464903528437804,5.464903528437804,1.4649035284378042,1.4649035284378042,0.0,0.17901234567901236,0.16666666666666669,0.012345679012345678,2.833,2.833,true,true,101.72,0,0,0,0,0,0,0,100,"small/distant face (~62px of real detail) — score is rougher than a tight, sharp headshot. · non-standard framing (head turned (~18°)) — scored on your override; expect a rougher read."
canonical,seth-rogen,train,m,white,4.5,images/roster/seth-rogen.jpg,2.832,2.832,0.0,5.461002962220356,5.461002962220356,0.9610029622203564,0.9610029622203564,0.0,0.10493827160493827,0.09259259259259259,0.012345679012345678,2.832,2.832,true,true,101.36,0,0,0,0,0,0,0,100,"small/distant face (~63px of real detail) — score is rougher than a tight, sharp headshot. · non-standard framing (head turned (~12°)) — scored on your override; expect a rougher read."
canonical,ben-shapiro,validation,m,white,5.0,images/roster/ben-shapiro.jpg,3.524,3.524,0.0,6.445334870540916,6.445334870540916,1.4453348705409157,1.4453348705409157,0.0,0.5432098765432098,0.5308641975308642,0.012345679012345623,3.524,3.524,true,true,133.69,0,0,0,0,0,0,0,100,"small/distant face (~88px of real detail) — score is rougher than a tight, sharp headshot."
canonical,steve-buscemi,holdout,m,white,2.5,images/roster/steve-buscemi.jpg,2.918,2.918,0.0,5.713047294043459,5.713047294043459,3.2130472940434593,3.2130472940434593,0.0,0.31481481481481477,0.30246913580246915,0.012345679012345623,2.918,2.918,true,true,103.66,0,0,0,0,0,0,0,100,"small/distant face (~63px of real detail) — score is rougher than a tight, sharp headshot. · non-standard framing (head turned (~12°)) — scored on your override; expect a rougher read."
canonical,alice-lane,train,f,white,8.5,images/roster/alice-lane.jpg,3.808,3.808,0.0,6.799914609834101,6.799914609834101,1.7000853901658992,1.7000853901658992,0.0,0.01807228915662651,0.0060240963855421326,0.012048192771084376,3.808,3.808,true,true,169.26,0,0,0,0,0,0,0,100,"small/distant face (~107px of real detail) — score is rougher than a tight, sharp headshot."
canonical,jennifer-lawrence,holdout,f,white,8.1,images/roster/jennifer-lawrence.jpg,3.638,3.638,0.0,6.577341515951411,6.577341515951411,1.5226584840485886,1.5226584840485886,0.0,0.012048192771084376,0.0,0.012048192771084376,3.638,3.638,true,true,68.23,0,0,0,0,0,0,0,100,"small/distant face (~42px of real detail) — score is rougher than a tight, sharp headshot. · non-standard framing (head turned (~17°)) — scored on your override; expect a rougher read."
canonical,kylie-jenner,validation,f,white,7.5,images/roster/kylie-jenner.jpg,3.355,3.355,0.0,6.288408793837446,6.288408793837446,1.211591206162554,1.211591206162554,0.0,0.012048192771084376,0.0,0.012048192771084376,3.355,3.355,true,true,239.61,0,0,0,0,0,0,0,100,
canonical,monica-bellucci,train,f,white,9.5,images/roster/monica-bellucci.jpg,3.43,3.43,0.0,6.365728489948655,6.365728489948655,3.134271510051345,3.134271510051345,0.0,0.4819277108433735,0.4698795180722891,0.012048192771084376,3.43,3.43,true,true,619.31,0,0,0,0,0,0,0,100,non-standard framing (head tilted sideways (~13°)) — scored on your override; expect a rougher read.
canonical,blaire-white,train,f,white,7.0,images/roster/blaire-white.jpg,2.862,2.862,0.0,5.561432101219162,5.561432101219162,1.4385678987808381,1.4385678987808381,0.0,0.1566265060240964,0.14457831325301207,0.01204819277108432,2.862,2.862,true,true,261.91,0,0,0,0,0,0,0,100,
canonical,natalie-portman,validation,f,middle-eastern,8.0,images/roster/natalie-portman.jpg,3.53,3.53,0.0,6.451641387593652,6.451641387593652,1.5483586124063482,1.5483586124063482,0.0,0.02409638554216864,0.012048192771084376,0.012048192771084265,3.53,3.53,true,true,455.79,0,0,0,0,0,0,0,100,non-standard framing (head turned (~14°)) — scored on your override; expect a rougher read.
canonical,amelia-dimoldenberg,holdout,f,white,7.2,images/roster/amelia-dimoldenberg.jpg,3.006,3.006,0.0,5.8788982956861675,5.8788982956861675,1.3211017043138327,1.3211017043138327,0.0,0.08433734939759036,0.08433734939759036,0.0,3.006,3.006,true,true,181.24,0,0,0,0,0,0,0,100,"small/distant face (~102px of real detail) — score is rougher than a tight, sharp headshot. · non-standard framing (head turned (~16°)) — scored on your override; expect a rougher read."
canonical,ana-de-armas,train,f,latino,9.4,images/roster/ana-de-armas.jpg,2.794,2.794,0.0,5.293078919088386,5.293078919088386,4.106921080911614,4.106921080911614,0.0,0.7951807228915663,0.7951807228915663,0.0,2.794,2.794,true,true,273.47,0,0,0,0,0,0,0,100,
canonical,andrew-tate,train,m,mixed,6.5,images/roster/andrew-tate.jpg,4.101,4.101,0.0,7.611889244577057,7.611889244577057,1.111889244577057,1.111889244577057,0.0,0.537037037037037,0.537037037037037,0.0,4.101,4.101,true,true,474.43,0,0,0,0,0,0,0,100,
canonical,anna-sorokin,holdout,f,white,5.5,images/roster/anna-sorokin.jpg,3.558,3.558,0.0,6.481331987417897,6.481331987417897,0.9813319874178967,0.9813319874178967,0.0,0.3674698795180723,0.3674698795180723,0.0,3.558,3.558,true,true,96.94,0,0,0,0,0,0,0,100,"small/distant face (~60px of real detail) — score is rougher than a tight, sharp headshot. · non-standard framing (head turned (~14°)) — scored on your override; expect a rougher read."
canonical,armie-hammer,train,m,white,8.0,images/roster/armie-hammer.jpg,3.377,3.377,0.0,6.311716295828227,6.311716295828227,1.6882837041717726,1.6882837041717726,0.0,0.11111111111111116,0.11111111111111116,0.0,3.377,3.377,true,true,97.94,0,0,0,0,0,0,0,100,"small/distant face (~58px of real detail) — score is rougher than a tight, sharp headshot."
canonical,aubrey-oday,validation,f,white,5.5,images/roster/aubrey-oday.jpg,4.224,4.224,0.0,8.186426716703206,8.186426716703206,2.686426716703206,2.686426716703206,0.0,0.7530120481927711,0.7530120481927711,0.0,4.224,4.224,true,true,516.08,0,0,0,0,0,0,0,100,
canonical,azealia-banks,validation,f,black,6.0,images/roster/azealia-banks.jpg,2.285,2.285,0.0,3.0774142934601705,3.0774142934601705,2.9225857065398295,2.9225857065398295,0.0,0.25903614457831325,0.25903614457831325,0.0,2.285,2.285,true,true,73.75,0,0,0,0,0,0,0,100,"small/distant face (~47px of real detail) — score is rougher than a tight, sharp headshot. · non-standard framing (head turned (~18°)) — scored on your override; expect a rougher read."
canonical,bella-hadid,train,f,mixed,9.3,images/roster/bella-hadid.jpg,2.869,2.869,0.0,5.581929931237963,5.581929931237963,3.718070068762038,3.718070068762038,0.0,0.7349397590361445,0.7349397590361445,0.0,2.869,2.869,true,true,542.7,0,0,0,0,0,0,0,100,non-standard framing (head tilted sideways (~17°)) — scored on your override; expect a rougher read.
canonical,beyonce,validation,f,black,8.9,images/roster/beyonce.jpg,2.684,2.684,0.0,4.711591206162555,4.711591206162555,4.1884087938374455,4.1884087938374455,0.0,0.7409638554216867,0.7409638554216867,0.0,2.684,2.684,true,true,332.85,0,0,0,0,0,0,0,100,non-standard framing (head turned (~17°)) — scored on your override; expect a rougher read.
canonical,brad-pitt,train,m,white,9.5,images/roster/brad-pitt.jpg,2.745,2.745,0.0,5.027982892206612,5.027982892206612,4.472017107793388,4.472017107793388,0.0,0.8024691358024691,0.8024691358024691,0.0,2.745,2.745,true,true,88.53,0,0,0,0,0,0,0,100,"small/distant face (~56px of real detail) — score is rougher than a tight, sharp headshot."
canonical,bruno-mars,validation,m,mixed,7.1,images/roster/bruno-mars.jpg,2.923,2.962,0.039000000000000146,5.721503967237891,5.800582195202443,1.3784960327621087,1.2994178047975566,0.0790782279645521,0.26543209876543217,0.26543209876543217,0.0,2.923,2.962,true,true,211.87,0,-0.47,0,0,0,0,0,100,non-standard framing (head turned (~17°); head tilted sideways (~13°)) — scored on your override; expect a rougher read.
canonical,callan-exorcist,holdout,f,white,8.6,images/roster/callan-exorcist.jpg,3.787,3.787,0.0,6.768587775522092,6.768587775522092,1.8314122244779076,1.8314122244779076,0.0,0.048192771084337394,0.048192771084337394,0.0,3.787,3.787,true,true,414.47,0,0,0,0,0,0,0,100,
canonical,chloe-grace-moretz,train,f,white,7.4,images/roster/chloe-grace-moretz.jpg,4.201,4.209,0.008000000000000007,8.07736712439765,8.126708784138472,0.6773671243976498,0.7267087841384718,-0.04934165974082205,0.5421686746987951,0.5421686746987951,0.0,4.201,4.209,true,true,626.15,0,-19.18,0,0,0,0,0,100,non-standard framing (head turned (~16°)) — scored on your override; expect a rougher read.
canonical,dan-bilzerian,train,m,white,6.0,images/roster/dan-bilzerian.jpg,3.964,3.964,0.0,7.122792989272079,7.122792989272079,1.122792989272079,1.122792989272079,0.0,0.5740740740740741,0.5740740740740741,0.0,3.964,3.964,true,true,630.39,0,0,0,0,0,0,0,100,
canonical,dolly-parton,train,f,white,8.0,images/roster/dolly-parton.jpg,2.439,2.439,0.0,3.6011635565306532,3.6011635565306532,4.398836443469347,4.398836443469347,0.0,0.5542168674698795,0.5542168674698795,0.0,2.439,2.439,true,true,586.37,0,0,0,0,0,0,0,100,
canonical,elizabeth-holmes,train,f,white,5.0,images/roster/elizabeth-holmes.jpg,3.603,3.603,0.0,6.534385588859299,6.534385588859299,1.5343855888592994,1.5343855888592994,0.0,0.47590361445783136,0.47590361445783136,0.0,3.603,3.603,true,true,118.15,0,0,0,0,0,0,0,100,"small/distant face (~67px of real detail) — score is rougher than a tight, sharp headshot."
canonical,elizabeth-olsen,holdout,f,white,8.0,images/roster/elizabeth-olsen.jpg,3.486,3.486,0.0,6.4137527265189265,6.4137527265189265,1.5862472734810735,1.5862472734810735,0.0,0.03614457831325302,0.03614457831325302,0.0,3.486,3.486,true,true,245.61,0,0,0,0,0,0,0,100,
canonical,elon-musk,train,m,white,5.5,images/roster/elon-musk.jpg,2.76,2.76,0.0,5.121101704313831,5.121101704313831,0.3788982956861693,0.3788982956861693,0.0,0.07407407407407407,0.07407407407407407,0.0,2.76,2.76,true,true,578.42,0,0,0,0,0,0,0,100,non-standard framing (head turned (~14°)) — scored on your override; expect a rougher read.
canonical,emma-stone,holdout,f,white,8.0,images/roster/emma-stone.jpg,2.87,2.87,0.0,5.584859524362546,5.584859524362546,2.415140475637454,2.415140475637454,0.0,0.3614457831325302,0.3614457831325302,0.0,2.87,2.87,true,true,78.9,0,0,0,0,0,0,0,100,"small/distant face (~51px of real detail) — score is rougher than a tight, sharp headshot."
canonical,emmy-rossum,validation,f,white,8.0,images/roster/emmy-rossum.jpg,4.053,4.053,0.0,7.451527082284779,7.451527082284779,0.5484729177152214,0.5484729177152214,0.0,0.3132530120481928,0.3132530120481928,0.0,4.053,4.053,true,true,498.72,0,0,0,0,0,0,0,100,non-standard framing (head turned (~18°)) — scored on your override; expect a rougher read.
canonical,evil-addams,holdout,f,white,7.8,images/roster/evil-addams.jpg,4.186,4.186,0.0,7.992650078368836,7.992650078368836,0.1926500783688363,0.1926500783688363,0.0,0.4578313253012048,0.4578313253012048,0.0,4.186,4.186,true,true,263.44,0,0,0,0,0,0,0,100,
canonical,farrah-abraham,validation,f,white,5.8,images/roster/farrah-abraham.jpg,2.746,2.746,0.0,5.035405314988457,5.035405314988457,0.7645946850115433,0.7645946850115433,0.0,0.10843373493975902,0.10843373493975902,0.0,2.746,2.746,true,true,73.63,0,0,0,0,0,0,0,100,"small/distant face (~42px of real detail) — score is rougher than a tight, sharp headshot."
canonical,frivolousfox,holdout,f,white,7.2,images/roster/frivolousfox.jpg,3.747,3.747,0.0,6.7119494582389265,6.7119494582389265,0.48805054176107365,0.48805054176107365,0.0,0.32530120481927705,0.32530120481927705,0.0,3.747,3.747,false,true,385.7,0,0,31.08,62.37,54.62,23.33,39.5,100,non-standard framing (head tilted sideways (~13°)) — scored on your override; expect a rougher read.
canonical,glen-powell,validation,m,white,8.7,images/roster/glen-powell.jpg,3.314,3.314,0.0,6.249415913531222,6.249415913531222,2.450584086468777,2.450584086468777,0.0,0.2407407407407408,0.2407407407407408,0.0,3.314,3.314,true,true,233.13,0,0,0,0,0,0,0,100,
canonical,hailee-steinfeld,train,f,mixed,8.0,images/roster/hailee-steinfeld.jpg,2.606,2.606,0.0,4.301605620310244,4.301605620310244,3.6983943796897556,3.6983943796897556,0.0,0.5180722891566265,0.5180722891566265,0.0,2.606,2.606,true,true,360.85,0,0,0,0,0,0,0,100,
canonical,ihascupquake,train,f,latino,6.5,images/roster/ihascupquake.jpg,2.607,2.607,0.0,4.306659882859396,4.306659882859396,2.193340117140604,2.193340117140604,0.0,0.22891566265060243,0.22891566265060243,0.0,2.607,2.607,true,true,182.96,0,0,0,0,0,0,0,100,"small/distant face (~104px of real detail) — score is rougher than a tight, sharp headshot. · non-standard framing (head tilted sideways (~11°)) — scored on your override; expect a rougher read."
canonical,ishowspeed,train,m,black,6.0,images/roster/ishowspeed.jpg,2.506,2.506,0.0,3.885252825647725,3.885252825647725,2.114747174352275,2.114747174352275,0.0,0.24074074074074076,0.24074074074074076,0.0,2.506,2.506,true,true,563.48,0,0,0,0,0,0,0,100,
canonical,jack-black,train,m,white,4.5,images/roster/jack-black.jpg,2.287,2.287,0.0,3.084354740613749,3.084354740613749,1.4156452593862512,1.4156452593862512,0.0,0.09259259259259259,0.09259259259259259,0.0,2.287,2.287,true,true,75.42,0,0,0,0,0,0,0,100,"small/distant face (~51px of real detail) — score is rougher than a tight, sharp headshot."
canonical,jenelle-evans,train,f,white,5.5,images/roster/jenelle-evans.jpg,3.014,3.014,0.0,5.892705505013487,5.892705505013487,0.39270550501348733,0.39270550501348733,0.0,0.09036144578313254,0.09036144578313254,0.0,3.014,3.014,true,true,591.95,0,0,0,0,0,0,0,100,
canonical,jennifer-haben,train,f,white,8.9,images/roster/jennifer-haben.jpg,2.714,2.714,0.0,4.854992967553543,4.854992967553543,4.045007032446457,4.045007032446457,0.0,0.7168674698795181,0.7168674698795181,0.0,2.714,2.714,true,true,247.37,0,0,0,0,0,0,0,100,non-standard framing (head turned (~22°); head tilted sideways (~12°)) — scored on your override; expect a rougher read.
canonical,jo-brand,holdout,f,white,3.0,images/roster/jo-brand.jpg,2.646,2.646,0.0,4.520162959723721,4.520162959723721,1.520162959723721,1.520162959723721,0.0,0.0783132530120482,0.0783132530120482,0.0,2.646,2.646,true,true,86.44,0,0,0,0,0,0,0,100,"small/distant face (~52px of real detail) — score is rougher than a tight, sharp headshot."
canonical,joe-exotic,train,m,white,3.0,images/roster/joe-exotic.jpg,2.228,2.228,0.0,2.8327488586630465,2.8327488586630465,0.1672511413369535,0.1672511413369535,0.0,0.012345679012345678,0.012345679012345678,0.0,2.228,2.228,true,true,255.9,0,0,0,0,0,0,0,100,
canonical,jon-gosselin,train,m,mixed,4.5,images/roster/jon-gosselin.jpg,2.587,2.561,-0.026000000000000245,4.228460196932708,4.115955013455542,0.2715398030672924,0.38404498654445796,-0.11250518347716554,0.018518518518518517,0.018518518518518517,0.0,2.587,2.561,true,true,293.07,-6.51,-23.87,0,0,0,0,0,100,non-standard framing (head turned (~16°)) — scored on your override; expect a rougher read.
canonical,jonah-hill,train,m,white,5.5,images/roster/jonah-hill.jpg,3.377,3.377,0.0,6.311716295828227,6.311716295828227,0.8117162958282274,0.8117162958282274,0.0,0.3395061728395062,0.3395061728395062,0.0,3.377,3.377,true,true,106.38,0,0,0,0,0,0,0,100,"small/distant face (~65px of real detail) — score is rougher than a tight, sharp headshot."
canonical,jungkook,train,m,east-asian,8.0,images/roster/jungkook.jpg,4.05,4.05,0.0,7.440003808173149,7.440003808173149,0.5599961918268512,0.5599961918268512,0.0,0.21604938271604934,0.21604938271604934,0.0,4.05,4.05,true,true,582.18,0,0,0,0,0,0,0,100,
canonical,justin-bieber,train,m,white,7.5,images/roster/justin-bieber.jpg,3.973,3.973,0.0,7.1481669401519445,7.1481669401519445,0.35183305984805546,0.35183305984805546,0.0,0.28395061728395055,0.28395061728395055,0.0,3.973,3.973,false,true,908.34,0,0,69.35,27.41,58.99,100.93,26.26,98.44,
canonical,kato-kaelin,train,m,white,5.0,images/roster/kato-kaelin.jpg,2.257,2.257,0.0,2.9559446421385847,2.9559446421385847,2.0440553578614153,2.0440553578614153,0.0,0.16049382716049382,0.16049382716049382,0.0,2.257,2.257,true,true,98.41,0,0,0,0,0,0,0,100,"small/distant face (~59px of real detail) — score is rougher than a tight, sharp headshot."
canonical,kevin-hart,train,m,black,5.6,images/roster/kevin-hart.jpg,2.241,2.241,0.0,2.8724292508966442,2.8724292508966442,2.7275707491033554,2.7275707491033554,0.0,0.2962962962962963,0.2962962962962963,0.0,2.241,2.241,true,true,565.73,0,0,0,0,0,0,0,100,
canonical,kim-kardashian,train,f,white,8.5,images/roster/kim-kardashian.jpg,4.073,4.073,0.0,7.515344059313838,7.515344059313838,0.9846559406861619,0.9846559406861619,0.0,0.17469879518072284,0.17469879518072284,0.0,4.073,4.073,true,true,109.66,0,0,0,0,0,0,0,100,"small/distant face (~64px of real detail) — score is rougher than a tight, sharp headshot."
canonical,lana-condor,validation,f,east-asian,8.0,images/roster/lana-condor.jpg,2.839,2.839,0.0,5.488302265273989,5.488302265273989,2.5116977347260114,2.5116977347260114,0.0,0.40963855421686746,0.40963855421686746,0.0,2.839,2.839,true,true,229.53,0,0,0,0,0,0,0,100,
canonical,lebron-james,validation,m,black,7.0,images/roster/lebron-james.jpg,1.95,1.897,-0.052999999999999936,2.1621906294940203,2.1153022243782766,4.83780937050598,4.884697775621723,-0.04688840511574366,0.5617283950617284,0.5617283950617284,0.0,1.95,1.897,true,true,700.2,0,-68.98,0,0,0,0,0,100,
canonical,leonardo-dicaprio,train,m,white,9.3,images/roster/leonardo-dicaprio.jpg,2.688,2.688,0.0,4.729801691744994,4.729801691744994,4.570198308255007,4.570198308255007,0.0,0.8024691358024691,0.8024691358024691,0.0,2.688,2.688,true,true,389.48,0,0,0,0,0,0,0,100,
canonical,lilypichu,train,f,east-asian,7.0,images/roster/lilypichu.jpg,3.024,3.024,0.0,5.909324854717526,5.909324854717526,1.0906751452824741,1.0906751452824741,0.0,0.024096385542168697,0.024096385542168697,0.0,3.024,3.024,true,true,216.99,0,0,0,0,0,0,0,100,non-standard framing (head turned (~24°); head tilted sideways (~12°)) — scored on your override; expect a rougher read.
canonical,lisa-blackpink,validation,f,east-asian,8.9,images/roster/lisa-blackpink.jpg,4.065,4.065,0.0,7.490926604971248,7.490926604971248,1.4090733950287522,1.4090733950287522,0.0,0.06626506024096379,0.06626506024096379,0.0,4.065,4.065,true,true,394.3,0,0,0,0,0,0,0,100,
canonical,lizzo,train,f,black,5.0,images/roster/lizzo.jpg,2.513,2.513,0.0,3.914752250876355,3.914752250876355,1.0852477491236452,1.0852477491236452,0.0,0.10240963855421688,0.10240963855421688,0.0,2.513,2.513,true,true,93.02,0,0,0,0,0,0,0,100,"small/distant face (~56px of real detail) — score is rougher than a tight, sharp headshot. · non-standard framing (head turned (~18°)) — scored on your override; expect a rougher read."
canonical,mama-june,validation,f,white,3.5,images/roster/mama-june.jpg,3.401,3.401,0.0,6.3368641764594695,6.3368641764594695,2.8368641764594695,2.8368641764594695,0.0,0.4397590361445783,0.4397590361445783,0.0,3.401,3.401,true,true,511.87,0,0,0,0,0,0,0,100,non-standard framing (head turned (~15°)) — scored on your override; expect a rougher read.
canonical,marina-laswick,train,f,white,8.9,images/roster/marina-laswick.jpg,4.227,4.227,0.0,8.19837380818172,8.19837380818172,0.7016261918182796,0.7016261918182796,0.0,0.13855421686746983,0.13855421686746983,0.0,4.227,4.227,true,true,386.15,0,0,0,0,0,0,0,100,non-standard framing (head turned (~20°); head tilted sideways (~10°)) — scored on your override; expect a rougher read.
canonical,martin-shkreli,train,m,white,4.0,images/roster/martin-shkreli.jpg,3.01,3.01,0.0,5.885836658899691,5.885836658899691,1.8858366588996907,1.8858366588996907,0.0,0.2839506172839506,0.2839506172839506,0.0,3.01,3.01,true,true,593.67,0,0,0,0,0,0,0,100,non-standard framing (head turned (~12°); head tilted sideways (~12°)) — scored on your override; expect a rougher read.
canonical,maya-higa,train,f,mixed,7.4,images/roster/maya-higa.jpg,3.18,3.18,0.0,6.1179687488700925,6.1179687488700925,1.282031251129908,1.282031251129908,0.0,0.060240963855421714,0.060240963855421714,0.0,3.18,3.18,true,true,174.08,0,0,0,0,0,0,0,100,"small/distant face (~107px of real detail) — score is rougher than a tight, sharp headshot."
canonical,melissa-bonny,train,f,white,7.9,images/roster/melissa-bonny.jpg,2.712,2.712,0.0,4.845221681239689,4.845221681239689,3.0547783187603113,3.0547783187603113,0.0,0.40361445783132527,0.40361445783132527,0.0,2.712,2.712,true,true,282,0,0,0,0,0,0,0,100,
canonical,mila-kunis,train,f,white,8.5,images/roster/mila-kunis.jpg,3.774,3.774,0.0,6.7501092369080276,6.7501092369080276,1.7498907630919724,1.7498907630919724,0.0,0.030120481927710885,0.030120481927710885,0.0,3.774,3.774,true,true,107.82,0,0,0,0,0,0,0,100,"small/distant face (~70px of real detail) — score is rougher than a tight, sharp headshot."
canonical,mindy-kaling,holdout,f,south-asian,5.5,images/roster/mindy-kaling.jpg,3.363,3.363,0.0,6.296858648942072,6.296858648942072,0.7968586489420719,0.7968586489420719,0.0,0.25903614457831325,0.25903614457831325,0.0,3.363,3.363,true,true,113.48,0,0,0,0,0,0,0,100,"small/distant face (~71px of real detail) — score is rougher than a tight, sharp headshot."
canonical,mrbeast,holdout,m,white,6.1,images/roster/mrbeast.jpg,3.023,3.023,0.0,5.907660360383251,5.907660360383251,0.1923396396167485,0.1923396396167485,0.0,0.006172839506172867,0.006172839506172867,0.0,3.023,3.023,true,true,510.05,0,0,0,0,0,0,0,100,non-standard framing (head turned (~16°)) — scored on your override; expect a rougher read.
canonical,neymar,holdout,m,latino,7.6,images/roster/neymar.jpg,3.381,3.381,0.0,6.315978110179703,6.315978110179703,1.2840218898202966,1.2840218898202966,0.0,0.03703703703703709,0.03703703703703709,0.0,3.381,3.381,true,true,534,0,0,0,0,0,0,0,100,
canonical,ninja,validation,m,white,6.6,images/roster/ninja.jpg,2.721,2.721,0.0,4.888950181588637,4.888950181588637,1.7110498184113627,1.7110498184113627,0.0,0.30246913580246915,0.30246913580246915,0.0,2.721,2.721,true,true,202.36,0,0,0,0,0,0,0,100,non-standard framing (head tilted sideways (~18°)) — scored on your override; expect a rougher read.
canonical,pauly-shore,holdout,m,white,4.0,images/roster/pauly-shore.jpg,2.746,2.746,0.0,5.035405314988457,5.035405314988457,1.0354053149884566,1.0354053149884566,0.0,0.1111111111111111,0.1111111111111111,0.0,2.746,2.746,true,true,95.67,0,0,0,0,0,0,0,100,"small/distant face (~57px of real detail) — score is rougher than a tight, sharp headshot."
canonical,piia-tamare,holdout,f,white,8.3,images/roster/piia-tamare.jpg,4.264,4.264,0.0,8.364999112743694,8.364999112743694,0.06499911274369374,0.06499911274369374,0.0,0.32530120481927716,0.32530120481927716,0.0,4.264,4.264,true,true,445.01,0,0,0,0,0,0,0,100,non-standard framing (head turned (~23°)) — scored on your override; expect a rougher read.
canonical,priyanka-chopra,holdout,f,south-asian,8.8,images/roster/priyanka-chopra.jpg,4.104,4.104,0.0,7.623694482065265,7.623694482065265,1.1763055179347361,1.1763055179347361,0.0,0.12650602409638556,0.12650602409638556,0.0,4.104,4.104,true,true,209.63,0,0,0,0,0,0,0,100,
canonical,rami-malek,train,m,middle-eastern,6.8,images/roster/rami-malek.jpg,3.589,3.589,0.0,6.5174744415291785,6.5174744415291785,0.2825255584708213,0.2825255584708213,0.0,0.2592592592592592,0.2592592592592592,0.0,3.589,3.589,true,true,629.01,0,0,0,0,0,0,0,100,
canonical,rihanna,validation,f,black,9.1,images/roster/rihanna.jpg,2.324,2.324,0.0,3.204319533223591,3.204319533223591,5.895680466776408,5.895680466776408,0.0,0.891566265060241,0.891566265060241,0.0,2.324,2.324,true,true,569.53,0,0,0,0,0,0,0,100,
canonical,robert-pattinson,train,m,white,8.9,images/roster/robert-pattinson.jpg,4.1,4.1,0.0,7.607987341865904,7.607987341865904,1.2920126581340963,1.2920126581340963,0.0,0.09876543209876543,0.09876543209876543,0.0,4.1,4.1,true,true,539.83,0,0,0,0,0,0,0,100,
canonical,roseanne-barr,train,f,white,3.5,images/roster/roseanne-barr.jpg,3.28,3.28,0.0,6.218992200271911,6.218992200271911,2.718992200271911,2.718992200271911,0.0,0.35542168674698793,0.35542168674698793,0.0,3.28,3.28,true,true,121.62,0,0,0,0,0,0,0,100,"small/distant face (~75px of real detail) — score is rougher than a tight, sharp headshot."
canonical,rosie-odonnell,train,f,white,3.8,images/roster/rosie-odonnell.jpg,2.956,2.945,-0.01100000000000012,5.790795548429244,5.766140001518567,1.9907955484292446,1.9661400015185668,0.024655546910677728,0.20481927710843373,0.20481927710843373,0.0,2.956,2.945,true,true,679.86,0,-60.27,0,0,0,0,0,100,non-standard framing (head tilted sideways (~18°)) — scored on your override; expect a rougher read.
canonical,scarlett-johansson,train,f,white,9.2,images/roster/scarlett-johansson.jpg,3.057,3.057,0.0,5.954718356028401,5.954718356028401,3.245281643971598,3.245281643971598,0.0,0.5963855421686747,0.5963855421686747,0.0,3.057,3.057,true,true,93.17,0,0,0,0,0,0,0,100,"small/distant face (~55px of real detail) — score is rougher than a tight, sharp headshot. · non-standard framing (head turned (~16°)) — scored on your override; expect a rougher read."
canonical,serena-williams,train,f,black,6.4,images/roster/serena-williams.jpg,3.285,3.285,0.0,6.223444694610674,6.223444694610674,0.17655530538932673,0.17655530538932673,0.0,0.13253012048192775,0.13253012048192775,0.0,3.285,3.285,false,true,891.23,0,0,28.16,23.75,63.07,67.48,19.43,100,non-standard framing (head turned (~21°); head tilted sideways (~20°)) — scored on your override; expect a rougher read.
canonical,simone-biles,validation,f,black,6.5,images/roster/simone-biles.jpg,2.15,2.15,0.0,2.5829048732375397,2.5829048732375397,3.9170951267624603,3.9170951267624603,0.0,0.3132530120481928,0.3132530120481928,0.0,2.15,2.15,true,true,474.87,0,0,0,0,0,0,0,100,
canonical,simu-liu,train,m,east-asian,7.7,images/roster/simu-liu.jpg,2.497,2.497,0.0,3.842225180971928,3.842225180971928,3.857774819028072,3.857774819028072,0.0,0.6049382716049383,0.6049382716049383,0.0,2.497,2.497,true,true,342.16,0,0,0,0,0,0,0,100,
canonical,snoop-dogg,validation,m,black,5.4,images/roster/snoop-dogg.jpg,2.497,2.497,0.0,3.842225180971928,3.842225180971928,1.5577748190280722,1.5577748190280722,0.0,0.14814814814814814,0.14814814814814814,0.0,2.497,2.497,true,true,422.29,0,0,0,0,0,0,0,100,
canonical,sofia-vergara,validation,f,latino,8.8,images/roster/sofia-vergara.jpg,2.774,2.774,0.0,5.18743631734067,5.18743631734067,3.6125636826593306,3.6125636826593306,0.0,0.6566265060240963,0.6566265060240963,0.0,2.774,2.774,true,true,471.25,0,0,0,0,0,0,0,100,non-standard framing (head turned (~21°); head tilted sideways (~11°)) — scored on your override; expect a rougher read.
canonical,spencer-pratt,train,m,white,5.5,images/roster/spencer-pratt.jpg,3.317,3.354,0.03699999999999992,6.252117216259216,6.287354584806208,0.752117216259216,0.7873545848062076,-0.035237368546991554,0.3209876543209877,0.3209876543209877,0.0,3.317,3.354,true,true,381.89,0,-16.98,0,0,0,0,0,100,
canonical,susan-boyle,train,f,white,3.0,images/roster/susan-boyle.jpg,2.934,2.934,0.0,5.74013758328237,5.74013758328237,2.74013758328237,2.74013758328237,0.0,0.25903614457831325,0.25903614457831325,0.0,2.934,2.934,true,true,107.08,0,0,0,0,0,0,0,100,"small/distant face (~67px of real detail) — score is rougher than a tight, sharp headshot. · non-standard framing (head turned (~21°)) — scored on your override; expect a rougher read."
canonical,sydney-sweeney,holdout,f,white,9.0,images/roster/sydney-sweeney.jpg,3.119,3.119,0.0,6.0436507636126935,6.0436507636126935,2.9563492363873065,2.9563492363873065,0.0,0.5421686746987951,0.5421686746987951,0.0,3.119,3.119,true,true,78.54,0,0,0,0,0,0,0,100,"small/distant face (~48px of real detail) — score is rougher than a tight, sharp headshot."
canonical,taylor-swift,validation,f,white,7.5,images/roster/taylor-swift.jpg,3.584,3.584,0.0,6.5114706726992875,6.5114706726992875,0.9885293273007125,0.9885293273007125,0.0,0.14457831325301213,0.14457831325301213,0.0,3.584,3.584,true,true,77.84,0,0,0,0,0,0,0,100,"small/distant face (~49px of real detail) — score is rougher than a tight, sharp headshot. · non-standard framing (head tilted sideways (~10°)) — scored on your override; expect a rougher read."
canonical,tila-tequila,train,f,east-asian,5.0,images/roster/tila-tequila.jpg,3.289,3.289,0.0,6.22701196395703,6.22701196395703,1.2270119639570298,1.2270119639570298,0.0,0.2831325301204819,0.2831325301204819,0.0,3.289,3.289,true,true,75.62,0,0,0,0,0,0,0,100,"small/distant face (~44px of real detail) — score is rougher than a tight, sharp headshot. · non-standard framing (head turned (~20°); head tilted sideways (~18°)) — scored on your override; expect a rougher read."
canonical,travis-kelce,validation,m,white,7.0,images/roster/travis-kelce.jpg,3.922,3.922,0.0,7.010651188381596,7.010651188381596,0.010651188381595844,0.010651188381595844,0.0,0.35185185185185175,0.35185185185185175,0.0,3.922,3.922,true,true,620.41,0,0,0,0,0,0,0,100,
canonical,trisha-paytas,train,f,white,5.0,images/roster/trisha-paytas.jpg,2.885,2.885,0.0,5.625499291506067,5.625499291506067,0.6254992915060669,0.6254992915060669,0.0,0.09036144578313252,0.09036144578313252,0.0,2.885,2.885,true,true,257.03,0,0,0,0,0,0,0,100,
canonical,triss-merigold,train,f,white,8.5,images/roster/triss-merigold.jpg,3.48,3.433,-0.04700000000000015,6.408842517010349,6.368331213835029,2.091157482989651,2.131668786164971,-0.040511303175319924,0.22289156626506024,0.22289156626506024,0.0,3.48,3.433,true,true,240.45,0,-26.25,0,0,0,0,0,98.71,non-standard framing (head turned (~22°); head tilted sideways (~24°)) — scored on your override; expect a rougher read.
canonical,usain-bolt,train,m,black,7.7,images/roster/usain-bolt.jpg,2.415,2.415,0.0,3.5210582529470393,3.5210582529470393,4.178941747052961,4.178941747052961,0.0,0.6234567901234568,0.6234567901234568,0.0,2.415,2.415,true,true,207.18,0,0,0,0,0,0,0,100,
canonical,valkyrae,train,f,mixed,8.0,images/roster/valkyrae.jpg,3.314,3.314,0.0,6.249415913531222,6.249415913531222,1.7505840864687778,1.7505840864687778,0.0,0.14457831325301207,0.14457831325301207,0.0,3.314,3.314,true,true,258.09,0,0,0,0,0,0,0,100,
canonical,whoopi-goldberg,validation,f,black,3.5,images/roster/whoopi-goldberg.jpg,2.549,2.549,0.0,4.068862057530945,4.068862057530945,0.5688620575309447,0.5688620575309447,0.0,0.006024096385542167,0.006024096385542167,0.0,2.549,2.549,true,true,83.83,0,0,0,0,0,0,0,100,"small/distant face (~54px of real detail) — score is rougher than a tight, sharp headshot."
canonical,zendaya,train,f,mixed,9.0,images/roster/zendaya.jpg,3.987,3.987,0.0,7.1936908555139425,7.1936908555139425,1.8063091444860575,1.8063091444860575,0.0,0.012048192771084376,0.012048192771084376,0.0,3.987,3.987,true,true,87.55,0,0,0,0,0,0,0,100,"small/distant face (~53px of real detail) — score is rougher than a tight, sharp headshot. · non-standard framing (head turned (~15°)) — scored on your override; expect a rougher read."
canonical,qtcinderella,train,f,white,7.0,images/roster/qtcinderella.jpg,3.217,3.217,0.0,6.156895213290111,6.156895213290111,0.8431047867098886,0.8431047867098886,0.0,0.03614457831325302,0.04819277108433734,-0.01204819277108432,3.217,3.217,true,true,247.58,0,0,0,0,0,0,0,100,
canonical,angela-deem,train,f,white,2.5,images/roster/angela-deem.jpg,3.91,3.91,0.0,6.989291388706189,6.989291388706189,4.489291388706189,4.489291388706189,0.0,0.8192771084337349,0.8313253012048193,-0.012048192771084376,3.91,3.91,true,true,223.32,0,0,0,0,0,0,0,100,
canonical,anna-henrietta,holdout,f,white,7.5,images/roster/anna-henrietta.jpg,3.801,3.812,0.010999999999999677,6.789152166915731,6.806099204098558,0.7108478330842694,0.6939007959014418,0.01694703718282753,0.30120481927710846,0.31325301204819284,-0.012048192771084376,3.801,3.812,true,true,251.03,0,-20.87,0,0,0,0,0,100,non-standard framing (head turned (~23°)) — scored on your override; expect a rougher read.
canonical,gibi-asmr,train,f,white,7.2,images/roster/gibi-asmr.jpg,3.983,3.983,0.0,7.180502401243203,7.180502401243203,0.019497598756797352,0.019497598756797352,0.0,0.4698795180722891,0.4819277108433735,-0.012048192771084376,3.983,3.983,true,true,279.4,0,0,0,0,0,0,0,100,non-standard framing (head tilted sideways (~11°)) — scored on your override; expect a rougher read.
canonical,rachel-dolezal,holdout,f,white,4.0,images/roster/rachel-dolezal.jpg,3.192,3.192,0.0,6.1305398281115675,6.1305398281115675,2.1305398281115675,2.1305398281115675,0.0,0.2710843373493976,0.28313253012048195,-0.012048192771084376,3.192,3.192,true,true,266.61,0,0,0,0,0,0,0,100,non-standard framing (head turned (~14°)) — scored on your override; expect a rougher read.
canonical,tonya-harding,holdout,f,white,4.0,images/roster/tonya-harding.jpg,2.896,2.932,0.03600000000000003,5.655311161344384,5.736746584261255,1.6553111613443843,1.7367465842612546,-0.08143542291687034,0.1506024096385542,0.16265060240963858,-0.012048192771084376,2.896,2.932,false,true,146.19,3.07,0,8.19,0,0,0,5.61,100,"small/distant face (~91px of real detail) — score is rougher than a tight, sharp headshot."
canonical,whispersred,holdout,f,white,6.0,images/roster/whispersred.jpg,3.889,3.889,0.0,6.952723405218088,6.952723405218088,0.9527234052180882,0.9527234052180882,0.0,0.5120481927710843,0.5240963855421688,-0.012048192771084487,3.889,3.889,true,true,324.69,0,0,0,0,0,0,0,100,non-standard framing (head turned (~19°); head tilted sideways (~14°)) — scored on your override; expect a rougher read.
canonical,kanye-west,holdout,m,black,6.0,images/roster/kanye-west.jpg,3.621,3.621,0.0,6.556353015285434,6.556353015285434,0.5563530152854339,0.5563530152854339,0.0,0.42592592592592593,0.43827160493827155,-0.012345679012345623,3.621,3.621,true,true,609.24,0,0,0,0,0,0,0,100,
canonical,lewis-capaldi,validation,m,white,4.8,images/roster/lewis-capaldi.jpg,3.773,3.773,0.0,6.748696831420258,6.748696831420258,1.948696831420258,1.948696831420258,0.0,0.6790123456790124,0.691358024691358,-0.012345679012345623,3.773,3.773,true,true,408.95,0,0,0,0,0,0,0,100,non-standard framing (head turned (~22°)) — scored on your override; expect a rougher read.
canonical,michael-b-jordan,validation,m,black,9.0,images/roster/michael-b-jordan.jpg,2.815,2.815,0.0,5.384061391295366,5.384061391295366,3.615938608704634,3.615938608704634,0.0,0.6728395061728396,0.6851851851851852,-0.012345679012345623,2.815,2.815,true,true,95.87,0,0,0,0,0,0,0,100,"small/distant face (~56px of real detail) — score is rougher than a tight, sharp headshot. · non-standard framing (head turned (~19°)) — scored on your override; expect a rougher read."
canonical,ryan-gosling,train,m,white,8.5,images/roster/ryan-gosling.jpg,2.922,2.922,0.0,5.719811995785842,5.719811995785842,2.780188004214158,2.780188004214158,0.0,0.4567901234567901,0.4691358024691358,-0.012345679012345678,2.922,2.922,true,true,106.75,0,0,0,0,0,0,0,100,"small/distant face (~60px of real detail) — score is rougher than a tight, sharp headshot. · non-standard framing (head turned (~13°)) — scored on your override; expect a rougher read."
canonical,cristiano-ronaldo,holdout,m,white,9.0,images/roster/cristiano-ronaldo.jpg,3.486,3.486,0.0,6.4137527265189265,6.4137527265189265,2.5862472734810735,2.5862472734810735,0.0,0.20370370370370372,0.21604938271604945,-0.012345679012345734,3.486,3.486,true,true,619.07,0,0,0,0,0,0,0,100,non-standard framing (head turned (~21°)) — scored on your override; expect a rougher read.
canonical,henry-cavill,train,m,white,9.5,images/roster/henry-cavill.jpg,3.523,3.523,0.0,6.444285650274514,6.444285650274514,3.055714349725486,3.055714349725486,0.0,0.2592592592592592,0.2716049382716049,-0.012345679012345734,3.523,3.523,true,true,99.03,0,0,0,0,0,0,0,100,"small/distant face (~55px of real detail) — score is rougher than a tight, sharp headshot. · non-standard framing (head turned (~21°)) — scored on your override; expect a rougher read."
canonical,idris-elba,train,m,black,9.0,images/roster/idris-elba.jpg,2.884,2.884,0.0,5.62298277305422,5.62298277305422,3.37701722694578,3.37701722694578,0.0,0.5987654320987654,0.6111111111111112,-0.012345679012345734,2.884,2.884,true,true,103.95,0,0,0,0,0,0,0,100,"small/distant face (~60px of real detail) — score is rougher than a tight, sharp headshot."
canonical,jensen-huang,holdout,m,east-asian,5.3,images/roster/jensen-huang.jpg,3.293,3.293,0.0,6.230583959731906,6.230583959731906,0.9305839597319059,0.9305839597319059,0.0,0.345679012345679,0.3580246913580247,-0.012345679012345734,3.293,3.293,true,true,327.45,0,0,0,0,0,0,0,100,
canonical,lionel-messi,train,m,latino,6.5,images/roster/lionel-messi.jpg,3.736,3.736,0.0,6.696426980358352,6.696426980358352,0.1964269803583516,0.1964269803583516,0.0,0.4012345679012345,0.41358024691358025,-0.012345679012345734,3.736,3.736,true,true,545.04,0,0,0,0,0,0,0,100,
canonical,zayn-malik,validation,m,mixed,8.5,images/roster/zayn-malik.jpg,4.111,4.113,0.002000000000000668,7.651843422313572,7.660047873083823,0.8481565776864279,0.8399521269161774,0.00820445077025056,0.19753086419753085,0.2098765432098766,-0.012345679012345734,4.111,4.113,true,true,725.29,0,-106.85,0,0,0,0,0,93.37,
canonical,aerith-gainsborough,train,f,other,8.5,images/roster/aerith-gainsborough.jpg,3.733,3.667,-0.06600000000000028,6.692219059055282,6.608598881899391,1.8077809409447179,1.8914011181006094,-0.08362017715589154,0.0662650602409639,0.09036144578313254,-0.02409638554216864,3.733,3.667,true,true,237.02,0,-35.34,0,0,0,0,0,93.12,non-standard framing (head turned (~20°); head tilted sideways (~17°)) — scored on your override; expect a rougher read.
canonical,amber-heard,train,f,white,8.5,images/roster/amber-heard.jpg,3.904,3.904,0.0,6.978740405878726,6.978740405878726,1.5212595941212737,1.5212595941212737,0.0,0.04216867469879515,0.06626506024096379,-0.02409638554216864,3.904,3.904,true,true,74.71,0,0,0,0,0,0,0,100,"small/distant face (~47px of real detail) — score is rougher than a tight, sharp headshot."
canonical,emma-watson,holdout,f,white,8.0,images/roster/emma-watson.jpg,3.673,3.673,0.0,6.6150125274632625,6.6150125274632625,1.3849874725367375,1.3849874725367375,0.0,0.06024096385542166,0.0843373493975903,-0.02409638554216864,3.673,3.673,true,true,239.26,0,0,0,0,0,0,0,100,non-standard framing (head turned (~16°)) — scored on your override; expect a rougher read.
canonical,billie-eilish,train,f,white,7.8,images/roster/billie-eilish.jpg,3.24,3.187,-0.05300000000000038,6.181349302085746,6.125295756851682,1.618650697914254,1.6747042431483177,-0.056053545234063584,0.09638554216867468,0.12048192771084337,-0.024096385542168697,3.24,3.187,true,true,667.99,0,-35.2,0,0,0,0,0,100,non-standard framing (head tilted sideways (~11°)) — scored on your override; expect a rougher read.
canonical,anne-hathaway,train,f,white,8.3,images/roster/anne-hathaway.jpg,3.706,3.706,0.0,6.655449852152916,6.655449852152916,1.6445501478470845,1.6445501478470845,0.0,0.0,0.024096385542168752,-0.024096385542168752,3.706,3.706,true,true,79.8,0,0,0,0,0,0,0,100,"small/distant face (~50px of real detail) — score is rougher than a tight, sharp headshot."
canonical,ed-sheeran,validation,m,white,4.5,images/roster/ed-sheeran.jpg,3.837,3.893,0.055999999999999606,6.8486545415566855,6.959611996907997,2.3486545415566855,2.459611996907997,-0.1109574553513113,0.7345679012345679,0.7592592592592593,-0.024691358024691357,3.837,3.893,true,true,667.69,0,-90.38,0,0,0,0,0,95.05,
canonical,eminem,validation,m,white,6.6,images/roster/eminem.jpg,3.237,3.237,0.0,6.178147984726703,6.178147984726703,0.42185201527329674,0.42185201527329674,0.0,0.01851851851851849,0.043209876543209846,-0.024691358024691357,3.237,3.237,true,true,247.33,0,0,0,0,0,0,0,100,
canonical,joe-rogan,train,m,white,5.5,images/roster/joe-rogan.jpg,3.253,3.253,0.0,6.195072474496252,6.195072474496252,0.6950724744962518,0.6950724744962518,0.0,0.24691358024691362,0.271604938271605,-0.024691358024691357,3.253,3.253,true,true,717.86,0,0,0,0,0,0,0,100,non-standard framing (head turned (~12°)) — scored on your override; expect a rougher read.
canonical,jordan-peterson,holdout,m,white,6.2,images/roster/jordan-peterson.jpg,3.247,3.247,0.0,6.188832955600446,6.188832955600446,0.011167044399553738,0.011167044399553738,0.0,0.1111111111111111,0.13580246913580246,-0.024691358024691357,3.247,3.247,true,true,409.45,0,0,0,0,0,0,0,100,non-standard framing (head tilted sideways (~23°)) — scored on your override; expect a rougher read.
canonical,kendrick-lamar,validation,m,black,6.1,images/roster/kendrick-lamar.jpg,3.048,3.082,0.03399999999999981,5.943634444491109,5.992092312416418,0.15636555550889053,0.10790768758358205,0.048457867925308484,0.006172839506172811,0.030864197530864168,-0.024691358024691357,3.048,3.082,true,true,751.36,40.83,-40.37,0,0,0,0,0,100,non-standard framing (head turned (~22°)) — scored on your override; expect a rougher read.
canonical,kevin-federline,holdout,m,white,5.5,images/roster/kevin-federline.jpg,3.088,3.088,0.0,6.001842310551671,6.001842310551671,0.5018423105516714,0.5018423105516714,0.0,0.13580246913580246,0.16049382716049382,-0.024691358024691357,3.088,3.088,true,true,111.82,0,0,0,0,0,0,0,100,"small/distant face (~66px of real detail) — score is rougher than a tight, sharp headshot. · non-standard framing (head turned (~18°); head tilted sideways (~11°)) — scored on your override; expect a rougher read."
canonical,logan-paul,train,m,white,7.3,images/roster/logan-paul.jpg,3.832,3.832,0.0,6.83796075585458,6.83796075585458,0.4620392441454202,0.4620392441454202,0.0,0.23456790123456783,0.2592592592592592,-0.024691358024691357,3.832,3.832,true,true,473.59,0,0,0,0,0,0,0,100,non-standard framing (head turned (~22°)) — scored on your override; expect a rougher read.
canonical,nicolas-cage,holdout,m,white,7.0,images/roster/nicolas-cage.jpg,2.966,2.958,-0.008000000000000007,5.807114766614635,5.7940561617619935,1.1928852333853648,1.2059438382380065,-0.013058604852641764,0.20370370370370378,0.22839506172839513,-0.024691358024691357,2.966,2.958,true,true,126.5,-0.03,0,0,0,0,0,0,100,"small/distant face (~73px of real detail) — score is rougher than a tight, sharp headshot."
canonical,rudy-giuliani,holdout,m,white,3.5,images/roster/rudy-giuliani.jpg,3.238,3.238,0.0,6.179214695746933,6.179214695746933,2.679214695746933,2.679214695746933,0.0,0.45679012345679015,0.4814814814814815,-0.024691358024691357,3.238,3.238,true,true,104.62,0,0,0,0,0,0,0,100,"small/distant face (~59px of real detail) — score is rougher than a tight, sharp headshot. · non-standard framing (head turned (~16°)) — scored on your override; expect a rougher read."
canonical,shia-labeouf,validation,m,white,6.5,images/roster/shia-labeouf.jpg,3.254,3.254,0.0,6.1959547386592995,6.1959547386592995,0.30404526134070053,0.30404526134070053,0.0,0.10493827160493824,0.1296296296296296,-0.024691358024691357,3.254,3.254,true,true,133.11,0,0,0,0,0,0,0,100,"small/distant face (~81px of real detail) — score is rougher than a tight, sharp headshot. · non-standard framing (head turned (~14°)) — scored on your override; expect a rougher read."
canonical,shaelah-mcgilton,validation,f,mixed,8.4,images/roster/shaelah-mcgilton.jpg,3.949,4.036,0.08699999999999974,7.082253280730745,7.387889634178542,1.3177467192692554,1.0121103658214583,0.30563635344779705,0.13855421686746994,0.18674698795180722,-0.04819277108433728,3.949,4.036,true,true,256.54,0,-6.7,0,0,0,0,0,100,
canonical,awkwafina,validation,f,east-asian,5.4,images/roster/awkwafina.jpg,2.868,2.898,0.03000000000000025,5.579000696827463,5.66119745185516,0.17900069682746267,0.26119745185515963,-0.08219675502769697,0.01807228915662651,0.06626506024096385,-0.04819277108433734,2.868,2.898,false,true,820.12,0,-95.05,10.32,0,9.8,20.12,4.85,94.34,
canonical,bad-bunny,train,m,latino,6.5,images/roster/bad-bunny.jpg,3.725,3.814,0.08899999999999997,6.681050206933349,6.809201078144913,0.1810502069333486,0.3092010781449126,-0.128150871211564,0.3888888888888889,0.4382716049382716,-0.04938271604938271,3.725,3.814,true,true,783.41,0,-184.31,0,0,0,0,0,81.06,
canonical,the-weeknd,train,m,black,6.0,images/roster/the-weeknd.jpg,3.382,3.491,0.10899999999999999,6.317018073122327,6.417853168967945,0.3170180731223269,0.41785316896794544,-0.10083509584561856,0.30246913580246915,0.35185185185185186,-0.04938271604938271,3.382,3.491,true,true,650.33,0,-166.66,0,0,0,0,0,78.12,
canonical,rebel-wilson,train,f,white,5.4,images/roster/rebel-wilson.jpg,3.551,3.628,0.07699999999999996,6.4738683822648735,6.564966337090092,1.0738683822648731,1.1649663370900916,-0.09109795482521843,0.39156626506024095,0.4518072289156626,-0.06024096385542166,3.551,3.628,true,true,656.19,0,-167.58,0,0,0,0,0,78.25,
canonical,tom-cruise,validation,m,white,8.7,images/roster/tom-cruise.jpg,3.259,3.226,-0.03299999999999992,6.200370217122318,6.166439939004522,2.4996297828776814,2.5335600609954776,-0.03393027811779614,0.2777777777777778,0.33950617283950624,-0.06172839506172845,3.259,3.226,true,true,694.96,0,-63.18,0,0,0,0,0,100,
canonical,asmr-darling,train,f,white,7.4,images/roster/asmr-darling.jpg,2.923,2.853,-0.06999999999999984,5.721503967237891,5.535096471562196,1.6784960327621095,1.8649035284378046,-0.18640749567569515,0.1566265060240964,0.22891566265060243,-0.07228915662650603,2.923,2.853,true,true,268.77,-7.31,-7.31,0,0,0,0,0,100,non-standard framing (head tilted sideways (~23°)) — scored on your override; expect a rougher read.
canonical,marz,train,f,white,7.8,images/roster/marz.jpg,3.78,3.903,0.12300000000000022,6.7586105450701455,6.976990061598253,1.0413894549298544,0.8230099384017464,0.21837951652810794,0.2409638554216868,0.31325301204819284,-0.07228915662650603,3.78,3.903,true,true,289.28,9.64,-8.71,0,0,0,0,0,100,
canonical,denzel-washington,holdout,m,black,8.8,images/roster/denzel-washington.jpg,2.687,2.382,-0.3049999999999997,4.725261392622058,3.396354319545971,4.074738607377943,5.40364568045403,-1.3289070730760875,0.7037037037037037,0.7901234567901234,-0.08641975308641969,2.687,2.382,true,true,703.97,0,-41.93,0,0,0,0,0,100,non-standard framing (head turned (~13°)) — scored on your override; expect a rougher read.
canonical,tifa-lockhart,train,f,other,9.5,images/roster/tifa-lockhart.jpg,3.591,3.356,-0.23500000000000032,6.5198811919773005,6.289463450100948,2.9801188080226995,3.210536549899052,-0.23041774187635244,0.37349397590361444,0.5180722891566265,-0.14457831325301207,3.591,3.356,true,true,242.58,0,-23.69,0,0,0,0,0,100,non-standard framing (head turned (~22°); head tilted sideways (~18°)) — scored on your override; expect a rougher read.
canonical,barack-obama,train,m,mixed,7.1,images/roster/barack-obama.jpg,3.383,3.038,-0.3450000000000002,6.318058487088996,5.931351483426297,0.7819415129110032,1.168648516573703,-0.38670700366269983,0.05555555555555547,0.21604938271604945,-0.16049382716049398,3.383,3.038,true,true,771.56,0,-95.23,0,0,0,0,0,96.72,
canonical,ryan-reynolds,train,m,white,8.0,images/roster/ryan-reynolds.jpg,3.514,3.084,-0.4299999999999997,6.436817838432938,5.995339637284971,1.5631821615670622,2.004660362715029,-0.44147820114796676,0.0185185185185186,0.3024691358024692,-0.2839506172839506,3.514,3.084,true,true,686.86,0,-171.21,0,0,0,0,0,79.1,
gallery_identity,tila-tequila,train,f,east-asian,5.0,images/roster/tila-tequila/6.jpg,3.428,3.3573999999999997,-0.07060000000000022,6.363995002060856,6.290940722083834,1.3639950020608564,1.2909407220838336,0.07305427997702285,0.3041237113402062,0.20103092783505153,0.10309278350515469,3.418,3.123,true,true,272.49,0,-20.95,0,0,0,0,0,100,
gallery_identity,jensen-huang,holdout,m,east-asian,5.3,images/roster/jensen-huang/4.jpg,2.643,2.8535000000000004,0.21050000000000058,4.504732434638694,5.5365591503417395,0.7952675653613062,0.2365591503417397,0.5587084150195665,0.10416666666666667,0.052083333333333315,0.052083333333333356,2.69,3.111,true,true,136.79,39.64,0,0,0,0,0,0,83.55,"small/distant face (~81px of real detail) — score is rougher than a tight, sharp headshot. · non-standard framing (head turned (~21°)) — scored on your override; expect a rougher read."
gallery_identity,prince-harry,validation,m,white,7.2,images/roster/prince-harry/1.jpg,2.7593333333333336,2.8346666666666667,0.07533333333333303,5.118404567065015,5.471403881730193,2.081595432934985,1.7285961182698069,0.352999314665178,0.42708333333333337,0.38541666666666663,0.04166666666666674,2.657,2.883,true,true,209.4,-34.8,0,0,0,0,0,0,100,
gallery_identity,brad-pitt,train,m,white,9.5,images/roster/brad-pitt/6.jpg,3.0485999999999995,3.1016,0.05300000000000038,5.944372499772814,6.020061350604717,3.555627500227186,3.479938649395283,0.07568885083190313,0.5833333333333334,0.5416666666666667,0.04166666666666663,2.757,3.022,true,true,277.31,10.73,-9.65,0,0,0,0,0,100,
gallery_identity,evil-addams,holdout,f,white,7.8,images/roster/evil-addams/4.jpg,3.80375,3.7845,-0.01924999999999999,6.793371153106238,6.76501710452423,1.0066288468937614,1.0349828954757694,-0.028354048582007962,0.2938144329896907,0.25257731958762886,0.04123711340206182,4.266,4.189,true,true,504.19,-33.29,0,0,0,0,0,0,100,non-standard framing (head turned (~13°); head tilted sideways (~17°)) — scored on your override; expect a rougher read.
gallery_identity,nadya-suleman,holdout,f,white,4.0,images/roster/nadya-suleman/1.jpg,3.5220000000000002,3.474,-0.04800000000000004,6.443454569249251,6.403943461907347,2.4434545692492513,2.403943461907347,0.03951110734190433,0.41237113402061853,0.3711340206185567,0.04123711340206182,3.187,3.091,true,true,279.04,-1.48,-22.19,0,0,0,0,0,100,
gallery_identity,sydney-sweeney,holdout,f,white,9.0,images/roster/sydney-sweeney/2.jpg,3.4814,3.5126,0.031200000000000117,6.4099872307808266,6.435658576138388,2.5900127692191734,2.5643414238616122,0.025671345357561215,0.41752577319587636,0.37628865979381454,0.04123711340206182,3.55,3.706,true,true,258.88,0,-11.96,0,0,0,0,0,100,
gallery_identity,victoria-justice,train,f,latino,8.5,images/roster/victoria-justice/3.jpg,3.08225,3.1245000000000003,0.04225000000000012,5.9924980829092185,6.051367404336638,2.5075019170907815,2.448632595663362,0.05886932142741941,0.5876288659793814,0.5463917525773195,0.04123711340206182,3.143,3.312,true,true,272.09,0.42,-2.91,0,0,0,0,0,100,non-standard framing (head turned (~18°)) — scored on your override; expect a rougher read.
gallery_identity,whispersred,holdout,f,white,6.0,images/roster/whispersred/2.jpg,3.6864999999999997,3.6505,-0.03599999999999959,6.629646318108307,6.5910799938443425,0.629646318108307,0.5910799938443425,0.03856632426396445,0.44845360824742264,0.4072164948453608,0.04123711340206182,3.517,3.445,true,true,513.87,0,95.12,0,0,0,0,0,100,non-standard framing (head turned (~18°); head tilted sideways (~16°)) — scored on your override; expect a rougher read.
gallery_identity,russell-brand,holdout,m,white,7.0,images/roster/russell-brand/4.jpg,3.3695999999999997,3.3506,-0.018999999999999684,6.303851685454999,6.283773606269342,0.6961483145450007,0.7162263937306577,-0.02007807918565696,0.09375,0.0625,0.03125,3.221,3.129,false,true,359.76,13.07,-4.18,26.76,0,0,26.76,14.32,100,
gallery_identity,seth-rogen,train,m,white,4.5,images/roster/seth-rogen/2.jpg,3.059,3.0336000000000003,-0.025399999999999867,5.957185298377322,5.925333853857071,1.457185298377322,1.4253338538570706,0.03185144452025135,0.27604166666666663,0.24479166666666666,0.031249999999999972,2.7,2.532,true,true,282.23,91.16,0,0,0,0,0,0,77.65,non-standard framing (head turned (~17°)) — scored on your override; expect a rougher read.
gallery_identity,azealia-banks,validation,f,black,6.0,images/roster/azealia-banks/4.jpg,2.82,2.8745,0.05449999999999999,5.406349414728806,5.598047479181134,0.5936505852711944,0.4019525208188659,0.1916980644523285,0.18041237113402062,0.14948453608247422,0.030927835051546393,2.355,2.573,true,true,424.33,-97.45,0,0,0,0,0,0,92.99,
gallery_identity,emma-blackery,train,f,white,6.5,images/roster/emma-blackery/2.jpg,4.005,3.9623333333333335,-0.04266666666666641,7.261086595768278,7.118221428847969,0.761086595768278,0.6182214288479688,0.14286516692030915,0.6597938144329897,0.6288659793814433,0.030927835051546393,3.612,3.422,true,true,329.59,10.94,-21.39,0,0,0,0,0,100,non-standard framing (head tilted sideways (~18°)) — scored on your override; expect a rougher read.
gallery_identity,lena-dunham,validation,f,white,3.5,images/roster/lena-dunham/5.jpg,3.5418,3.4874,-0.05439999999999978,6.4641009455324046,6.414900058991856,2.9641009455324046,2.914900058991856,0.04920088654054844,0.46907216494845355,0.4381443298969072,0.030927835051546337,3.806,3.526,true,true,305.68,-2.67,-27.32,0,0,0,0,0,100,non-standard framing (head turned (~16°)) — scored on your override; expect a rougher read.
gallery_identity,joe-rogan,train,m,white,5.5,images/roster/joe-rogan/6.jpg,3.03,3.004,-0.0259999999999998,5.919324072307478,5.87543261149162,0.4193240723074778,0.37543261149162,0.04389146081585782,0.109375,0.08854166666666663,0.02083333333333337,3.12,3.067,true,true,286.5,0,-7.9,0,0,0,0,0,100,
gallery_identity,tyson-fury,train,m,white,5.6,images/roster/tyson-fury/2.jpg,2.989,2.949,-0.040000000000000036,5.8489672138362945,5.777142991957787,0.24896721383629483,0.17714299195778693,0.0718242218785079,0.041666666666666685,0.020833333333333315,0.02083333333333337,2.989,2.949,true,true,189.12,17.57,0,0,0,0,0,0,100,"small/distant face (~107px of real detail) — score is rougher than a tight, sharp headshot. · non-standard framing (head tilted sideways (~17°)) — scored on your override; expect a rougher read."
gallery_identity,george-santos,train,m,latino,4.0,images/roster/george-santos/1.jpg,2.825333333333333,2.8336666666666672,0.008333333333334192,5.434989985321261,5.467503752702663,1.4349899853212609,1.4675037527026626,-0.03251376738140177,0.14583333333333331,0.12499999999999999,0.02083333333333333,2.75,2.765,true,true,276.27,0,-13.59,0,0,0,0,0,100,
gallery_identity,cristiano-ronaldo,holdout,m,white,9.0,images/roster/cristiano-ronaldo/1.jpg,3.512,3.512,0.0,6.435161945810044,6.435161945810044,2.5648380541899556,2.5648380541899556,0.0,0.22395833333333337,0.21354166666666663,0.01041666666666674,3.222,3.222,true,true,333.34,0,0,0,0,0,0,0,100,
gallery_identity,henry-cavill,train,m,white,9.5,images/roster/henry-cavill/7.jpg,3.5382,3.543,0.0048000000000003595,6.460291669069015,6.465372290741657,3.039708330930985,3.034627709258343,0.005080621672641783,0.26041666666666674,0.25,0.01041666666666674,4.084,4.174,false,true,834.91,0,-51.46,83.63,0,76.29,0,19.15,100,
gallery_identity,leonardo-dicaprio,train,m,white,9.3,images/roster/leonardo-dicaprio/1.jpg,3.0115,3.0115,0.0,5.888440981123886,5.888440981123886,3.4115590188761145,3.4115590188761145,0.0,0.6041666666666667,0.59375,0.01041666666666674,2.719,2.719,true,true,465.49,0,0,0,0,0,0,0,100,
gallery_identity,michael-b-jordan,validation,m,black,9.0,images/roster/michael-b-jordan/4.jpg,2.975,2.9939999999999998,0.018999999999999684,5.822354998423189,5.858138194911677,3.1776450015768107,3.1418618050883227,0.035783196488488045,0.578125,0.5677083333333333,0.01041666666666674,2.274,2.354,true,true,620,0,27.73,0,0,0,0,0,100,non-standard framing (head turned (~24°)) — scored on your override; expect a rougher read.
gallery_identity,nicolas-cage,holdout,m,white,7.0,images/roster/nicolas-cage/7.jpg,3.3378,3.3421999999999996,0.004399999999999515,6.270924210737153,6.274948356123526,0.729075789262847,0.7250516438764736,0.004024145386373412,0.0625,0.05208333333333326,0.01041666666666674,3.318,3.392,true,true,669,-20.09,0,0,0,0,0,0,100,
gallery_identity,pewdiepie,train,m,white,7.1,images/roster/pewdiepie/3.jpg,2.61,2.61,0.0,4.32173027299792,4.32173027299792,2.7782697270020797,2.7782697270020797,0.0,0.53125,0.5208333333333333,0.01041666666666674,2.61,2.61,true,true,185.19,0,0,0,0,0,0,0,100,non-standard framing (head turned (~21°)) — scored on your override; expect a rougher read.
gallery_identity,steve-buscemi,holdout,m,white,2.5,images/roster/steve-buscemi/3.jpg,2.8381999999999996,2.8356000000000003,-0.0025999999999992696,5.4851827651323,5.47504380133272,2.9851827651322997,2.9750438013327196,0.010138963799580125,0.25520833333333337,0.24479166666666666,0.010416666666666713,2.881,2.868,false,true,339.34,0,-27.38,17.41,0,72.94,6.34,27.99,97.2,
gallery_identity,elon-musk,train,m,white,5.5,images/roster/elon-musk/3.jpg,2.893,2.8795,-0.013499999999999623,5.646486837859705,5.611663237596455,0.14648683785970462,0.11166323759645458,0.03482360026325004,0.015625,0.005208333333333315,0.010416666666666685,2.888,2.834,true,true,277.97,0,-15.6,0,0,0,0,0,100,
gallery_identity,ishowspeed,train,m,black,6.0,images/roster/ishowspeed/1.jpg,2.8845,2.8845,0.0,5.624240982101475,5.624240982101475,0.37575901789852484,0.37575901789852484,0.0,0.057291666666666685,0.046875,0.010416666666666685,2.58,2.58,true,true,435.95,0,0,0,0,0,0,0,100,
gallery_identity,james-corden,train,m,white,4.0,images/roster/james-corden/1.jpg,2.6122,2.6122,0.0,4.330873079971472,4.330873079971472,0.33087307997147164,0.33087307997147164,0.0,0.020833333333333343,0.010416666666666671,0.010416666666666671,2.865,2.865,true,true,167.64,0,0,0,0,0,0,0,100,"small/distant face (~95px of real detail) — score is rougher than a tight, sharp headshot. · non-standard framing (head turned (~24°)) — scored on your override; expect a rougher read."
gallery_identity,rudy-giuliani,holdout,m,white,3.5,images/roster/rudy-giuliani/1.jpg,2.751,2.751,0.0,5.072326896660844,5.072326896660844,1.5723268966608437,1.5723268966608437,0.0,0.11979166666666667,0.10937500000000001,0.010416666666666657,2.879,2.879,true,true,1258.42,0,0,0,0,0,0,0,100,
gallery_identity,danny-devito,train,m,white,2.5,images/roster/danny-devito/6.jpg,2.8622,2.8442,-0.018000000000000238,5.562017549891141,5.507018588568497,3.0620175498911406,3.0070185885684966,0.054998961322644035,0.265625,0.25520833333333337,0.01041666666666663,2.677,2.621,false,true,326.86,-39.54,-3.61,0,0,77.86,0,23.82,71.47,
gallery_identity,drake,validation,m,mixed,7.0,images/roster/drake/2.jpg,3.3514999999999997,3.3514999999999997,0.0,6.284721012467223,6.284721012467223,0.715278987532777,0.715278987532777,0.0,0.08333333333333326,0.07291666666666663,0.01041666666666663,3.199,3.199,true,true,181.92,0,0,0,0,0,0,0,100,"small/distant face (~109px of real detail) — score is rougher than a tight, sharp headshot. · non-standard framing (head turned (~13°)) — scored on your override; expect a rougher read."
gallery_identity,ed-sheeran,validation,m,white,4.5,images/roster/ed-sheeran/3.jpg,3.8738,3.8698,-0.0040000000000000036,6.92377686602894,6.916203152533867,2.4237768660289403,2.4162031525338667,0.00757371349507352,0.8177083333333334,0.8072916666666667,0.01041666666666663,4.058,4.038,true,true,760.27,-17.27,0,0,0,0,0,0,100,non-standard framing (head tilted sideways (~10°)) — scored on your override; expect a rougher read.
gallery_identity,eminem,validation,m,white,6.6,images/roster/eminem/1.jpg,3.223,3.223,0.0,6.163254942630251,6.163254942630251,0.4367450573697482,0.4367450573697482,0.0,0.07812499999999994,0.06770833333333331,0.01041666666666663,3.223,3.223,true,true,468.8,0,0,0,0,0,0,0,100,non-standard framing (head turned (~14°)) — scored on your override; expect a rougher read.
gallery_identity,the-weeknd,train,m,black,6.0,images/roster/the-weeknd/1.jpg,3.4618,3.4618,0.0,6.393472597354732,6.393472597354732,0.39347259735473195,0.39347259735473195,0.0,0.32812499999999994,0.3177083333333333,0.01041666666666663,3.299,3.299,true,true,610.35,0,0,0,0,0,0,0,100,
gallery_identity,will-smith,train,m,black,8.3,images/roster/will-smith/4.jpg,2.624,2.624,0.0,4.383112415424668,4.383112415424668,3.916887584575333,3.916887584575333,0.0,0.6979166666666666,0.6875,0.01041666666666663,2.624,2.624,true,true,204.54,0,0,0,0,0,0,0,100,
gallery_identity,adele,train,f,white,6.5,images/roster/adele/9.jpg,4.0205,4.0265,0.006000000000000227,7.324506621688421,7.349405728014212,0.8245066216884211,0.8494057280142124,-0.024899106325791287,0.6701030927835052,0.6597938144329897,0.010309278350515538,4.081,4.093,true,true,657.5,4.65,0,0,0,0,0,0,100,
gallery_identity,megan-fox,train,f,white,9.2,images/roster/megan-fox/2.jpg,3.665,3.665,0.0,6.606466166569827,6.606466166569827,2.593533833430172,2.593533833430172,0.0,0.2628865979381444,0.25257731958762886,0.010309278350515538,3.406,3.406,true,true,324.83,0,0,0,0,0,0,0,100,
gallery_identity,emma-stone,holdout,f,white,8.0,images/roster/emma-stone/1.jpg,3.3834000000000004,3.3834000000000004,0.0,6.318474779178812,6.318474779178812,1.6815252208211877,1.6815252208211877,0.0,0.24226804123711343,0.23195876288659795,0.010309278350515483,3.017,3.017,true,true,470.11,0,0,0,0,0,0,0,100,
gallery_identity,jennifer-lawrence,holdout,f,white,8.1,images/roster/jennifer-lawrence/1.jpg,3.3851999999999998,3.3851999999999998,0.0,6.3203489901864485,6.3203489901864485,1.7796510098135512,1.7796510098135512,0.0,0.288659793814433,0.27835051546391754,0.010309278350515483,3.234,3.234,true,true,334.79,0,0,0,0,0,0,0,100,non-standard framing (head turned (~15°)) — scored on your override; expect a rougher read.
gallery_identity,shakira,train,f,latino,8.4,images/roster/shakira/1.jpg,3.407,3.407,0.0,6.343166276666333,6.343166276666333,2.0568337233336678,2.0568337233336678,0.0,0.3041237113402062,0.29381443298969073,0.010309278350515483,3.739,3.739,true,true,305.37,0,0,0,0,0,0,0,100,non-standard framing (head turned (~15°)) — scored on your override; expect a rougher read.
gallery_identity,sofia-vergara,validation,f,latino,8.8,images/roster/sofia-vergara/1.jpg,3.42725,3.42725,0.0,6.363345285601314,6.363345285601314,2.4366547143986867,2.4366547143986867,0.0,0.37628865979381443,0.36597938144329895,0.010309278350515483,3.658,3.658,true,true,273.86,0,0,0,0,0,0,0,100,non-standard framing (head turned (~16°)) — scored on your override; expect a rougher read.
gallery_identity,taylor-swift,validation,f,white,7.5,images/roster/taylor-swift/7.jpg,3.358,3.3645,0.00649999999999995,6.2915741082416075,6.29844622424225,1.2084258917583925,1.2015537757577501,0.006872116000642414,0.13402061855670105,0.12371134020618557,0.010309278350515483,4.027,4.053,true,true,250.29,0,-15.86,0,0,0,0,0,100,
gallery_identity,triss-merigold,train,f,white,8.5,images/roster/triss-merigold/1.jpg,3.408,3.408,0.0,6.344218286337963,6.344218286337963,2.155781713662037,2.155781713662037,0.0,0.34020618556701027,0.3298969072164948,0.010309278350515483,3.307,3.307,true,true,245.06,0,0,0,0,0,0,0,100,non-standard framing (head turned (~22°); head tilted sideways (~23°)) — scored on your override; expect a rougher read.
gallery_identity,roseanne-barr,train,f,white,3.5,images/roster/roseanne-barr/6.jpg,2.9346,2.8924,-0.04220000000000024,5.7411551568664025,5.644722682531348,2.2411551568664025,2.1447226825313477,0.09643247433505486,0.07731958762886598,0.06701030927835051,0.010309278350515469,3.229,3.0,false,true,304.26,0,-24.65,0.37,0,3.89,4.26,2.78,100,
gallery_identity,rachel-dolezal,holdout,f,white,4.0,images/roster/rachel-dolezal/1.jpg,3.1654999999999998,3.1455,-0.019999999999999574,6.102101589300165,6.080178661440107,2.1021015893001653,2.080178661440107,0.021922927860058117,0.14432989690721648,0.13402061855670103,0.010309278350515455,3.073,3.033,true,true,295.36,-6.2,30.46,0,0,0,0,0,100,non-standard framing (head tilted sideways (~10°)) — scored on your override; expect a rougher read.
gallery_identity,trisha-paytas,train,f,white,5.0,images/roster/trisha-paytas/1.jpg,3.1195999999999997,3.1195999999999997,0.0,6.044491772581336,6.044491772581336,1.0444917725813356,1.0444917725813356,0.0,0.056701030927835044,0.04639175257731959,0.010309278350515455,2.88,2.88,true,true,256.98,0,0,0,0,0,0,0,100,
gallery_identity,aerith-gainsborough,train,f,other,8.5,images/roster/aerith-gainsborough/1.jpg,3.502,3.502,0.0,6.426902004026099,6.426902004026099,2.0730979959739013,2.0730979959739013,0.0,0.268041237113402,0.25773195876288657,0.010309278350515427,3.859,3.859,true,true,242.13,0,0,0,0,0,0,0,100,non-standard framing (head turned (~20°); head tilted sideways (~17°)) — scored on your override; expect a rougher read.
gallery_identity,beyonce,validation,f,black,8.9,images/roster/beyonce/1.jpg,3.383,3.383,0.0,6.318058487088996,6.318058487088996,2.581941512911004,2.581941512911004,0.0,0.47938144329896903,0.4690721649484536,0.010309278350515427,3.101,3.101,true,true,237.77,0,0,0,0,0,0,0,100,
gallery_identity,billie-eilish,train,f,white,7.8,images/roster/billie-eilish/1.jpg,3.421,3.421,0.0,6.357938187423278,6.357938187423278,1.4420618125767222,1.4420618125767222,0.0,0.09793814432989689,0.08762886597938147,0.010309278350515427,3.066,3.066,true,true,223.06,0,0,0,0,0,0,0,100,
gallery_identity,dizzykitten,train,f,white,7.2,images/roster/dizzykitten/1.jpg,2.9844999999999997,2.9844999999999997,0.0,5.840399991205202,5.840399991205202,1.3596000087947981,1.3596000087947981,0.0,0.2628865979381443,0.25257731958762886,0.010309278350515427,3.239,3.239,true,true,692.24,0,0,0,0,0,0,0,100,non-standard framing (head turned (~24°)) — scored on your override; expect a rougher read.
gallery_identity,dolly-parton,train,f,white,8.0,images/roster/dolly-parton/1.jpg,2.895,2.895,0.0,5.652369051852542,5.652369051852542,2.347630948147458,2.347630948147458,0.0,0.5103092783505154,0.5,0.010309278350515427,2.45,2.45,true,true,239.17,0,0,0,0,0,0,0,100,
gallery_identity,gab-smolders,train,f,white,6.5,images/roster/gab-smolders/1.jpg,3.6993333333333336,3.6993333333333336,0.0,6.646584346679333,6.646584346679333,0.14658434667933307,0.14658434667933307,0.0,0.44329896907216493,0.4329896907216495,0.010309278350515427,3.597,3.597,true,true,600.46,0,0,0,0,0,0,0,100,non-standard framing (head turned (~18°)) — scored on your override; expect a rougher read.
gallery_identity,gal-gadot,train,f,middle-eastern,9.0,images/roster/gal-gadot/1.jpg,3.66375,3.66375,0.0,6.605134522547363,6.605134522547363,2.394865477452637,2.394865477452637,0.0,0.231958762886598,0.22164948453608257,0.010309278350515427,3.667,3.667,true,true,325.47,0,0,0,0,0,0,0,100,
gallery_identity,gibi-asmr,train,f,white,7.2,images/roster/gibi-asmr/3.jpg,3.7756666666666665,3.7756666666666665,0.0,6.752466077923319,6.752466077923319,0.44753392207668075,0.44753392207668075,0.0,0.3865979381443299,0.3762886597938145,0.010309278350515427,3.758,3.758,false,true,418.08,0,0,44.35,42.8,40.73,42.28,36.56,99.84,non-standard framing (head tilted sideways (~23°)) — scored on your override; expect a rougher read.
gallery_identity,kim-kardashian,train,f,white,8.5,images/roster/kim-kardashian/1.jpg,3.48125,3.48125,0.0,6.409864553786628,6.409864553786628,2.090135446213372,2.090135446213372,0.0,0.2989690721649484,0.28865979381443296,0.010309278350515427,3.574,3.574,true,true,113.8,0,0,0,0,0,0,0,100,"small/distant face (~63px of real detail) — score is rougher than a tight, sharp headshot."
gallery_identity,melissa-bonny,train,f,white,7.9,images/roster/melissa-bonny/1.jpg,2.726,2.726,0.0,4.912985945742045,4.912985945742045,2.9870140542579557,2.9870140542579557,0.0,0.5103092783505154,0.5,0.010309278350515427,2.726,2.726,true,true,232.51,0,0,0,0,0,0,0,100,
gallery_identity,mindy-kaling,holdout,f,south-asian,5.5,images/roster/mindy-kaling/6.jpg,3.5564999999999998,3.537,-0.01949999999999985,6.4797303010974225,6.459023489865143,0.9797303010974225,0.9590234898651433,0.020706811232279243,0.32474226804123707,0.31443298969072164,0.010309278350515427,3.53,3.452,true,true,262.39,0,-17.18,0,0,0,0,0,100,
gallery_identity,vera-lux,holdout,f,white,9.0,images/roster/vera-lux/1.jpg,3.549,3.549,0.0,6.4717410068307935,6.4717410068307935,2.5282589931692065,2.5282589931692065,0.0,0.365979381443299,0.3556701030927836,0.010309278350515427,3.557,3.557,true,true,269.08,0,0,0,0,0,0,0,100,non-standard framing (head turned (~25°); head tilted sideways (~19°)) — scored on your override; expect a rougher read.
gallery_identity,ana-de-armas,train,f,latino,9.4,images/roster/ana-de-armas/3.jpg,3.5768,3.5878,0.01100000000000012,6.50285776616415,6.516031833741127,2.897142233835851,2.8839681662588736,0.013174067576977144,0.38659793814432997,0.38144329896907225,0.005154639175257714,3.948,4.003,true,true,249.28,0,-16.11,0,0,0,0,0,100,
gallery_identity,kylie-jenner,validation,f,white,7.5,images/roster/kylie-jenner/1.jpg,3.5768,3.5768,0.0,6.50285776616415,6.50285776616415,0.9971422338358504,0.9971422338358504,0.0,0.08762886597938141,0.0824742268041237,0.005154639175257714,3.862,3.862,false,true,694.34,0,0,157.75,77.28,131.59,77.06,54.64,91.64,
gallery_identity,alice-lane,train,f,white,8.5,images/roster/alice-lane/2.jpg,3.64,3.64,0.0,6.579826654149275,6.579826654149275,1.920173345850725,1.920173345850725,0.0,0.12371134020618557,0.12371134020618557,0.0,3.551,3.551,true,true,409.14,0,0,0,0,0,0,0,100,non-standard framing (head turned (~15°); head tilted sideways (~22°)) — scored on your override; expect a rougher read.
gallery_identity,alissa-white-gluz,train,f,white,7.8,images/roster/alissa-white-gluz/2.jpg,4.111,4.111,0.0,7.651843422313572,7.651843422313572,0.14815657768642776,0.14815657768642776,0.0,0.4587628865979382,0.4587628865979382,0.0,4.111,4.111,true,true,416.55,0,0,0,0,0,0,0,100,
gallery_identity,amber-heard,train,f,white,8.5,images/roster/amber-heard/3.jpg,3.942,3.952,0.009999999999999787,7.063235827028208,7.0902547096342365,1.4367641729717917,1.4097452903657635,0.02701888260602825,0.14432989690721654,0.14432989690721654,0.0,4.261,4.297,false,true,497.6,27.15,0,9.6,0,0,0,1.93,100,non-standard framing (head turned (~18°)) — scored on your override; expect a rougher read.
gallery_identity,amelia-dimoldenberg,holdout,f,white,7.2,images/roster/amelia-dimoldenberg/3.jpg,3.7114,3.7128,0.00140000000000029,6.662665016277083,6.664540658498556,0.5373349837229169,0.5354593415014444,0.0018756422214725177,0.3556701030927835,0.3556701030927835,0.0,4.046,4.065,false,true,739.78,0,75.56,0,19.78,0,0,2.67,100,
gallery_identity,amy-schumer,train,f,white,4.5,images/roster/amy-schumer/5.jpg,3.6162,3.6189999999999998,0.0027999999999996916,6.550469782265825,6.5538994067145815,2.050469782265825,2.0538994067145815,-0.0034296244487563854,0.48453608247422675,0.48453608247422675,0.0,3.717,3.731,false,true,698.07,-5.67,0,0,0,23.07,0,3.31,100,non-standard framing (head turned (~18°)) — scored on your override; expect a rougher read.
gallery_identity,andrew-tate,train,m,mixed,6.5,images/roster/andrew-tate/1.jpg,3.7825,3.7825,0.0,6.7621664818183085,6.7621664818183085,0.2621664818183085,0.2621664818183085,0.0,0.4427083333333333,0.4427083333333333,0.0,3.439,3.439,true,true,589.49,0,0,0,0,0,0,0,100,non-standard framing (head turned (~21°)) — scored on your override; expect a rougher read.
gallery_identity,anne-hathaway,train,f,white,8.3,images/roster/anne-hathaway/2.jpg,3.9142,3.9142,0.0,6.996727695916652,6.996727695916652,1.3032723040833485,1.3032723040833485,0.0,0.19072164948453607,0.19072164948453607,0.0,3.798,3.798,true,true,183.98,0,0,0,0,0,0,0,100,"small/distant face (~97px of real detail) — score is rougher than a tight, sharp headshot."
gallery_identity,armie-hammer,train,m,white,8.0,images/roster/armie-hammer/1.jpg,3.7263999999999995,3.7263999999999995,0.0,6.682999317796991,6.682999317796991,1.317000682203009,1.317000682203009,0.0,0.078125,0.078125,0.0,4.074,4.074,true,true,261.51,0,0,0,0,0,0,0,100,non-standard framing (head turned (~23°)) — scored on your override; expect a rougher read.
gallery_identity,asmr-darling,train,f,white,7.4,images/roster/asmr-darling/1.jpg,3.010333333333333,3.010333333333333,0.0,5.886415281480332,5.886415281480332,1.5135847185196685,1.5135847185196685,0.0,0.28350515463917525,0.28350515463917525,0.0,3.44,3.44,false,true,540.46,0,0,34.41,0,6.05,0,7.49,100,non-standard framing (head turned (~17°)) — scored on your override; expect a rougher read.
gallery_identity,aubrey-oday,validation,f,white,5.5,images/roster/aubrey-oday/2.jpg,4.124666666666667,4.124666666666667,0.0,7.707232118891916,7.707232118891916,2.207232118891916,2.207232118891916,0.0,0.788659793814433,0.788659793814433,0.0,3.913,3.913,true,true,266.6,0,0,0,0,0,0,0,100,non-standard framing (head turned (~13°)) — scored on your override; expect a rougher read.
gallery_identity,bad-bunny,train,m,latino,6.5,images/roster/bad-bunny/1.jpg,3.835,3.835,0.0,6.844367615130115,6.844367615130115,0.34436761513011493,0.34436761513011493,0.0,0.5052083333333333,0.5052083333333333,0.0,3.666,3.666,false,true,859.58,0,0,39.44,0,40.13,0,9.26,100,
gallery_identity,bella-hadid,train,f,mixed,9.3,images/roster/bella-hadid/1.jpg,3.789,3.789,0.0,6.7714502646407775,6.7714502646407775,2.5285497353592232,2.5285497353592232,0.0,0.14432989690721643,0.14432989690721643,0.0,3.789,3.789,true,true,118.88,0,0,0,0,0,0,0,100,"small/distant face (~70px of real detail) — score is rougher than a tight, sharp headshot."
gallery_identity,ben-shapiro,validation,m,white,5.0,images/roster/ben-shapiro/6.jpg,3.8297499999999998,3.8247500000000003,-0.004999999999999449,6.833856816489114,6.825985052389303,1.8338568164891136,1.8259850523893029,0.007871764099810719,0.7291666666666667,0.7291666666666667,0.0,4.265,4.235,false,true,749.07,0,-18.55,32.93,0,41.14,0,9.89,100,
gallery_identity,billy-mcfarland,train,m,white,5.5,images/roster/billy-mcfarland/2.jpg,3.744,3.744,0.0,6.707701338688954,6.707701338688954,1.2077013386889544,1.2077013386889544,0.0,0.5677083333333333,0.5677083333333333,0.0,3.744,3.744,true,true,384.58,0,0,0,0,0,0,0,100,
gallery_identity,bruno-mars,validation,m,mixed,7.1,images/roster/bruno-mars/2.jpg,3.2165,3.2165,0.0,6.1563658490278375,6.1563658490278375,0.9436341509721622,0.9436341509721622,0.0,0.08333333333333326,0.08333333333333326,0.0,3.589,3.589,true,true,289.56,0,0,0,0,0,0,0,100,
gallery_identity,callan-exorcist,holdout,f,white,8.6,images/roster/callan-exorcist/1.jpg,3.8266666666666667,3.8266666666666667,0.0,6.828997595702642,6.828997595702642,1.7710024042973576,1.7710024042973576,0.0,0.030927835051546393,0.030927835051546393,0.0,3.208,3.208,true,true,279.7,0,0,0,0,0,0,0,100,non-standard framing (head tilted sideways (~17°)) — scored on your override; expect a rougher read.
gallery_identity,casey-anthony,train,f,white,4.4,images/roster/casey-anthony/2.jpg,3.743,3.743,0.0,6.7062877682438415,6.7062877682438415,2.306287768243841,2.306287768243841,0.0,0.6494845360824741,0.6494845360824741,0.0,3.743,3.743,true,true,617.21,0,0,0,0,0,0,0,100,
gallery_identity,chloe-grace-moretz,train,f,white,7.4,images/roster/chloe-grace-moretz/8.jpg,3.6314,3.6292,-0.002200000000000202,6.569164519947431,6.566446953489406,0.8308354800525697,0.8335530465105947,-0.0027175664580250114,0.18041237113402064,0.18041237113402064,0.0,4.294,4.283,true,true,638.95,7.14,0,0,0,0,0,0,100,
gallery_identity,chris-brown,train,m,black,7.5,images/roster/chris-brown/2.jpg,2.319,2.319,0.0,3.188106834109662,3.188106834109662,4.311893165890337,4.311893165890337,0.0,0.640625,0.640625,0.0,2.409,2.409,true,true,216.03,0,0,0,0,0,0,0,100,
gallery_identity,chris-hemsworth,holdout,m,white,9.5,images/roster/chris-hemsworth/3.jpg,3.1844,3.1844,0.0,6.122572307739494,6.122572307739494,3.3774276922605058,3.3774276922605058,0.0,0.48958333333333337,0.48958333333333337,0.0,3.298,3.298,true,true,656.1,0,0,0,0,0,0,0,100,
gallery_identity,courtney-clenney,holdout,f,white,7.9,images/roster/courtney-clenney/1.jpg,3.6065,3.6065,0.0,6.538636966829859,6.538636966829859,1.3613630331701412,1.3613630331701412,0.0,0.03608247422680411,0.03608247422680411,0.0,4.013,4.013,true,true,635.95,0,0,0,0,0,0,0,100,non-standard framing (head tilted sideways (~15°)) — scored on your override; expect a rougher read.
gallery_identity,denzel-washington,holdout,m,black,8.8,images/roster/denzel-washington/1.jpg,2.138333333333333,2.138333333333333,0.0,2.5506620717791897,2.5506620717791897,6.249337928220811,6.249337928220811,0.0,0.8645833333333334,0.8645833333333334,0.0,1.862,1.862,true,true,205.33,0,0,0,0,0,0,0,100,
gallery_identity,dwayne-johnson,holdout,m,mixed,7.5,images/roster/dwayne-johnson/1.jpg,3.5758,3.5700000000000003,-0.005799999999999805,6.501664532829263,6.494758064762457,0.9983354671707367,1.0052419352375432,-0.006906468066806504,0.09895833333333326,0.09895833333333326,0.0,3.72,3.692,false,true,810.88,-28.21,0,0,0,30.88,0,3.81,100,non-standard framing (head turned (~16°)) — scored on your override; expect a rougher read.
gallery_identity,elizabeth-holmes,train,f,white,5.0,images/roster/elizabeth-holmes/2.jpg,3.84025,3.82925,-0.01100000000000012,6.85564789890827,6.833067743864201,1.8556478989082699,1.8330677438642011,0.02258015504406874,0.6958762886597938,0.6958762886597938,0.0,3.605,3.561,true,true,264.24,0,-14.68,0,0,0,0,0,100,
gallery_identity,emma-watson,holdout,f,white,8.0,images/roster/emma-watson/2.jpg,4.038,4.038,0.0,7.395174625815355,7.395174625815355,0.604825374184645,0.604825374184645,0.0,0.34536082474226804,0.34536082474226804,0.0,4.127,4.127,true,true,422.93,0,0,0,0,0,0,0,100,
gallery_identity,emmy-rossum,validation,f,white,8.0,images/roster/emmy-rossum/3.jpg,3.8741999999999996,3.8612,-0.012999999999999456,6.9245365305022295,6.900058395462115,1.0754634694977705,1.099941604537885,-0.024478135040114424,0.24226804123711343,0.24226804123711343,0.0,4.156,4.091,false,true,303.21,0,-18.27,2.3,0,0.92,3.21,2.11,100,
gallery_identity,farrah-abraham,validation,f,white,5.8,images/roster/farrah-abraham/1.jpg,3.574,3.574,0.0,6.499518544187748,6.499518544187748,0.6995185441877485,0.6995185441877485,0.0,0.3195876288659794,0.3195876288659794,0.0,3.574,3.574,true,true,265.77,0,0,0,0,0,0,0,100,
gallery_identity,george-clooney,train,m,white,8.5,images/roster/george-clooney/1.jpg,3.7159999999999997,3.7095999999999996,-0.006400000000000183,6.668835711564702,6.660256538197852,1.831164288435298,1.839743461802148,-0.00857917336684988,0.01041666666666663,0.01041666666666663,0.0,3.917,3.885,true,true,773.31,-3.4,0,0,0,0,0,0,100,
gallery_identity,glen-powell,validation,m,white,8.7,images/roster/glen-powell/3.jpg,3.093,3.093,0.0,6.008530448623422,6.008530448623422,2.691469551376577,2.691469551376577,0.0,0.421875,0.421875,0.0,3.093,3.093,true,true,480.56,0,0,0,0,0,0,0,100,non-standard framing (head turned (~13°); head tilted sideways (~10°)) — scored on your override; expect a rougher read.
gallery_identity,grimes,train,f,white,7.0,images/roster/grimes/5.jpg,3.638666666666667,3.638666666666667,0.0,6.578169517835163,6.578169517835163,0.4218304821648369,0.4218304821648369,0.0,0.28350515463917525,0.28350515463917525,0.0,4.127,4.127,true,true,317.56,0,0,0,0,0,0,0,100,
gallery_identity,hailee-steinfeld,train,f,mixed,8.0,images/roster/hailee-steinfeld/2.jpg,3.6018,3.6018,0.0,6.532930168593553,6.532930168593553,1.4670698314064472,1.4670698314064472,0.0,0.03608247422680411,0.03608247422680411,0.0,3.591,3.591,true,true,209.99,0,0,0,0,0,0,0,100,non-standard framing (head tilted sideways (~21°)) — scored on your override; expect a rougher read.
gallery_identity,hasan-piker,holdout,m,middle-eastern,8.2,images/roster/hasan-piker/1.jpg,2.6605,2.6605,0.0,4.591208572111776,4.591208572111776,3.6087914278882236,3.6087914278882236,0.0,0.6458333333333334,0.6458333333333334,0.0,2.614,2.614,true,true,163.11,0,0,0,0,0,0,0,100,"small/distant face (~98px of real detail) — score is rougher than a tight, sharp headshot."
gallery_identity,jacob-elordi,validation,m,white,9.1,images/roster/jacob-elordi/1.jpg,3.8193333333333332,3.8193333333333332,0.0,6.817504342494167,6.817504342494167,2.282495657505833,2.282495657505833,0.0,0.05208333333333337,0.05208333333333337,0.0,3.922,3.922,true,true,487.25,0,0,0,0,0,0,0,100,non-standard framing (head turned (~17°)) — scored on your override; expect a rougher read.
gallery_identity,jason-momoa,train,m,mixed,9.0,images/roster/jason-momoa/1.jpg,3.787,3.787,0.0,6.768587775522092,6.768587775522092,2.231412224477908,2.231412224477908,0.0,0.03645833333333337,0.03645833333333337,0.0,3.864,3.864,true,true,721.61,0,0,0,0,0,0,0,100,
gallery_identity,jennifer-haben,train,f,white,8.9,images/roster/jennifer-haben/2.jpg,3.3425000000000002,3.3425000000000002,0.0,6.2752630118619335,6.2752630118619335,2.624736988138067,2.624736988138067,0.0,0.5206185567010309,0.5206185567010309,0.0,2.857,2.857,true,true,210.84,0,0,0,0,0,0,0,100,
gallery_identity,john-mulaney,validation,m,white,6.8,images/roster/john-mulaney/1.jpg,3.855,3.855,0.0,6.887821868374165,6.887821868374165,0.08782186837416539,0.08782186837416539,0.0,0.44791666666666663,0.44791666666666663,0.0,3.866,3.866,true,true,414.14,0,0,0,0,0,0,0,100,non-standard framing (head turned (~16°)) — scored on your override; expect a rougher read.
gallery_identity,johnny-depp,holdout,m,white,9.0,images/roster/johnny-depp/3.jpg,3.8222500000000004,3.8222500000000004,0.0,6.822064850409687,6.822064850409687,2.177935149590313,2.177935149590313,0.0,0.00520833333333337,0.00520833333333337,0.0,3.431,3.431,true,true,125.75,0,0,0,0,0,0,0,100,"small/distant face (~91px of real detail) — score is rougher than a tight, sharp headshot. · non-standard framing (head tilted sideways (~16°)) — scored on your override; expect a rougher read."
gallery_identity,jonah-hill,train,m,white,5.5,images/roster/jonah-hill/4.jpg,3.3226,3.3226,0.0,6.257167159977266,6.257167159977266,0.757167159977266,0.757167159977266,0.0,0.3020833333333333,0.3020833333333333,0.0,3.804,3.804,true,true,584.37,0,0,0,0,0,0,0,100,
gallery_identity,jordan-peterson,holdout,m,white,6.2,images/roster/jordan-peterson/1.jpg,2.939,2.939,0.0,5.749666067111034,5.749666067111034,0.4503339328889666,0.4503339328889666,0.0,0.0625,0.0625,0.0,3.375,3.375,true,true,179.55,0,0,0,0,0,0,0,100,"small/distant face (~105px of real detail) — score is rougher than a tight, sharp headshot. · non-standard framing (head tilted sideways (~16°)) — scored on your override; expect a rougher read."
gallery_identity,jungkook,train,m,east-asian,8.0,images/roster/jungkook/1.jpg,3.7645,3.7645,0.0,6.73674227999965,6.73674227999965,1.2632577200003503,1.2632577200003503,0.0,0.11979166666666674,0.11979166666666674,0.0,4.06,4.06,true,true,583.94,0,0,0,0,0,0,0,100,
gallery_identity,kanye-west,holdout,m,black,6.0,images/roster/kanye-west/3.jpg,3.1125,3.1125,0.0,6.034727078486526,6.034727078486526,0.0347270784865259,0.0347270784865259,0.0,0.11979166666666663,0.11979166666666663,0.0,3.591,3.591,true,true,515.36,0,0,0,0,0,0,0,100,
gallery_identity,kato-kaelin,train,m,white,5.0,images/roster/kato-kaelin/1.jpg,2.50875,2.50875,0.0,3.8969268031709934,3.8969268031709934,1.1030731968290066,1.1030731968290066,0.0,0.14583333333333331,0.14583333333333331,0.0,2.881,2.881,true,true,215.83,0,0,0,0,0,0,0,100,
gallery_identity,keanu-reeves,train,m,mixed,8.5,images/roster/keanu-reeves/1.jpg,3.7882499999999997,3.7882499999999997,0.0,6.770376208876729,6.770376208876729,1.729623791123271,1.729623791123271,0.0,0.07291666666666674,0.07291666666666674,0.0,4.302,4.302,true,true,638.64,0,0,0,0,0,0,0,100,
gallery_identity,keira-metz,train,f,white,8.0,images/roster/keira-metz/5.jpg,3.904,3.904,0.0,6.978740405878726,6.978740405878726,1.0212595941212737,1.0212595941212737,0.0,0.25257731958762886,0.25257731958762886,0.0,3.904,3.904,true,true,244.39,0,0,0,0,0,0,0,100,non-standard framing (head turned (~20°); head tilted sideways (~21°)) — scored on your override; expect a rougher read.
gallery_identity,kendrick-lamar,validation,m,black,6.1,images/roster/kendrick-lamar/3.jpg,1.771,1.771,0.0,1.9855506446705178,1.9855506446705178,4.114449355329482,4.114449355329482,0.0,0.3697916666666667,0.3697916666666667,0.0,1.655,1.655,true,true,304.47,0,0,0,0,0,0,0,100,
gallery_identity,kumail-nanjiani,holdout,m,south-asian,6.4,images/roster/kumail-nanjiani/1.jpg,3.5533333333333332,3.5533333333333332,0.0,6.47635316607464,6.47635316607464,0.07635316607463949,0.07635316607463949,0.0,0.34375,0.34375,0.0,3.183,3.183,true,true,293.09,0,0,0,0,0,0,0,100,non-standard framing (head tilted sideways (~19°)) — scored on your override; expect a rougher read.
gallery_identity,lebron-james,validation,m,black,7.0,images/roster/lebron-james/1.jpg,2.6886666666666663,2.735,0.04633333333333356,4.732824060802247,4.960551347029405,2.2671759391977533,2.039448652970595,0.2277272862271582,0.38541666666666674,0.38541666666666674,0.0,3.118,3.257,true,true,634.93,-6.47,0,0,0,0,0,0,100,non-standard framing (head tilted sideways (~12°)) — scored on your override; expect a rougher read.
gallery_identity,lewis-capaldi,validation,m,white,4.8,images/roster/lewis-capaldi/1.jpg,3.6865,3.6865,0.0,6.629646318108307,6.629646318108307,1.8296463181083071,1.8296463181083071,0.0,0.625,0.625,0.0,3.629,3.629,true,true,331.08,0,0,0,0,0,0,0,100,non-standard framing (head turned (~23°)) — scored on your override; expect a rougher read.
gallery_identity,lionel-messi,train,m,latino,6.5,images/roster/lionel-messi/1.jpg,3.1935000000000002,3.1935000000000002,0.0,6.132114772845363,6.132114772845363,0.3678852271546367,0.3678852271546367,0.0,0.07812499999999994,0.07812499999999994,0.0,2.987,2.987,true,true,413.09,0,0,0,0,0,0,0,100,non-standard framing (head turned (~13°)) — scored on your override; expect a rougher read.
gallery_identity,lizzo,train,f,black,5.0,images/roster/lizzo/1.jpg,2.6616666666666666,2.6616666666666666,0.0,4.597517304071485,4.597517304071485,0.4024826959285148,0.4024826959285148,0.0,0.10824742268041238,0.10824742268041238,0.0,2.554,2.554,true,true,292.83,0,0,0,0,0,0,0,100,non-standard framing (head turned (~18°)) — scored on your override; expect a rougher read.
gallery_identity,logan-paul,train,m,white,7.3,images/roster/logan-paul/1.jpg,3.049,3.049,0.0,5.944864605234969,5.944864605234969,1.355135394765031,1.355135394765031,0.0,0.21874999999999994,0.21874999999999994,0.0,2.859,2.859,true,true,233.46,0,0,0,0,0,0,0,100,non-standard framing (head turned (~22°)) — scored on your override; expect a rougher read.
gallery_identity,margot-robbie,train,f,white,9.5,images/roster/margot-robbie/2.jpg,3.3218000000000005,3.3218000000000005,0.0,6.256445137538209,6.256445137538209,3.2435548624617914,3.2435548624617914,0.0,0.6752577319587629,0.6752577319587629,0.0,3.408,3.408,true,true,474.71,0,0,0,0,0,0,0,100,
gallery_identity,marina-laswick,train,f,white,8.9,images/roster/marina-laswick/4.jpg,4.0715,4.0715,0.0,7.5107190722039245,7.5107190722039245,1.3892809277960758,1.3892809277960758,0.0,0.12886597938144329,0.12886597938144329,0.0,4.23,4.23,true,true,397.45,0,0,0,0,0,0,0,100,non-standard framing (head turned (~20°); head tilted sideways (~10°)) — scored on your override; expect a rougher read.
gallery_identity,martin-shkreli,train,m,white,4.0,images/roster/martin-shkreli/4.jpg,3.2969999999999997,3.2925,-0.0044999999999997264,6.234160717791257,6.230137200560505,2.234160717791257,2.230137200560505,0.004023517230751672,0.4583333333333333,0.4583333333333333,0.0,3.609,3.6,true,true,968.14,0,9.49,0,0,0,0,0,100,non-standard framing (head turned (~23°); head tilted sideways (~16°)) — scored on your override; expect a rougher read.
gallery_identity,michael-phelps,train,m,white,6.7,images/roster/michael-phelps/2.jpg,3.5765000000000002,3.5765000000000002,0.0,6.502499719703619,6.502499719703619,0.19750028029638145,0.19750028029638145,0.0,0.2916666666666667,0.2916666666666667,0.0,3.759,3.759,true,true,195.8,0,0,0,0,0,0,0,100,"small/distant face (~108px of real detail) — score is rougher than a tight, sharp headshot. · non-standard framing (head tilted sideways (~11°)) — scored on your override; expect a rougher read."
gallery_identity,mila-kunis,train,f,white,8.5,images/roster/mila-kunis/7.jpg,3.866,3.85875,-0.007249999999999979,6.909046316190049,6.895492981678582,1.5909536838099507,1.604507018321418,-0.013553334511467341,0.09278350515463918,0.09278350515463918,0.0,3.806,3.777,false,true,690.36,-2.51,0,0,0,15.36,0,2.23,100,
gallery_identity,mrbeast,holdout,m,white,6.1,images/roster/mrbeast/1.jpg,3.182,3.182,0.0,6.120060444343756,6.120060444343756,0.020060444343756423,0.020060444343756423,0.0,0.11979166666666663,0.11979166666666663,0.0,3.56,3.56,true,true,533.44,0,0,0,0,0,0,0,100,
gallery_identity,paul-rudd,train,m,white,7.0,images/roster/paul-rudd/3.jpg,3.1374000000000004,3.1376,0.00019999999999953388,6.069532843786186,6.069815226770252,0.9304671562138136,0.9301847732297484,0.00028238298406524365,0.08333333333333337,0.08333333333333337,0.0,2.614,2.728,false,true,287.43,7.89,-17.09,38.43,0,0,0,13.37,100,
gallery_identity,pauly-shore,holdout,m,white,4.0,images/roster/pauly-shore/1.jpg,2.9178,2.9178,0.0,5.71270919080419,5.71270919080419,1.7127091908041896,1.7127091908041896,0.0,0.20833333333333331,0.20833333333333331,0.0,2.773,2.773,true,true,265.72,0,0,0,0,0,0,0,100,
gallery_identity,philippa-eilhart,validation,f,white,7.0,images/roster/philippa-eilhart/2.jpg,3.6493333333333333,3.6493333333333333,0.0,6.589847759788486,6.589847759788486,0.41015224021151386,0.41015224021151386,0.0,0.3041237113402062,0.3041237113402062,0.0,3.733,3.733,true,true,263.46,0,0,0,0,0,0,0,100,non-standard framing (head turned (~25°)) — scored on your override; expect a rougher read.
gallery_identity,piia-tamare,holdout,f,white,8.3,images/roster/piia-tamare/1.jpg,3.78775,3.787,-0.0007500000000000284,6.7696605869062605,6.768587775522092,1.5303394130937402,1.5314122244779087,-0.0010728113841684817,0.09793814432989689,0.09793814432989689,0.0,4.218,4.215,true,true,615.43,-88.86,0,0,0,0,0,0,100,
gallery_identity,pokimane,train,f,middle-eastern,7.4,images/roster/pokimane/1.jpg,3.0395000000000003,3.0705,0.030999999999999694,5.933191789141417,5.973470867540566,1.4668082108585834,1.426529132459434,0.04027907839914935,0.2731958762886598,0.2731958762886598,0.0,2.805,2.929,true,true,277.95,0,-3.94,0,0,0,0,0,100,non-standard framing (head tilted sideways (~18°)) — scored on your override; expect a rougher read.
gallery_identity,qtcinderella,train,f,white,7.0,images/roster/qtcinderella/1.jpg,3.17275,3.17275,0.0,6.1100849691897725,6.1100849691897725,0.8899150308102275,0.8899150308102275,0.0,0.09793814432989689,0.09793814432989689,0.0,2.813,2.813,true,true,246.28,0,0,0,0,0,0,0,100,non-standard framing (head turned (~23°)) — scored on your override; expect a rougher read.
gallery_identity,rami-malek,train,m,middle-eastern,6.8,images/roster/rami-malek/1.jpg,3.279,3.279,0.0,6.21810257486062,6.21810257486062,0.5818974251393803,0.5818974251393803,0.0,0.05208333333333337,0.05208333333333337,0.0,3.195,3.195,true,true,425.36,0,0,0,0,0,0,0,100,non-standard framing (head tilted sideways (~11°)) — scored on your override; expect a rougher read.
gallery_identity,rihanna,validation,f,black,9.1,images/roster/rihanna/2.jpg,2.5403333333333333,2.5403333333333333,0.0,4.034235007438053,4.034235007438053,5.065764992561947,5.065764992561947,0.0,0.8969072164948453,0.8969072164948453,0.0,2.169,2.169,true,true,104.85,0,0,0,0,0,0,0,100,"small/distant face (~63px of real detail) — score is rougher than a tight, sharp headshot."
gallery_identity,roman-reigns,train,m,mixed,9.0,images/roster/roman-reigns/1.jpg,3.178,3.178,0.0,6.1158784319425274,6.1158784319425274,2.8841215680574726,2.8841215680574726,0.0,0.4427083333333333,0.4427083333333333,0.0,2.626,2.626,true,true,627.95,0,0,0,0,0,0,0,100,
gallery_identity,rosa-salazar,train,f,latino,7.0,images/roster/rosa-salazar/4.jpg,3.564,3.5493333333333332,-0.014666666666666828,6.487751629225902,6.472095413488138,0.5122483707740981,0.5279045865118617,-0.015656215737763546,0.2010309278350515,0.2010309278350515,0.0,3.408,3.364,false,true,593.69,9.22,0,9.69,0,0,0,1.63,100,non-standard framing (head turned (~13°)) — scored on your override; expect a rougher read.
gallery_identity,rosie-odonnell,train,f,white,3.8,images/roster/rosie-odonnell/2.jpg,2.8546,2.8546,0.0,5.539777186381026,5.539777186381026,1.7397771863810263,1.7397771863810263,0.0,0.020618556701030938,0.020618556701030938,0.0,2.547,2.547,true,true,219.65,0,0,0,0,0,0,0,100,
gallery_identity,ryan-reynolds,train,m,white,8.0,images/roster/ryan-reynolds/1.jpg,3.7567999999999997,3.7567999999999997,0.0,6.7259051408587265,6.7259051408587265,1.2740948591412735,1.2740948591412735,0.0,0.109375,0.109375,0.0,3.846,3.846,true,true,654.13,0,0,0,0,0,0,0,100,
gallery_identity,sam-bankman-fried,train,m,white,3.0,images/roster/sam-bankman-fried/3.jpg,4.032,4.032,0.0,7.372755319849235,7.372755319849235,4.372755319849235,4.372755319849235,0.0,0.9479166666666666,0.9479166666666666,0.0,4.032,4.032,true,true,260.83,0,0,0,0,0,0,0,100,
gallery_identity,selene-ashford,train,f,mixed,9.5,images/roster/selene-ashford/4.jpg,3.3473333333333333,3.3446666666666665,-0.002666666666666817,6.280337882017247,6.277536690025807,3.219662117982753,3.2224633099741933,-0.002801191991440355,0.6443298969072165,0.6443298969072165,0.0,3.03,3.022,true,true,258.06,-15.93,0,0,0,0,0,0,100,non-standard framing (head turned (~25°); head tilted sideways (~23°)) — scored on your override; expect a rougher read.
gallery_identity,shaelah-mcgilton,validation,f,mixed,8.4,images/roster/shaelah-mcgilton/1.jpg,3.922,3.922,0.0,7.010651188381596,7.010651188381596,1.3893488116184045,1.3893488116184045,0.0,0.18041237113402064,0.18041237113402064,0.0,3.922,3.922,true,true,324.72,0,0,0,0,0,0,0,100,non-standard framing (head turned (~15°); head tilted sideways (~15°)) — scored on your override; expect a rougher read.
gallery_identity,shia-labeouf,validation,m,white,6.5,images/roster/shia-labeouf/2.jpg,3.5342,3.5262000000000002,-0.007999999999999563,6.456067459953673,6.4476450266475585,0.04393254004632663,0.05235497335244155,-0.008422433306114918,0.2864583333333333,0.2864583333333333,0.0,3.415,3.375,true,true,288.8,-23.18,0,0,0,0,0,0,100,non-standard framing (head turned (~21°)) — scored on your override; expect a rougher read.
gallery_identity,simone-biles,validation,f,black,6.5,images/roster/simone-biles/1.jpg,2.5955,2.5955,0.0,4.256368545967064,4.256368545967064,2.2436314540329363,2.2436314540329363,0.0,0.25773195876288657,0.25773195876288657,0.0,2.682,2.682,true,true,198.67,0,0,0,0,0,0,0,100,non-standard framing (head turned (~22°); head tilted sideways (~15°)) — scored on your override; expect a rougher read.
gallery_identity,susan-boyle,train,f,white,3.0,images/roster/susan-boyle/5.jpg,2.466666666666667,2.513666666666667,0.04700000000000015,3.7082424974913293,3.91752515503338,0.7082424974913293,0.9175251550333798,-0.20928265754205055,0.005154639175257733,0.005154639175257733,0.0,2.83,2.971,false,true,315.9,0,-30.48,13.49,0,55.41,0,21.81,100,
gallery_identity,tekashi-6ix9ine,validation,m,latino,4.0,images/roster/tekashi-6ix9ine/1.jpg,2.57375,2.57375,0.0,4.167935918339597,4.167935918339597,0.1679359183395972,0.1679359183395972,0.0,0.04166666666666667,0.04166666666666667,0.0,2.994,2.994,true,true,258.21,0,0,0,0,0,0,0,100,
gallery_identity,tifa-lockhart,train,f,other,9.5,images/roster/tifa-lockhart/1.jpg,3.3363333333333336,3.3363333333333336,0.0,6.269593547661404,6.269593547661404,3.2304064523385962,3.2304064523385962,0.0,0.6649484536082475,0.6649484536082475,0.0,3.414,3.414,true,true,240.71,0,0,0,0,0,0,0,100,non-standard framing (head turned (~21°); head tilted sideways (~18°)) — scored on your override; expect a rougher read.
gallery_identity,timothee-chalamet,train,m,white,8.5,images/roster/timothee-chalamet/1.jpg,4.2546,4.2546,0.0,8.318775143854472,8.318775143854472,0.18122485614552808,0.18122485614552808,0.0,0.17708333333333337,0.17708333333333337,0.0,4.135,4.135,true,true,616.64,0,0,0,0,0,0,0,100,
gallery_identity,tom-brady,validation,m,white,8.0,images/roster/tom-brady/2.jpg,3.473,3.473,0.0,6.403128029417076,6.403128029417076,1.5968719705829244,1.5968719705829244,0.0,0.06770833333333326,0.06770833333333326,0.0,3.262,3.262,true,true,220.88,0,0,0,0,0,0,0,100,non-standard framing (head tilted sideways (~15°)) — scored on your override; expect a rougher read.
gallery_identity,tom-cruise,validation,m,white,8.7,images/roster/tom-cruise/1.jpg,2.9115,2.9115,0.0,5.6974226828747305,5.6974226828747305,3.0025773171252688,3.0025773171252688,0.0,0.5572916666666667,0.5572916666666667,0.0,2.873,2.873,true,true,485.63,0,0,0,0,0,0,0,100,
gallery_identity,travis-kelce,validation,m,white,7.0,images/roster/travis-kelce/1.jpg,3.3226,3.3226,0.0,6.257167159977266,6.257167159977266,0.742832840022734,0.742832840022734,0.0,0.02604166666666663,0.02604166666666663,0.0,3.183,3.183,false,true,838.99,0,0,24.56,0,34.43,0,7.03,100,
gallery_identity,whoopi-goldberg,validation,f,black,3.5,images/roster/whoopi-goldberg/5.jpg,2.2226,2.167,-0.055600000000000094,2.816853914192521,2.628647777503736,0.6831460858074792,0.871352222496264,-0.18820613668878483,0.04639175257731959,0.04639175257731959,0.0,1.826,1.548,true,true,281.75,0,-13.79,0,0,0,0,0,100,
gallery_identity,xqc,train,m,white,5.4,images/roster/xqc/1.jpg,3.728,3.728,0.0,6.68522968465369,6.68522968465369,1.2852296846536895,1.2852296846536895,0.0,0.5989583333333334,0.5989583333333334,0.0,3.728,3.728,true,true,182.63,0,0,0,0,0,0,0,100,"small/distant face (~107px of real detail) — score is rougher than a tight, sharp headshot."
gallery_identity,zayn-malik,validation,m,mixed,8.5,images/roster/zayn-malik/1.jpg,4.1246,4.1034,-0.02120000000000033,7.706961915136877,7.621321350462546,0.7930380848631229,0.8786786495374539,-0.08564056467433101,0.16666666666666674,0.16666666666666674,0.0,4.415,4.358,false,true,784.94,9.52,0,4.94,0,0,0,0.63,100,
gallery_identity,angela-deem,train,f,white,2.5,images/roster/angela-deem/1.jpg,3.39475,3.39475,0.0,6.3303174696279285,6.3303174696279285,3.8303174696279285,3.8303174696279285,0.0,0.4020618556701031,0.41237113402061853,-0.010309278350515427,3.229,3.229,true,true,429.75,0,0,0,0,0,0,0,100,
gallery_identity,anna-henrietta,holdout,f,white,7.5,images/roster/anna-henrietta/1.jpg,3.681,3.681,0.0,6.623600643283034,6.623600643283034,0.8763993567169663,0.8763993567169663,0.0,0.20618556701030927,0.2164948453608247,-0.010309278350515427,3.679,3.679,true,true,249.29,0,0,0,0,0,0,0,100,non-standard framing (head turned (~22°)) — scored on your override; expect a rougher read.
gallery_identity,anna-sorokin,holdout,f,white,5.5,images/roster/anna-sorokin/1.jpg,3.794333333333333,3.794333333333333,0.0,6.779109690281819,6.779109690281819,1.2791096902818193,1.2791096902818193,0.0,0.6030927835051546,0.61340206185567,-0.010309278350515427,3.718,3.718,true,true,415.49,0,0,0,0,0,0,0,100,non-standard framing (head turned (~12°)) — scored on your override; expect a rougher read.
gallery_identity,marz,train,f,white,7.8,images/roster/marz/1.jpg,3.672,3.672,0.0,6.613941963794339,6.613941963794339,1.1860580362056607,1.1860580362056607,0.0,0.14948453608247425,0.15979381443298968,-0.010309278350515427,3.9,3.9,true,true,1168.39,0,0,0,0,0,0,0,100,non-standard framing (head turned (~18°); head tilted sideways (~10°)) — scored on your override; expect a rougher read.
gallery_identity,monica-bellucci,train,f,white,9.5,images/roster/monica-bellucci/1.jpg,3.114333333333333,3.114333333333333,0.0,6.037199522219591,6.037199522219591,3.4628004777804087,3.4628004777804087,0.0,0.7886597938144331,0.7989690721649485,-0.010309278350515427,3.768,3.768,true,true,308.76,0,0,0,0,0,0,0,100,
gallery_identity,pom-klementieff,train,f,mixed,7.5,images/roster/pom-klementieff/4.jpg,3.97875,3.982,0.0032500000000004192,7.1666511503346975,7.177228503751267,0.33334884966530254,0.32277149624873314,0.010577353416569402,0.443298969072165,0.4536082474226804,-0.010309278350515427,3.808,3.821,true,true,284.76,5.75,-22.11,0,0,0,0,0,100,non-standard framing (head turned (~23°); head tilted sideways (~12°)) — scored on your override; expect a rougher read.
gallery_identity,priyanka-chopra,holdout,f,south-asian,8.8,images/roster/priyanka-chopra/1.jpg,3.69875,3.69875,0.0,6.64581080321881,6.64581080321881,2.154189196781191,2.154189196781191,0.0,0.09793814432989689,0.10824742268041232,-0.010309278350515427,3.924,3.924,true,true,135.7,0,0,0,0,0,0,0,100,"small/distant face (~82px of real detail) — score is rougher than a tight, sharp headshot."
gallery_identity,scarlett-johansson,train,f,white,9.2,images/roster/scarlett-johansson/1.jpg,3.247,3.247,0.0,6.188832955600446,6.188832955600446,3.011167044399553,3.011167044399553,0.0,0.6443298969072165,0.654639175257732,-0.010309278350515427,3.655,3.655,false,true,753.62,0,0,4.18,0,14.45,0,2.47,100,
gallery_identity,zendaya,train,f,mixed,9.0,images/roster/zendaya/3.jpg,3.2439999999999998,3.2439999999999998,0.0,6.185623277568153,6.185623277568153,2.814376722431847,2.814376722431847,0.0,0.6134020618556701,0.6237113402061856,-0.010309278350515427,3.176,3.176,true,true,335.52,0,0,0,0,0,0,0,100,
gallery_identity,awkwafina,validation,f,east-asian,5.4,images/roster/awkwafina/2.jpg,2.7895000000000003,2.71,-0.07950000000000035,5.2679137767279585,4.834015271324928,0.1320862232720419,0.5659847286750725,-0.43389850540303065,0.11855670103092783,0.12886597938144329,-0.010309278350515455,2.608,2.449,true,true,489.81,0,22.07,0,0,0,0,0,100,non-standard framing (head turned (~12°)) — scored on your override; expect a rougher read.
gallery_identity,jenelle-evans,train,f,white,5.5,images/roster/jenelle-evans/1.jpg,3.149,3.149,0.0,6.084004766945553,6.084004766945553,0.5840047669455526,0.5840047669455526,0.0,0.015463917525773196,0.02577319587628865,-0.010309278350515455,3.298,3.298,true,true,307.06,0,0,0,0,0,0,0,100,
gallery_identity,tonya-harding,holdout,f,white,4.0,images/roster/tonya-harding/3.jpg,2.828,2.8059999999999996,-0.02200000000000024,5.445397366518769,5.349311850663655,1.445397366518769,1.3493118506636552,0.09608551585511371,0.010309278350515469,0.020618556701030938,-0.010309278350515469,2.685,2.619,true,true,260.46,0,-8.99,0,0,0,0,0,100,
gallery_identity,elizabeth-olsen,holdout,f,white,8.0,images/roster/elizabeth-olsen/7.jpg,3.0100000000000002,2.980333333333333,-0.029666666666667396,5.8858366588996915,5.832478734526871,2.1141633411003085,2.1675212654731286,-0.053357924372820165,0.4793814432989691,0.4896907216494846,-0.010309278350515483,2.603,2.514,true,true,273.3,0,-17.15,0,0,0,0,0,100,
gallery_identity,ihascupquake,train,f,latino,6.5,images/roster/ihascupquake/1.jpg,3.0895,3.07475,-0.014750000000000263,6.003847542735972,5.980342776628339,0.4961524572640279,0.5196572233716612,-0.0235047661076333,0.1030927835051546,0.11340206185567009,-0.010309278350515483,3.557,3.498,false,true,305.36,0,-2.26,3.81,0,1.55,5.36,3.48,100,non-standard framing (head turned (~13°)) — scored on your override; expect a rougher read.
gallery_identity,jo-brand,holdout,f,white,3.0,images/roster/jo-brand/2.jpg,3.3752000000000004,3.3752000000000004,0.0,6.309800933062971,6.309800933062971,3.309800933062971,3.309800933062971,0.0,0.34536082474226804,0.3556701030927835,-0.010309278350515483,3.528,3.528,true,true,410.37,0,0,0,0,0,0,0,100,
gallery_identity,lana-condor,validation,f,east-asian,8.0,images/roster/lana-condor/3.jpg,3.2182000000000004,3.2192,0.0009999999999994458,6.158166070981135,6.159225533458843,1.8418339290188648,1.8407744665411574,0.0010594624777073847,0.3556701030927835,0.365979381443299,-0.010309278350515483,3.476,3.481,true,true,260.78,0,-13.3,0,0,0,0,0,100,
gallery_identity,lilypichu,train,f,east-asian,7.0,images/roster/lilypichu/1.jpg,3.5,3.5,0.0,6.425253889591913,6.425253889591913,0.5747461104080873,0.5747461104080873,0.0,0.13917525773195877,0.14948453608247425,-0.010309278350515483,3.062,3.062,true,true,607.15,0,0,0,0,0,0,0,100,non-standard framing (head turned (~13°); head tilted sideways (~13°)) — scored on your override; expect a rougher read.
gallery_identity,maya-higa,train,f,mixed,7.4,images/roster/maya-higa/1.jpg,3.249,3.249,0.0,6.1909747531253645,6.1909747531253645,1.2090252468746359,1.2090252468746359,0.0,0.13917525773195877,0.14948453608247425,-0.010309278350515483,3.325,3.325,true,true,304.58,0,0,0,0,0,0,0,100,non-standard framing (head tilted sideways (~13°)) — scored on your override; expect a rougher read.
gallery_identity,valkyrae,train,f,mixed,8.0,images/roster/valkyrae/2.jpg,3.122,3.122,0.0,6.047857777757449,6.047857777757449,1.9521422222425509,1.9521422222425509,0.0,0.4072164948453608,0.4175257731958763,-0.010309278350515483,2.334,2.334,true,true,258.41,0,0,0,0,0,0,0,100,
gallery_identity,lisa-blackpink,validation,f,east-asian,8.9,images/roster/lisa-blackpink/1.jpg,3.6995,3.6995,0.0,6.646805423394849,6.646805423394849,2.2531945766051518,2.2531945766051518,0.0,0.10824742268041232,0.11855670103092786,-0.010309278350515538,3.655,3.655,true,true,417.28,0,0,0,0,0,0,0,100,non-standard framing (head turned (~24°)) — scored on your override; expect a rougher read.
gallery_identity,rebel-wilson,train,f,white,5.4,images/roster/rebel-wilson/1.jpg,3.97225,3.97225,0.0,7.145777068034185,7.145777068034185,1.7457770680341849,1.7457770680341849,0.0,0.7371134020618556,0.7474226804123711,-0.010309278350515538,3.21,3.21,true,true,617.96,0,0,0,0,0,0,0,100,
gallery_identity,dan-bilzerian,train,m,white,6.0,images/roster/dan-bilzerian/1.jpg,3.87,3.87,0.0,6.916580853634513,6.916580853634513,0.916580853634513,0.916580853634513,0.0,0.6197916666666667,0.6302083333333333,-0.010416666666666519,3.87,3.87,true,true,639.03,0,0,0,0,0,0,0,100,
gallery_identity,justin-bieber,train,m,white,7.5,images/roster/justin-bieber/2.jpg,3.589,3.67575,0.08674999999999988,6.5174744415291785,6.617959945769595,0.9825255584708215,0.882040054230405,0.10048550424041647,0.11979166666666663,0.13020833333333326,-0.01041666666666663,3.332,3.502,false,true,906.53,0,-70.42,36.46,0,90.07,0,13.96,100,non-standard framing (head turned (~13°)) — scored on your override; expect a rougher read.
gallery_identity,robert-pattinson,train,m,white,8.9,images/roster/robert-pattinson/2.jpg,3.626,3.626,0.0,6.562501286195734,6.562501286195734,2.3374987138042664,2.3374987138042664,0.0,0.09375,0.10416666666666663,-0.01041666666666663,3.626,3.626,true,true,225.71,0,0,0,0,0,0,0,100,non-standard framing (head turned (~15°)) — scored on your override; expect a rougher read.
gallery_identity,simu-liu,train,m,east-asian,7.7,images/roster/simu-liu/1.jpg,2.6826666666666665,2.6826666666666665,0.0,4.7054914331461095,4.7054914331461095,2.9945085668538907,2.9945085668538907,0.0,0.546875,0.5572916666666666,-0.01041666666666663,2.7,2.7,true,true,189.87,0,0,0,0,0,0,0,100,"small/distant face (~110px of real detail) — score is rougher than a tight, sharp headshot. · non-standard framing (head turned (~24°)) — scored on your override; expect a rougher read."
gallery_identity,spencer-pratt,train,m,white,5.5,images/roster/spencer-pratt/5.jpg,3.2205,3.25525,0.03475000000000028,6.160603399416516,6.197057957719695,0.6606033994165159,0.6970579577196947,-0.036454558303178786,0.2552083333333333,0.26562499999999994,-0.01041666666666663,3.223,3.338,false,true,316.17,0,-2.24,7.07,0,9.1,16.17,9.97,100,
gallery_identity,jack-black,train,m,white,4.5,images/roster/jack-black/6.jpg,2.4636,2.4516,-0.01200000000000001,3.6962128031398684,3.6468086292567445,0.8037871968601316,0.8531913707432555,-0.0494041738831239,0.109375,0.11979166666666666,-0.010416666666666657,2.991,2.931,true,true,236.13,3.36,0,0,0,0,0,0,100,non-standard framing (head turned (~21°)) — scored on your override; expect a rougher read.
gallery_identity,snoop-dogg,validation,m,black,5.4,images/roster/snoop-dogg/1.jpg,2.8129999999999997,2.8129999999999997,0.0,5.377017226945779,5.377017226945779,0.02298277305422136,0.02298277305422136,0.0,0.005208333333333343,0.015625,-0.010416666666666657,2.842,2.842,true,true,288.44,0,0,0,0,0,0,0,100,non-standard framing (head tilted sideways (~13°)) — scored on your override; expect a rougher read.
gallery_identity,joe-exotic,train,m,white,3.0,images/roster/joe-exotic/1.jpg,2.4635,2.4635,0.0,3.6958103288209645,3.6958103288209645,0.6958103288209645,0.6958103288209645,0.0,0.0,0.010416666666666664,-0.010416666666666664,2.709,2.709,true,true,641.43,0,66.55,0,0,0,0,0,100,non-standard framing (head tilted sideways (~15°)) — scored on your override; expect a rougher read.
gallery_identity,bill-gates,train,m,white,3.4,images/roster/bill-gates/1.jpg,3.0475,3.0475,0.0,5.943019492601752,5.943019492601752,2.543019492601752,2.543019492601752,0.0,0.34375,0.3541666666666667,-0.010416666666666685,2.648,2.648,true,true,596.39,0,0,0,0,0,0,0,100,non-standard framing (head tilted sideways (~10°)) — scored on your override; expect a rougher read.
gallery_identity,jeff-bezos,holdout,m,white,3.0,images/roster/jeff-bezos/4.jpg,2.9545000000000003,2.9545000000000003,0.0,5.78835112412109,5.78835112412109,2.78835112412109,2.78835112412109,0.0,0.3020833333333333,0.3125,-0.010416666666666685,3.293,3.293,true,true,662.32,0,0,0,0,0,0,0,100,
gallery_identity,kai-cenat,train,m,black,6.3,images/roster/kai-cenat/2.jpg,2.648,2.648,0.0,4.529109315203395,4.529109315203395,1.7708906847966048,1.7708906847966048,0.0,0.2708333333333333,0.28125,-0.010416666666666685,2.648,2.648,true,true,175.43,0,0,0,0,0,0,0,100,"small/distant face (~104px of real detail) — score is rougher than a tight, sharp headshot."
gallery_identity,kevin-federline,holdout,m,white,5.5,images/roster/kevin-federline/3.jpg,3.017333333333333,3.025,0.0076666666666667105,5.898239026122945,5.9109899278508875,0.39823902612294493,0.4109899278508875,-0.012750901727942576,0.09895833333333331,0.109375,-0.010416666666666685,3.177,3.2,true,true,270.44,0,-6.52,0,0,0,0,0,100,non-standard framing (head turned (~19°)) — scored on your override; expect a rougher read.
gallery_identity,harry-styles,train,m,white,8.0,images/roster/harry-styles/1.jpg,3.54125,3.54125,0.0,6.463518511308131,6.463518511308131,1.5364814886918694,1.5364814886918694,0.0,0.005208333333333259,0.015625,-0.01041666666666674,3.483,3.483,true,true,591.5,0,0,0,0,0,0,0,100,
gallery_identity,ryan-gosling,train,m,white,8.5,images/roster/ryan-gosling/4.jpg,3.5134,3.4928,-0.02059999999999995,6.436320933126121,6.4193312560140665,2.0636790668738794,2.0806687439859335,-0.016989677112054125,0.11458333333333326,0.125,-0.01041666666666674,3.085,3.001,true,true,265.82,0,-7.53,0,0,0,0,0,100,
gallery_identity,blaire-white,train,f,white,7.0,images/roster/blaire-white/2.jpg,2.872,2.8433333333333337,-0.028666666666666174,5.590719838442533,5.504253678768263,1.4092801615574668,1.4957463212317368,-0.08646615967426996,0.2422680412371134,0.26288659793814434,-0.020618556701030938,3.283,3.197,true,true,286.22,2.3,-13.86,0,0,0,0,0,100,
gallery_identity,natalie-portman,validation,f,middle-eastern,8.0,images/roster/natalie-portman/2.jpg,3.988666666666667,4.030333333333334,0.04166666666666696,7.199230648123891,7.365624814424557,0.8007693518761094,0.6343751855754434,0.16639416630066606,0.31443298969072164,0.3350515463917526,-0.020618556701030966,3.74,3.865,true,true,250.42,0,-12.94,0,0,0,0,0,100,
gallery_identity,ksi,train,m,black,6.8,images/roster/ksi/1.jpg,2.7880000000000003,2.7880000000000003,0.0,5.259014447563942,5.259014447563942,1.5409855524360578,1.5409855524360578,0.0,0.27083333333333337,0.29166666666666663,-0.02083333333333326,2.978,2.978,true,true,182.85,0,0,0,0,0,0,0,100,"small/distant face (~108px of real detail) — score is rougher than a tight, sharp headshot."
gallery_identity,ninja,validation,m,white,6.6,images/roster/ninja/2.jpg,2.689,2.689,0.0,4.7343339047044335,4.7343339047044335,1.8656660952955662,1.8656660952955662,0.0,0.28645833333333337,0.3072916666666667,-0.020833333333333315,2.689,2.689,true,true,209.54,0,0,0,0,0,0,0,100,
gallery_identity,barack-obama,train,m,mixed,7.1,images/roster/barack-obama/2.jpg,3.096,3.087666666666667,-0.008333333333333304,6.012548899520797,6.001300009339711,1.0874511004792025,1.0986999906602888,-0.011248890181086324,0.15624999999999994,0.17708333333333331,-0.02083333333333337,2.81,2.785,false,true,690.22,3.39,0,15.22,0,0,0,2.21,100,non-standard framing (head tilted sideways (~12°)) — scored on your override; expect a rougher read.
gallery_identity,dev-patel,train,m,south-asian,8.0,images/roster/dev-patel/7.jpg,3.4838,3.471,-0.012799999999999923,6.411951014189647,6.40149808274405,1.588048985810353,1.59850191725595,-0.010452931445597002,0.05729166666666663,0.078125,-0.02083333333333337,3.682,3.618,true,true,276.58,0,-13.77,0,0,0,0,0,100,
gallery_identity,idris-elba,train,m,black,9.0,images/roster/idris-elba/5.jpg,2.6793333333333336,2.6523333333333334,-0.027000000000000135,4.690175429729033,4.548358612406349,4.309824570270967,4.451641387593651,-0.1418168173226837,0.7760416666666666,0.796875,-0.02083333333333337,2.421,2.34,false,true,307.56,0,-20.54,6.23,0,1.33,7.56,4.85,100,
gallery_identity,neymar,holdout,m,latino,7.6,images/roster/neymar/2.jpg,2.777,2.777,0.0,5.205400248052906,5.205400248052906,2.3945997519470934,2.3945997519470934,0.0,0.46875,0.48958333333333337,-0.02083333333333337,2.777,2.777,true,true,255.14,0,0,0,0,0,0,0,100,non-standard framing (head turned (~13°)) — scored on your override; expect a rougher read.
gallery_identity,usain-bolt,train,m,black,7.7,images/roster/usain-bolt/2.jpg,2.7625,2.7625,0.0,5.131203544135756,5.131203544135756,2.568796455864244,2.568796455864244,0.0,0.49479166666666663,0.515625,-0.02083333333333337,2.965,2.965,true,true,199.91,0,0,0,0,0,0,0,100,non-standard framing (head turned (~16°); head tilted sideways (~13°)) — scored on your override; expect a rougher read.
gallery_identity,bella-thorne,train,f,latino,7.5,images/roster/bella-thorne/8.jpg,3.6915,3.7032499999999997,0.011749999999999705,6.63622576638596,6.651787235341251,0.8637742336140404,0.848212764658749,0.015561468955291424,0.22680412371134023,0.2577319587628866,-0.030927835051546393,4.285,4.332,true,true,632.92,11.96,0,0,0,0,0,0,100,
gallery_identity,jon-gosselin,train,m,mixed,4.5,images/roster/jon-gosselin/5.jpg,2.6395,2.58975,-0.04974999999999996,4.482010079551955,4.23754424063786,0.017989920448044927,0.2624557593621404,-0.24446583891409546,0.046874999999999986,0.07812499999999999,-0.03125,2.776,2.63,false,true,821.04,0,-81.01,74.23,0,71.81,0,17.79,100,
gallery_identity,mark-zuckerberg,train,m,white,3.5,images/roster/mark-zuckerberg/7.jpg,3.3985999999999996,3.4768,0.07820000000000027,6.334348084040445,6.406228306562998,2.834348084040445,2.9062283065629977,-0.07188022252255255,0.5885416666666666,0.6197916666666666,-0.03125,3.199,3.59,false,true,820.9,0,-69.13,62.66,0,83.24,0,17.77,100,
gallery_identity,pedro-pascal,train,m,latino,7.5,images/roster/pedro-pascal/5.jpg,3.3434999999999997,3.33275,-0.010749999999999815,6.276312147338954,6.26634541474589,1.2236878526610457,1.2336545852541096,-0.00996673259306391,0.03645833333333337,0.06770833333333337,-0.03125,3.017,2.974,true,true,769.29,-16.35,0,0,0,0,0,0,100,
gallery_identity,frivolousfox,holdout,f,white,7.2,images/roster/frivolousfox/1.jpg,3.765,3.792,0.02699999999999969,6.737442989750899,6.775753993101475,0.46255701024910145,0.42424600689852543,0.03831100335057602,0.3762886597938145,0.4175257731958763,-0.04123711340206182,3.902,4.023,true,true,228.77,0,44.51,0,0,0,0,0,98.76,non-standard framing (head tilted sideways (~15°)) — scored on your override; expect a rougher read.
gallery_identity,mama-june,validation,f,white,3.5,images/roster/mama-june/5.jpg,3.1946,3.2594000000000003,0.06480000000000041,6.1332702408382795,6.200723755961897,2.6332702408382795,2.7007237559618966,-0.06745351512361708,0.21134020618556698,0.25257731958762886,-0.041237113402061876,3.118,3.442,true,true,432.12,94.52,0,0,0,0,0,0,96.09,
gallery_identity,pete-davidson,train,m,white,5.0,images/roster/pete-davidson/4.jpg,3.3272500000000003,3.35175,0.024499999999999744,6.261367913488844,6.284984244625116,1.2613679134888436,1.2849842446251163,-0.023616331136272706,0.39583333333333337,0.4375,-0.04166666666666663,3.712,3.81,true,true,281.37,-4.06,-9.61,0,0,0,0,0,100,non-standard framing (head tilted sideways (~11°)) — scored on your override; expect a rougher read.
gallery_identity,conor-mcgregor,train,m,white,7.0,images/roster/conor-mcgregor/5.jpg,3.335,3.3635,0.028500000000000192,6.268384457008805,6.2973877267613645,0.7316155429911948,0.7026122732386355,0.02900326975255929,0.05208333333333326,0.09375,-0.04166666666666674,3.478,3.601,true,true,641.63,13.43,0,0,0,0,0,0,100,non-standard framing (head tilted sideways (~10°)) — scored on your override; expect a rougher read.
